course_id,course_title,description,prerequisites,course_offering,credits
ACC 201,**Principles of Financial Accounting**,"This is an introduction to the organization, presentation and use of financial accounting information. Students will
understand the elements of the accounting system - assets, liabilities, equity, revenues, expenses and dividends.
Emphasis is on acquiring familiarity with the double-entry system and gaining an understanding of the purposes and
uses of the information found within the income statement, balance sheet, statement of stockholder’s equity and the
statement of cash flows.
Core Curriculum/Core Requirements:
Prerequisites: Sophomore Standing or Accounting or Small Business Manangement Majors
Course Typically Offered: Fall & Spring
Credits: 3",Sophomore Standing or Accounting or Small Business Manangement Majors,Fall & Spring,3
ACC 202,**Principles of Managerial Accounting**,"This course is an introduction to the use and preparation of accounting information for management decision-making
and analysis. It includes techniques that can be used by all businesses in evaluating, planning and controlling
operations. The course focuses on how manufacturing costs are accounted for and used to make business decisions, the
nature of cost-volume-profit relationships and the contribution margin approach to decision making, preparation and
use of budgets and financial statements for a manufacturing company. It includes an introduction to job order and
standard costing systems.
Core Curriculum/Core Requirements:
Prerequisites: ACC 201 with a C- or higher.
Course Typically Offered: Fall & Spring
Credits: 3",ACC 201 with a C- or higher.,Fall & Spring,3
ACC 301,**Intermediate Accounting I**,"An examination of the conceptual framework underlying financial accounting, as well as an in-depth look at accounting
for assets and the statement of cash flows. While heavily mechanical, attention will be devoted to the economic
environment in which financial accountants work, as well as the incentives and consequences associated with specific
accounting choices.
Core Curriculum/Core Requirements:
Prerequisites: A grade of C- or better in ACC 202, sophomore standing.
Course Typically Offered: Fall & Spring
Credits: 3","A grade of C- or better in ACC 202, sophomore standing.",Fall & Spring,3
ACC 302,**Intermediate Accounting II**,"A continuation of ACC 301, this course focuses on the recognition, measurement, and presentation of accounting
information related to (among others) investment, general liabilities and contingencies, income taxes, lease obligations,
pension liabilities, and equity. It further focuses on the preparation, calculation and interpretation of financial measures
including earnings per share.
Core Curriculum/Core Requirements: Writing Intensive
Prerequisites: A grade of C- or better in ACC 301; sophomore standing.
Course Typically Offered: Spring & Fall
Credits: 3",A grade of C- or better in ACC 301; sophomore standing.,Spring & Fall,3
ACC 305,**Cost Accounting**,"The course includes concepts of cost and overhead allocation, cost systems (activity-based, job order, process, and
standard), budgeting, cost behavior and CVP analysis including an introduction to regression using Excel.
Core Curriculum/Core Requirements:
Prerequisites: Junior Standing and a grade of C- or better in ACC 202.
Course Typically Offered: Fall
Credits: 3",Junior Standing and a grade of C- or better in ACC 202.,Fall,3
ACC 312,**Federal Income Taxation**,"A study of federal income tax laws as they affect individuals and businesses. The course takes a conceptual approach to
understanding income tax principles such as gross income, exclusions, deductions, credits, capital gains and losses,
property transactions, and other investment and business issues. The course provides a detailed coverage of individual
income tax, along with an introductory coverage of other entities including corporations, partnerships and S
corporations.
Core Curriculum/Core Requirements:
Prerequisites: A grade of C- or better in ACC 202, junior standing.
Course Typically Offered: Fall
Credits: 3","A grade of C- or better in ACC 202, junior standing.",Fall,3
ACC 315,**Accounting Information System**,"This course is an introduction to accounting information systems, internal controls, business processes, and data
analytics. The course helps students understand the role of accounting in collecting, storing, and communication
information for management planning and control. It also provides students with hands-on experience in using some
data analytical tools to manage and analyze data. If this course was taken under as a topics course in ACC 490, it cannot
be repeated for credit.
Prerequisites: Sophomore standing and a grade of C- or better in ACC 202
Course Typically Offered: Spring
Credits: 3",Sophomore standing and a grade of C- or better in ACC 202,Spring,3
ACC 396,**Field Experience/Internship in Accounting**,"Students may earn from one to six credit hours for a pre-planned, supervised field experience in business relevant to the
student’s educational development and career goals. Credit will not be awarded for work experience acquired prior to
registration for this course. (Pass/Fail Grade Only.)
Course can be repeated 9 completions for a total of 54 of credits
Core Curriculum/Core Requirements:
Prerequisites: Business Majors with 2.50 GPA or better; Junior Standing
Course Typically Offered: Fall, Spring, Summer
Credits: 1-6",Business Majors with 2.50 GPA or better; Junior Standing,"Fall, Spring, Summer",1-6
ACC 406,**Advanced Managerial Accounting**,"This course is a continuation of ACC 305, focusing on contemporary management accounting tools such as Strategic and
Activity Based Management, Lean Accounting, the Balanced Scorecard, Productivity Measurement and Control, Quality
and Environmental Costing, JIT Inventory Management and the Theory of Constraints.
Core Curriculum/Core Requirements:
Prerequisites: A grade of C- or better in ACC 305; junior standing. Graduate business students can take the course
with permission of the instructor.
Course Typically Offered: Spring
Credits: 3",A grade of C- or better in ACC 305; junior standing. Graduate business students can take the course,Spring,3
ACC 409,**Accounting for Governmental and Not-For-Profit Entities**,"Financial accounting for not-for-profit and governmental entities and hospitals, voluntary health and welfare
organizations. Includes fund accounting. GASB statements.
Core Curriculum/Core Requirements:
Prerequisites: A grade of C- or better in ACC 201; junior standing.
Course Typically Offered: Spring
Credits: 3",A grade of C- or better in ACC 201; junior standing.,Spring,3
ASL 101,**Elementary American Sign Language I**,"Introduction to American Sign Language syntax, morphology, phonology, history and culture. Focus on dialogue.
Core Curriculum/Core Requirements:
Course Typically Offered: Fall, Spring, Summer
Credits: 4",None,"Fall, Spring, Summer",4
AVS 104,**Fundamentals of Animal-Assisted Therapy**,"Introduction to animal-assisted therapy, including history and evidence-based research. The course will cover physical
(i.e. fine and gross motor skills, balance and other mobility issues) and psychological benefits from animal-assisted
activities, education (i.e. Reading with Rover) and intervention. Guidance on using animal-assisted therapy with
children, families and the elderly, in counseling and psychotherapy settings and for treating a variety of specific
disorders will be provided. Students will learn how to design and implement animal-assisted interventions and about the
efficacy of animal-assisted therapy with different disorders and patient populations. The importance of species selection
for therapeutic modalities, animal care and zoonotic concerns are addressed.
Course Typically Offered: Spring
Credits: 3",None,Spring,3
AVS 107,**Dog Sports & Service Dog Training**,"This is an introduction to dog sports and how these training techniques relate to owner-trained service dogs. A service
dog is one specially trained to perform a task or work that aids a person with a physical or emotional disability, allowing
them more freedom to live independently. The course will cover basic psychological principles of operant conditioning
used with animal training. There will be hands-on opportunities for basic dog training that require the application of
operant learning techniques. Dogs will be provided; other dogs will need to be pre-approved.
Course Typically Offered: Variable
Credits: 3",None,Variable,3
AVS 145,**Introduction to Animal Science**,"Participants will be introduced to the scientific fundamentals of animal sciences, including animal nutrition, genetics
and breeding, reproduction, microbiology, health, management of major domesticated animal species, and current
topics, including food safety, animal welfare, and sustainable agriculture.
Core Curriculum/Core Requirements:
Prerequisites: Animal Science, Zoology, or Sustainable Agriculture major or permission
Course Typically Offered: Fall
Credits: 3","Animal Science, Zoology, or Sustainable Agriculture major or permission",Fall,3
AVS 196,**Introduction to Equine Cooperative**,"Introductory field experience in the handling and care of the University of Maine equine herd.
Course Note: May be repeated for credit for 8 completions with a total of 8 credits.
Core Curriculum/Core Requirements:
Course Typically Offered: Fall, Spring, Summer
Credits: 0-1",None,"Fall, Spring, Summer",0-1
AVS 203,**Equine Management**,"An introductory course designed to familiarize students with the equine industry and with the principles of equine
anatomy, nutrition, disease management and routine care. Lec 3.
Core Curriculum/Core Requirements:
Prerequisites: BIO 100 and sophomore standing.
Course Typically Offered: Spring
Credits: 3",BIO 100 and sophomore standing.,Spring,3
AVS 249,**Laboratory and Companion Animal Science**,"An introduction to laboratory and companion animal science. Species covered include dogs, cats, birds, reptiles,
amphibians, rodents, ferrets, rabbits, and horses. Topics include characteristics of each species, welfare, uses, anatomy,
physiology, behavior, breeding, genetics, nutrition, health, handling, care and career opportunities.
Core Curriculum/Core Requirements:
Prerequisites: Grade of C- or higher in AVS 145 and Sophomore standing
Course Typically Offered: Spring
Credits: 3",Grade of C- or higher in AVS 145 and Sophomore standing,Spring,3
AVS 254,**Introduction to Animal Microbiomes**,"This course introduces students to host-associated microbiomes; the genomic collection of bacteria, archaea, fungi,
protozoa, and viruses present in a host ecosystem. In each lecture, we will focus on an anatomical location, and discuss
the host and environmental pressures which select for the resident microbial community. The material is primarily in
animals (mammals, birds, fish, amphibians) but includes some human-specific comparisons. This course will introduce
ecological theories (e.g. environmental selection, neutral theory) in the context of microbial communities, the history of
host-associated microbiology, and how technology has contributed to or limited our understanding of organisms and
their critical role in our health and development. The skill-set objectives includes group discussions, reading scientific
literature, and scientific writing in a variety of styles and both technical and non-technical formats.
Core Curriculum/Core Requirements: Population and Environment
Prerequisites: BIO 200 or BIO 208 or BMB 155 or BMB 280 or SMS 201; or instructor’s permission
Course Typically Offered: Fall
Credits: 3",BIO 200 or BIO 208 or BMB 155 or BMB 280 or SMS 201; or instructor’s permission,Fall,3
AVS 346,**Dairy Cattle Technology**,"Fundamentals of applied dairy cattle management. Areas covered include industry trends, lactation, genetics,
reproduction, nutrition, health, housing and financial principles and practices involved in operating and managing a
modern dairy herd.
Core Curriculum/Core Requirements:
Prerequisites: Grade of C- or higher in AVS 145.
Course Typically Offered: Fall
Credits: 3",Grade of C- or higher in AVS 145.,Fall,3
AVS 347,**Dairy Cattle Technology Laboratory**,"Student will gain “hands-on” livestock experience through the management of the dairy herd at University of Maine
Witter Farm. Responsibilities will include the feeding, milking, reproduction, health, finances and marketing of the
cattle and milk products produced. Under the guidance of faculty, staff and student advisors, students evaluate herd
performance, identify problems, form strategies and implement management decisions that affect the operation of the
dairy. The first of a two-course sequence (with AVS 371, University Dairy Cooperative) involving dairy work experience
at the Witter Farm. Lab 4.
Core Curriculum/Core Requirements:
Prerequisites: AVS 346 or concurrently.
Course Typically Offered: Fall, Spring, Summer
Credits: 2",AVS 346 or concurrently.,"Fall, Spring, Summer",2
AVS 368,**Independent Study in the Animal Sciences**,"An in-depth study into a specific area to be approved by the staff advisor at time of registration. (1) breeding, (2) disease,
(3) management, (4) nutrition, (5) physiology. Not more than five credit hours will be permitted toward graduation.
Course may be repeated for credit.
Core Curriculum/Core Requirements:
Prerequisites: AVS 145 and permission.
Course Typically Offered: Fall, Spring, Summer
Credits: Ar",AVS 145 and permission.,"Fall, Spring, Summer",N/A
AVS 371,**University Dairy Cooperative**,"Students are responsible for the management of the University dairy herd, including: feeding, milking, reproduction,
maintenance and marketing. Students, along with faculty advisors and the herdsperson, make management decisions
that affect the day to day operation of the University dairy.
Core Curriculum/Core Requirements:
Prerequisites: AVS 346 and AVS 347.
Course Typically Offered: Fall & Spring
Credits: 4",AVS 346 and AVS 347.,Fall & Spring,4
AVS 396,**Field Experience in Animal and Veterinary Science**,"An approved program of work experience which contributes to the academic major for which academic credit is given.
Students may work part time or full time for a semester in a job related to their professional career goals.
(Pass/Fail Grade Only.)
Course note: Maybe be repeated for credits for a total of 9 completions and 144 credits.
Core Curriculum/Core Requirements:
Prerequisites: permission.
Course Typically Offered: Fall, Spring, Summer
Credits: 1 - 16",permission.,"Fall, Spring, Summer",1
AVS 397,**Equine Internship**,"Field experience in the equine industry, or with an equine veterinarian.
Course note: May be repeated for credit for 36 completions and a total of 36 credits.
Core Curriculum/Core Requirements:
Prerequisites: AVS 303 or permission.
Course Typically Offered: Fall, Spring, Summer
Credits: 1-4",AVS 303 or permission.,"Fall, Spring, Summer",1-4
AVS 402,**Capstone in Animal Science II**,"Students participate in hands-on learning experiences based on their academic interest, career goals, faculty mentor,
and available resources. Students may opt to conduct hands-on research experiences stemming from either the proposal
written in AVS 401 Capstone in Animal Science I, conduct a different research project, develop a business plan, or
conduct a non-research project based on their interest in AVS (could be an internship experience). In this course,
students present a poster presentation to the instructor and other students at an AVS symposium.",None,Unknown,N/A
AVS 405,**Livestock and Companion Animal Behavior**,"Provides both theoretical and practical knowledge of livestock and companion animal behavior. Enables students to
understand why simple improvements in management practices can bring about tremendous changes in production and
performance of the animals as well as improve the ease of handling for their human caregivers. A background in the
human-animal bond and the impact of humans on livestock and companion animals will be provided. Designed for
animal and veterinary scientists, graduate students interested in the human-animal bond and animal-assisted therapy,
and those who wish to understand more about the behavior of their companion animals.
Core Curriculum/Core Requirements:
Prerequisites: Grade of C- or higher in AVS 145 and Junior standing
Course Typically Offered: Fall, Even Years
Credits: 3",Grade of C- or higher in AVS 145 and Junior standing,"Fall, Even Years",3
AVS 411,**Advanced Aquaculture**,"Advanced aquaculture will build upon the foundations of the Introduction to Aquaculture course (AVS/SMS 211).
Students will be exposed to more advanced concepts including aquaculture engineering and system design; broodstock
management; live feeds and algae production; economics and marketing; as well as biosecurity. Application of principles
and concepts presented in this class will be emphasized. At the conclusion of this course students should have a firm
grasp of critical concepts in aquaculture and be better prepared for careers in private, state, and federal organizations as
well as academia.",None,Unknown,N/A
AVS 437,**Animal Diseases**,"Introduction to the study of disease in animals, including the causes, pathology and control of diseases of domestic
animals. Lec 3.
Core Curriculum/Core Requirements:
Prerequisites: BIO 377 or permission.
Course Typically Offered: Spring
Credits: 3",BIO 377 or permission.,Spring,3
AVS 446,**Forage Science and Range Management**,"Participants will be introduced to the biological fundamentals needed for understanding and managing forage and
grassland resources used to feed livestock and wildlife.",None,Unknown,N/A
AVS 455,**Animal Nutrition**,"An increased efficiency of nutrient use is not only imperative for achieving profitability in the currently globalized
livestock markets, but also for the sustainable use of natural resources and climate change mitigation. Considering that
around 70% of the costs of raising animals is due to feeding and that global demand for animal products is increasing,
understanding the basic foundations of animal nutrition is essential for professionals that work with livestock, poultry,
companion animals, and wildlife. This course will cover the biochemistry of nutrient use, gastrointestinal physiology and
metabolism, feedstuff nutritional analysis, mathematical modeling of nutrient requirements, and the life-cycle of feeding
animals. AVS 455 and AVS 555 cannot both be taken for credit.
Core Curriculum/Core Requirements:
Prerequisites: Junior Standing; BMB 208 and BMB 210 or CHY 122 and CHY 124, and BIO 200 or BIO 208 or SMS
201
Course Typically Offered: Fall
Credits: 3","Junior Standing; BMB 208 and BMB 210 or CHY 122 and CHY 124, and BIO 200 or BIO 208 or SMS",Fall,3
AVS 466,**Livestock Feeds and Feeding**,"The practical application of nutrition to the production of livestock. Topics discussed include feed types and sources,
feed composition and quality, nutritional requirements of various livestock and the formulation and evaluation of
rations to meet nutritional needs and optimize animal performance.
Core Curriculum/Core Requirements:
Prerequisites: AVS 455
Course Typically Offered: Spring
Credits: 2",AVS 455,Spring,2
AVS 480,**Physiology of Reproduction**,"Comparative development and functions of the reproductive process in domestic animals. Lec 3.
Core Curriculum/Core Requirements:
Prerequisites: Junior standing and Pre- or Co-requisite of BIO 377
Course Typically Offered: Fall
Credits: 3
Anthropology",Junior standing and Pre- or Co-requisite of BIO 377,Fall,3
ANT 101,**Introduction to Anthropology: Human Origins and Prehistory**,"A survey course focusing on the evolution of humankind, the development of culture, and the beginnings of civilization.
Required for Anthropology majors.
Core Curriculum/Core Requirements: Social Contexts and Institutions and Cultural Diversity and International
Perspectives
Course Typically Offered: Fall
Credits: 3",None,Fall,3
ANT 120,**Religions of the World**,"A survey of the distinctive features of the major world religions and the most studied Native American, African and
aboriginal Australian religions. Focuses on the fit between myth and ritual, the problems involved in trying to
understand both “from the believer’s point of view,” and what generalizations can be made about religion in general.
Core Curriculum/Core Requirements: Social Contexts and Institutions and Cultural Diversity and International
Perspectives
Course Typically Offered: Fall, Spring, Summer
Credits: 3",None,"Fall, Spring, Summer",3
ANT 207,**Contemporary Archaeology**,"An overview of the human record as determined by archaeology using examples drawn from the global experience.
Core Curriculum/Core Requirements: Cultural Diversity and International Perspectives
Course Typically Offered: Spring
Credits: 3",None,Spring,3
ANT 210,**Biological Anthropology**,"Introduces current topics in human biology and evolution including human origins and the fossil record, human genetics
and population variability, and human and non-human primate behavior.
Core Curriculum/Core Requirements: Applications of Scientific Knowledge
Course Typically Offered: Variable
Credits: 3",None,Variable,3
ANT 213,**Environmental Anthropology**,"The field of environmental anthropology explores human-environment relations around the globe and from prehistory
to the present. It also strives to understand environmental issues and knowledge, not only from a Western scientific
point of view, but also from the perspectives of people from other cultural backgrounds. In this class, students will
survey the field of environmental anthropology and apply its method and theory to a problem where they live.
Core Curriculum/Core Requirements: Population and the Environment
Prerequisites: ANT 102 or SOC 101, or permission of instructor.
Course Typically Offered: Spring
Credits: 3","ANT 102 or SOC 101, or permission of instructor.",Spring,3
ANT 221,**Introduction to Folklore**,"A survey of the different genres of folklore, its forms, uses, functions and modes of transmission. Emphasis on belief,
custom and legend.
Core Curriculum/Core Requirements: Western Cultural Tradition and the Cultural Diversity and International
Perspectives
Course Typically Offered: Fall
Credits: 3",None,Fall,3
ANT 235,**Cultural Perceptions of Nature**,"Examines the concept of nature in a variety of cultural contexts. Emphasis is on the development of contemporary views
and their impacts on environmental management.
Core Curriculum/Core Requirements: Population and the Environment
Course Typically Offered: Alternate years
Credits: 3",None,Alternate years,3
ANT 240,**Hollywood Archaeology**,"Archaeology is the systematic study of the past, particularly (but not exclusively) for times and places when and where
writing did not exist. Many people find the ancient past romantic and exciting. Consequently, many movies purport to be
about, or to involve, archaeology and archaeologists and/or the prehistoric past. Very often, movies propagate
perspectives on the past and on the practice of archaeology that diverge widely from what archaeologists do and have
learned. Often, movies portray archaeologists acting unethically. In this class, we will discuss the use and abuse of
archaeology in Hollywood movies, how to recognize inappropriate and unethical archaeological behavior, what sort
of stereotypes about archaeology and archaeologists these movies transmit, and how film might be a medium for a better
presentation of archaeology and prehistory. If this course was taken as a topics course in ANT 290, it cannot be repeated
for credit.
Core Curriculum/Core Requirements:
Course Typically Offered: Spring
Credits: 3",None,Spring,3
ANT 247,**Animals across Cultures**,"How do diverse cultures conceptualize and treat non-human animals? How are animals understood and acted upon?
Our readings are drawn from anthropology, anthrozoology, the biological sciences, neuroscience, comparative
psychology, sociology, history, and science journalism. Cross-cultural and transhistorical comparisons invite us to re-
conceptualize how we relate to animals under conditions of human exceptionalism, while providing a deeper sense of
agency and urgency in how we reimagine stewardship of our shared and imperiled planet.
Core Curriculum/Core Requirements: Ethics and Cultural Diversity or International Perspectives
Course Typically Offered: Spring
Credits: 3",None,Spring,3
ANT 249,**Religion and Violence**,"Explores the anthropology of contemporary political violence. The ethnographic study of terrorism, guerilla warfare,
state terror and human rights will be complemented by examination of the ethical and methodological concerns that
arise in this special area of investigation.
Core Curriculum/Core Requirements: Ethics’ , ‘Social Contexts and Institutions and Cultural Diversity and
International Perspectives
Course Typically Offered: Variable
Credits: 3",None,Variable,3
ANT 252,**Civilization in South Asia**,"An exploration into the nature of civilization in South Asia, focusing on India. The central religious tradition of
Hinduism and the caste order are investigated, with complementary perspectives provided by non-Hindu traditions. The
impact of colonialism and development of national identities are also considered. Anthropological views are
distinguished from and supplemented by other disciplinary perspectives.
Core Curriculum/Core Requirements: Cultural Diversity and International Perspectives and Social Contexts and
Institutions
Credits: 3",None,Unknown,3
ANT 256,**Ethnic Conflict**,"An exploration of ethnic conflict and revival today including a survey of anthropological theories of ethnicity, focusing on
ethnic revival in the modern world. European and other ethnic groups of the industrialized West provide the major cases
to be considered.
Core Curriculum/Core Requirements: Social Contexts and Institutions and Cultural Diversity and International
Perspectives
Course Typically Offered: Variable
Credits: 3",None,Variable,3
ANT 261,**Islamic Fundamentalism**,"A survey of the distinctive ideological and social features of Islamic fundamentalist movements.
Core Curriculum/Core Requirements: Social Contexts and Institutions and Cultural Diversity and International
Perspectives
Course Typically Offered: Spring, Summer
Credits: 3",None,"Spring, Summer",3
ANT 270,**Environmental Justice Movements in the United States**,"Examines how poor and racialized communities have responded to the incidence, causes, and effects of environmental
racism and injustice. Special attention will be given to how critiques offered by these communities challenge the
knowledge and procedural forms of justice embedded in environmental policy and democracy in the United States. Case
studies will be drawn from readings on African-American, European-Americans, Chicano and Latino Americans, and
Native Americans.
Core Curriculum/Core Requirements: Social Contexts and Institutions and Cultural Diversity and International
Perspectives
Course Typically Offered: Variable
Credits: 3",None,Variable,3
ANT 285,**Introduction to Historic Preservation**,"This course introduces students to the theory, history, legal framework, and cultural contexts of historic preservation. It
focuses primarily on historic preservation in the United States with reference to historic preservation topics worldwide.
From UMaine’s Lord Hall to Stonehenge, students will explore historic places through an anthropological lens in order
to understand why and how humans preserve heritage-based places. The course is designed to give students a basic
knowledge of U.S. historic preservation laws, policies, and practices. It also encourages students to think critically about
social behavior surrounding place-based heritage.
Core Curriculum/Core Requirements:
Course Typically Offered: Fall
Credits: 3",None,Fall,3
ANT 295,**American Indians and Climate Change**,"Introduces students to the Indian cultures of the United States and U.S. territories in the South Pacific, paying particular
attention to the issue of climate change and how it is impacting indigenous peoples in these regions; also examines
climate effects on natural resource conditions as it relates to Indian cultures and the roles indigenous groups play in
policy responses to climate change.
Core Curriculum/Core Requirements:
Course Typically Offered: Variable
Credits: 3",None,Variable,3
ANT 311,**Geography of Climate Change**,"Introduces students to theories of environmental sustainability transitions and resource use in the context of climate
change.
Core Curriculum/Core Requirements:
Prerequisites: Any ANT or GEO course or permission.
Course Typically Offered: Spring
Credits: 3",Any ANT or GEO course or permission.,Spring,3
ANT 317,**Fundamentals of Archaeology**,"Techniques of excavation and analysis; theoretical basis of methods and fundamental principles; application to specific
case studies; the use of geological, biological, chemical and other tools in archaeological research. A one-day compulsory
weekend field trip to local archaeological sites.
Prerequisites: ANT 101 or ANT 170 or ANT 207 or permission. Required for Anthropology majors.
Course Typically Offered: Spring
Credits: 3",ANT 101 or ANT 170 or ANT 207 or permission. Required for Anthropology majors.,Spring,3
ANT 350,**Mediterranean Ancient Landscapes Modern World**,"Humans are active agents in the physical world and play a pivotal role in its transformation. Consequently,
contemporary societies inherit landscapes that are the product of an integrated, long-term relationship between humans
and their environment through time. This is of particular interest in the Mediterranean world not only because cultural
complexity, urbanization, and the origins of nation-states and empires unfolded over the course of millennia, but also
because of the rich historical, archaeological, and paleoenvironmental records that help to characterize this process.
This course introduces the ways in which archaeology and other historical sciences can inform on contemporary issues of
resource management, conservation and cultural heritage in the Mediterranean in the context of the global change.
Core Curriculum/Core Requirements:
Prerequisites: One ANT course or one GEO course or Permission
Course Typically Offered: Alternate Years
Credits: 3",One ANT course or one GEO course or Permission,Alternate Years,3
ANT 372,**North American Prehistory**,"The history of North American native peoples from the first evidence to the arrival of the Europeans. Emphasis on major
culture areas and issues such as glacial and postglacial adaptation, development of agriculture, and the emergence of
sedentism.
Core Curriculum/Core Requirements:
Prerequisites: ANT 101 or ANT 207 or ANT 317 or Permission
Course Typically Offered: Alternate Years
Credits: 3",ANT 101 or ANT 207 or ANT 317 or Permission,Alternate Years,3
ANT 390,**Topics: Travel Study in Anthropology/Geography**,"Experiential learning in Anthropology/Geography through travel study. Topics and geographical regions of study will
vary from statewide, to national, to international interests.
Prerequisites: Instructor Permission
Course Typically Offered: Summer
Credits: 1-6",Instructor Permission,Summer,1-6
ANT 410,**Human Dimensions of Climate Change**,"Surveys advanced topics on the human dimensions of climate change, including anthropogenic drivers and
consequences of climate change, mitigation, and adaptation strategies.
Core Curriculum/Core Requirements: Capstone
Prerequisites: ANT 102 and ANT 225 or permission.
Course Typically Offered: Spring
Credits: 3",ANT 102 and ANT 225 or permission.,Spring,3
ANT 411,"**Culture, Illness and Healing**","While all human beings endure forms of illness and suffering throughout life, how individuals understand and approach
this experience varies widely across cultures, religions, national contexts, and medical paradigms. Through case-studies
based in the U.S. and globally, this combined upper-level/grad seminar grapples with concepts of physical, mental and
spiritual illness and suffering and investigates the diverse methods, religious cosmologies, and medical paradigms
various communities invoke to assuage distress.
Course Typically Offered: Fall and Spring
Credits: 3",None,Fall and Spring,3
ANT 426,**Native American Folklore**,"An overview of folklore and folklife covering various genres of traditional expressive culture.
Course Typically Offered: Fall
Credits: 3",None,Fall,3
ANT 430,**Who Owns Native Cultures?**,"The answer to the simple question of who owns Native American / American Indian / indigenous cultures and cultural
productions is surprisingly complex and engages the history of anthropology and the nature of anthropological
knowledge itself. Course examines the evolving relationships between anthropologists, historians, and other researchers
with indigenous peoples (in particular American Indians) and what kinds of ethical and legal relationships have evolved
over time to address this question. Also looks at the ways in which contemporary cultural resource management by
indigenous peoples serves as a key articulation of indigenous nationhood and sovereignty. Special attention is given to
recent scholarship by indigenous researchers that decolonizes standard academic practices and roots the ownership of
Native cultures and research in Native communities.
Prerequisites: ANT 102 or NAS 101 or permission
Course Typically Offered: Alternate Years
Credits: 3",ANT 102 or NAS 101 or permission,Alternate Years,3
ANT 431,"**Folklore, the Environment and Public Policy**","Examines the interaction of humans with the environment from the perspective of folklore, and reviews its impact on
public policy at the local, state, federal and international level.
Course Typically Offered: Spring
Credits: 3",None,Spring,3
ANT 451,**Native American Cultures and Identities**,"In this seminar, we will examine Native American cultures and identities (past and present), with special attention to
reading works by Native authors and examining topics such as the effects of colonialism on Native Americans,
representations of Native Americans in popular culture, new biological technologies like DNA testing that shape
understandings of Native identities, the role of traditional cultures in Native communities, tribal sovereignty and
economic development in the twenty-first century, and indigenous environmental perspectives.
Prerequisites: ANT 102 or NAS 101 or permission.
Course Typically Offered: Variable
Credits: 3",ANT 102 or NAS 101 or permission.,Variable,3
ANT 464,**Ecological Anthropology**,"Comparative study of human populations in ecosystems. Topics include the adaptive nature of culture, implications of
the ecological approach for anthropological theory, sociocultural evolution and change, and contemporary problems.
Case studies from simple and complex societies. ANT 464 and 564 cannot both be taken for degree credit.
Core Curriculum/Core Requirements: Writing Intensive
Prerequisites: ANT 102 or ANT 250 or Permission
Course Typically Offered: Fall
Credits: 3",ANT 102 or ANT 250 or Permission,Fall,3
ANT 476,**The Ancient Maya**,"Examines the origins and development of ancient Maya civilization beginning with precursors to Maya culture in the
first two millennia BC and ending with the final conquest of the last independent Maya kingdom in 1697. Among the
topics covered will be the rise of complex society in the Maya region, the history of individual Maya city-states and
rulers, social and political organization, art and religion, craft production and economy, commoner life, hieroglyphic
writing, human-environment dynamics, and the Classic Maya collapse.
Core Curriculum/Core Requirements: Writing Intensive
Prerequisites: ANT 101 or ANT 170 or ANT 207 or Permission
Course Typically Offered: Alternate Years
Credits: 3",ANT 101 or ANT 170 or ANT 207 or Permission,Alternate Years,3
ANT 477,**Field Research in Archaeology**,"Introduction to archaeological field techniques through excavation of an archaeological site. Intensive training in site
survey, excavations techniques, recording, analysis and preliminary interpretation of archaeological materials. Generally
conducted on prehistoric and historic sites in Maine. Admission by application only.
Course note: may be repeated 9 completions with a total of 54 credits
Prerequisites: Permission.
Course Typically Offered: Summer
Credits: 2-6",Permission.,Summer,2-6
ANT 479,**Laboratory Techniques in Prehistoric Archaeology**,"Hands-on experience in lab techniques using real archaeological materials. Includes analysis, classification and
synthesis of the data. Lec 1, Lab 2.
Course Typically Offered: Alternate Years
Credits: 3",None,Alternate Years,3
ANT 490,**Topics in Anthropology**,"Advanced treatment of specialized problems in anthropology with emphasis on analysis in frontier areas of
anthropological research. Topics vary. May be repeated for credit if topics differ.
Core Curriculum/Core Requirements:
Course Typically Offered: Variable
Credits: 3",None,Variable,3
ANT 493,**Anthropology Senior Seminar & Capstone Research Project**,"This senior research seminar is designed to give students an opportunity to draw on their academic experience and
explore a particular anthropological topic or debate of their choice. Throughout the course of the semester, students will
conduct research and work toward the completion of a research project. This project will allow students to gain valuable
hands-on experience designing, researching, writing, and presenting your work while building relationships with faculty
and peers. The course will allow students to engage in anthropological inquires and debates while honing skills in
communication, argumentation, and problem solving that will be useful beyond the classroom. Weekly discussions,
journal entries, a final project (submitted in stages), and a presentation will be used to assess student progress.
Core Curriculum/Core Requirements: Capstone and Writing Intensive
Prerequisites: Junior or Senior standing in the Anthropology or International Affairs (CCG concentration) or Human
Dimensions of Climate Change majors.
Course Typically Offered: Spring
Credits: 3",Junior or Senior standing in the Anthropology or International Affairs (CCG concentration) or Human,Spring,3
ANT 497,**Department Projects**,"A special project course. Specific content, scheduling and credit hours proposed by student in consultation with
instructor.
Course note: May be repeated 3 completions with a total of 3 credits.
Core Curriculum/Core Requirements:
Course Typically Offered: Fall, Spring, Summer
Credits: Ar
Art",None,"Fall, Spring, Summer",N/A
ART 100,**Drawing I**,"The fundamentals of drawing through creative exercises exploring the principles of line, value, texture, space, and form.
Examines various media and their relationship to expression and composition. Lab 6.
Core Curriculum/Core Requirements: Artistic and Creative Expression
Course Typically Offered: Fall & Spring
Credits: 3",None,Fall & Spring,3
ART 110,**2-D Design**,"Fundamentals of basic design through studio experience. Covers analysis of design, composition and basic perceptual
and aesthetic aspects of color. Uses a series of problems that explore the areas listed above. Lab 6.
Core Curriculum/Core Requirements: Artistic and Creative Expression
Course Typically Offered: Fall & Spring
Credits: 3",None,Fall & Spring,3
ART 119,**Photography**,"A studio course designed to acquaint the student with the process of visual exploration using a camera. The student
learns the basics of camera use and computer post processing while exploring a range of applications including
documentary and fine art photography. The history of the medium and a look at various photographers will build
vocabulary that can be applied to independent work.
Prerequisites: ART 106, or permission of the instructor
Course Typically Offered: Fall and Spring
Credits: 3","ART 106, or permission of the instructor",Fall and Spring,3
ART 180,**Photography I**,"A studio art course that explores the fundamentals of black-and-white photography.
Students develop an understanding of the 35mm film camera; lighting, composition,
and content; film processing and printing in the darkroom; and how photography is a
medium of fine art practice and personal expression. Lab 6.
Core Curriculum/Core Requirements: Artistic and Creative Expression
Prerequisites: Art majors must have permission of advisor.
Course Typically Offered: Fall & Spring
Credits: 3",Art majors must have permission of advisor.,Fall & Spring,3
ART 182,**Photography and Digital Imaging**,"A studio art course that explores the fundamentals of digital photography. Students learn the technology of digital
imaging, with an emphasis on cameras and software as mediums of expression.
Core Curriculum/Core Requirements: Artistic and Creative Expression
Course Typically Offered: Fall, Spring, Summer
Credits: 3",None,"Fall, Spring, Summer",3
ART 200,**Drawing II**,"A continuation of the fundamentals of drawing in black and white media and the introduction of a variety of color media
with continued emphasis on their relationship to expression and composition. Lab 6.
Core Curriculum/Core Requirements:
Prerequisites: ART 100.
Course Typically Offered: Fall & Spring
Credits: 3",ART 100.,Fall & Spring,3
ART 211,**Painting Fundamentals**,"The introductory course in painting. Students learn the fundamental processes of opaque and/or transparent painting
media through intensive studio practice, lecture and demonstration.
Core Curriculum/Core Requirements: Aesthetic Perspectives/Studio
Prerequisites: ART 106, or permission of the instructor
Credits: 3","ART 106, or permission of the instructor",Unknown,3
ART 212,**Illustration**,"This studio course will study the making of images for printed media, including books and advertising print formats.
Topics include page design, image and typographic integration and visual interpretation of text. Specific studio media
include painted and drawn images for reproduction, digital image making, traditional printmaking media processes of
relief, intaglio and silk screen and pulp painting. The course will also include a critical analysis of contemporary and
historical illustrations.
Prerequisites: ART 106 or permission of the instructor
Course Typically Offered: Every Spring
Credits: 3",ART 106 or permission of the instructor,Every Spring,3
ART 216,**Book Arts I**,"This studio course will concentrate on the study of the book as a medium for the expression of the written word. Topics
covered in this course include the cultural and historical development of the book artifact, its materials and methods of
production, the aesthetic integration of typography, text, page, paper and image; printing and methods of book
production, and binding structures. Letterpress printing will be introduced. Books will be edited in small numbers as
prototypes of learning the techniques of production.
Prerequisites: ART 106, or permission of the instructor
Credits: 3","ART 106, or permission of the instructor",Unknown,3
ART 217,**Papermaking I**,"This studio course will explore making paper by hand as a component for the making of edition of paper and images
critical for the making of books. In addition to the exploration of the cooking, beating, and sheet forming of fiber into
paper, students will learn about the history of papermaking, the materials used in the history of writing and printing,
and the aesthetics of material usage as it pertains to interpreting a specific written text or visual image. The course will
also involve a critical analysis of works of art and books using handmade paper and a comparative study of paper made
from assorted fibers, historical and modern.
Prerequisites: ART 106, or permission of the instructor
Credits: 3","ART 106, or permission of the instructor",Unknown,3
ART 218,**Introduction to Printmaking**,"An introduction to the materials and techniques of fine art print production. Woodcut, linocut, etching, engraving and
lithography are some of the processes explored. Class sessions consist of studio work, demonstration, lecture, and group
and individual critiques.
Prerequisites: ART 106, or permission of the instructor
Credits: 3","ART 106, or permission of the instructor",Unknown,3
ART 222,**Socially-Engaged Art**,"Students will be introduced to socially-engaged art, a practice that blurs the line between art and life, emphasizing
participation, collaboration, dialogue and action. Throughout the course, participants will utilize field visits, artists’
dialogues, class discussion and interventions to gain a better understanding of artists, specifically as members of a
community, who intervene in and create structures of participation.
Prerequisites: ENG 101 or permission of instructor.
Course Typically Offered: Variable
Credits: 3",ENG 101 or permission of instructor.,Variable,3
ART 230,**Painting I**,"Painting in oil or acrylic paint. Fundamentals of color mixing, paint application, composition and expressive content.
Lab 6.
Core Curriculum/Core Requirements:
Prerequisites: ART 110, ART 120, ART 200.
Course Typically Offered: Fall & Spring
Credits: 3","ART 110, ART 120, ART 200.",Fall & Spring,3
ART 235,**Museum and Gallery Management I**,"This course will explore the issues of managing a museum or gallery, the curatorial guidelines for collection acquisition
and conservation, and concepts of exhibit preparation, design, and installation. The course content is applicable to art,
craft, history, science, musical or digital exhibitions and collections. The UMM Art Gallery, Gallery for the Book, and the
University Archive and Permanent Collection Room will serve as the lab for this course.
Prerequisites: ART 106, or permission of the instructor
Course Typically Offered: Variable
Credits: 3","ART 106, or permission of the instructor",Variable,3
ART 240,**Printmaking I**,"The fundamentals of printmaking covering monoprinting and intaglio. Emphasis on technical, aesthetic, conceptual and
expressive development. Lab 6.
Core Curriculum/Core Requirements:
Prerequisites: ART 110, ART 120, ART 200.
Course Typically Offered: Fall & Spring
Credits: 3","ART 110, ART 120, ART 200.",Fall & Spring,3
ART 255,**Studies in the Graphic Novel**,"An emergent form, the graphic novel has recently come into its own for readers, publishers, artists, and writers. In a
series of workshops and seminar sessions, this course takes up the study of some recent acclaimed graphic novels, with
close attention paid to the specific techniques of word and image that elevate these works to prominence in their genre.
The lessons in craft produced by this close analysis will then inform the creation of stand-alone segments of original
graphic novels produced by students in the course. Students have the option to receive special emphasis in their final
grade on their visual art and/or their creative writing. If this course was taken as a topics course in ENG 302, it cannot
be repeated for credit.
Prerequisites: ART 106 and ENG 205 or permission
Course Typically Offered: Variable
Credits: 3",ART 106 and ENG 205 or permission,Variable,3
ART 270,**Digital Art I**,"An introduction to two-dimensional digital art. Includes professional 2D and related software, input/output options and
image creation and editing. Emphasizes using the tools for the production of fine art.
Core Curriculum/Core Requirements: Artistic and Creative Expression
Prerequisites: ART 110 or permission.
Course Typically Offered: Fall and Spring
Credits: 3",ART 110 or permission.,Fall and Spring,3
ART 310,**Intermediate Drawing**,"The basic concepts and techniques of drawing are reintroduced through studio sessions. Students draw with a variety of
media from life and from conceptual/creative models. Emphasis in this more advanced class is on the development of
facility, style and self-expression. May be repeated for credit.
Prerequisites: ART 210 or permission of instructor.
Credits: 3",ART 210 or permission of instructor.,Unknown,3
ART 311,**Studio Painting**,"Designed for students who are experienced painters. Through intensive studio practice, students develop their facility
with selected opaque and/or transparent media. Emphasis is on the development of an individual vision. May be
repeated for credit.
Prerequisites: ART 211 or permission of instructor.
Credits: 3",ART 211 or permission of instructor.,Unknown,3
ART 313,**Photography II**,"Advanced development of students’ photographic skills and understanding. The course explores a variety of equipment,
materials and techniques. Students develop an awareness of many variables important to advanced work in
photography. Simultaneously, they develop a new awareness of the image and of themselves as image makers.
Prerequisites: Prerequisite: ART 119 or permission of instructor.
Credits: 3",Prerequisite: ART 119 or permission of instructor.,Unknown,3
ART 317,**Papermaking II**,"This studio course will continue the study of Papermaking I, advancing the techniques of cooking, beating, sheet
forming, watermarking, pulp painting techniques and making components for book editions. Students will study
selected topics in the history of papermaking and the materials used in the history of writing and printing. Students will
also critically assess contemporary and historical works as they relate to their own particular portfolio project.
Prerequisite: ART 217, or permission of instructor.
Prerequisites: ART 217, or permission of instructor.
Course Typically Offered: Variable
Credits: 3","ART 217, or permission of instructor.",Variable,3
ART 318,**Advanced Printmaking**,"Printmaking II is an advancement of technique, skill, and conceptual maturity learned in Printmaking I. Students will
learn the technical processes of relief printmaking including woodcut, linocut, polymer plate printing, and metal type-
high letters and forms; the intaglio process of etching, dry point and solar plate printing processes; and silk screen
printing using various stencil media. In addition, as an expansive medium, printmaking includes other techniques in the
making of multiples such as hand papermaking, watermark and pulp painting techniques, digital printing, and multiple
object making. Students are also expected to develop aesthetic and conceptual practices as they explore the media,
allowing their curiosity to experiment with techniques to problem solve their visual work.
Prerequisites: ART 218
Credits: 3",ART 218,Unknown,3
ART 321,**Life Drawing**,"An introduction to rendering the human figure. Students learn how to draw the human figure in action and repose
through intensive studio practice. The structure and function of the human skeleton and musculature is taught through
lecture, demonstration and discussion. May be repeated for credit.
Prerequisites: ART 106, Sophomore standing or permission of instructor
Course Typically Offered: Variable
Credits: 3","ART 106, Sophomore standing or permission of instructor",Variable,3
ART 322,**Book Design and Publishing**,"An intermediate course where students learn the principles of book design and apply these to the production of a critical
edition for the UMM Press. Students leave the course with hands-on experience in publishing involving cover layout,
interior design, printing and binding. This course encompasses traditional as well as emerging forms of book
production. Working collaboratively, students will work to produce a single critical edition for the Library of Early
Maine Literature, an imprint of the UMM Press. Students successfully completing this course will have their names
listed in the publication credits for the published edition.
Prerequisites: ART 216 or permission of instructor
Credits: 3",ART 216 or permission of instructor,Unknown,3
ART 330,**Painting II**,"Further development of painting concepts with emphasis on the characteristics of materials. Individual investigations of
technical and expressive issues. Lab 6.
Core Curriculum/Core Requirements:
Prerequisites: ART 230.
Course Typically Offered: Fall & Spring
Credits: 3",ART 230.,Fall & Spring,3
ART 340,**Printmaking II**,"Continued explorations in printmaking with emphasis on color and multi-plate color printing. Lithography will be
covered. Intaglio, monoprinting, relief and other printmaking media will be studied on a rotating basis. Lab 6.
Core Curriculum/Core Requirements:
Prerequisites: ART 240.
Course Typically Offered: Fall & Spring
Credits: 3",ART 240.,Fall & Spring,3
ART 350,**Graphic Design II**,"Continued study of graphic design. Lab 6.
Core Curriculum/Core Requirements:
Prerequisites: ART 250 or permission.
Course Typically Offered: Not Regularly Offered
Credits: 3",ART 250 or permission.,Not Regularly Offered,3
ART 360,**Topics in Studio Art**,"Selected topics surveying particular media, thematic content or contemporary issues. Specific topics will vary from
semester to semester. Course may satisfy level II requirements in painting, printmaking or sculpture.
Course note: May be repeated for credit for 9 completions with a total of 27 credits if topics differ.
Core Curriculum/Core Requirements:
Prerequisites: permission of instructor.
Course Typically Offered: Fall, Spring, Summer
Credits: 3",permission of instructor.,"Fall, Spring, Summer",3
ART 370,**Digital Art II**,"A focus on the creation of two-dimensional and three-dimensional time-based digital art, including both narrative and
abstract forms. Teaches the necessary technological learning within the context of artistic creation, professional
practices, cultural framing, and critical theory.
Prerequisites: ART 270 or permission.
Course Typically Offered: Fall & Spring
Credits: 3",ART 270 or permission.,Fall & Spring,3
ART 398,**Directed Study in Studio Art**,"Advanced study and research in studio art or related areas directed by a faculty member.
May be repeated for credit.
Core Curriculum/Core Requirements:
Prerequisites: Junior or Senior Standing and permission
Course Typically Offered: Fall & Spring
Credits: Ar",Junior or Senior Standing and permission,Fall & Spring,N/A
ART 403,**Advance Graphic Novel Workshop**,"A constructive space for writers and artists to create a narrative involving sequential art. Students will submit work on a
regular basis for class critiquing, and they will critique the work of others in the class. By the end of the workshop,
students will have produced a significant portion of an original graphic novel or standalone piece that incorporates
feedback to maximize emotional and aesthetic impact. While the workshop will include readings in craft and theory, the
main emphasis rests on the creation and evaluation of original narratives constructed out of panels of word and image.
Students can opt for a grade emphasis on creative writing, visual art, or both.
Prerequisites: ART 255/ENG 255
Course Typically Offered: Spring
Credits: 3",ART 255/ENG 255,Spring,3
ART 416,**Book Arts III**,"Book Arts III is an advancement of technique, skill, and conceptual maturity learned in Book Arts II. This studio course
will concentrate on the study of the book as a medium for expression. Topics covered in this course will include: the
cultural and historical development of the book artifact; the art and craft of writing surfaces; the aesthetic integration of
typography; text, page, paper and image; printing methods of book production; binding structures; and the future of the
book in the electronic age.
Prerequisites: ART 316
Course Typically Offered: Variable
Credits: 3",ART 316,Variable,3
ART 417,**Papermaking III**,"Papermaking III is an advancement of technique, skill, and conceptual maturity learned in Papermaking II. In addition
to the exploration of the cooking, beating, and sheet forming of fiber into paper, students will explore the use of paper as
an artist’s medium. This course will also involve a critical analysis of works of art and books using handmade paper and
a comparative study of paper made from assorted fibers, historical and modern.
Prerequisites: ART 317
Course Typically Offered: Variable
Credits: 3",ART 317,Variable,3
ART 420,**Sculpture III**,"Individual and group collaborative projects working with site specific sculpture or installations. Emphasis on process
including scale models and other considerations for final presentation for jurying. Prepares artists, engineers, architects
in universal commission procedures. Field trips to research existing projects may be included in this course. Repeatable
for credit when the student takes it with different media with 9 total completions and 27 total credits allowed.
Core Curriculum/Core Requirements:
Prerequisites: ART 320 or permission.
Course Typically Offered: Fall & Spring
Credits: 3",ART 320 or permission.,Fall & Spring,3
ART 440,**Printmaking III**,"Continued study of printmaking through a variety and choice of printmaking media. Emphasis on conceptual as well as
technical development. May be repeated for credit with a total of 9 completions and 27 credits.
Core Curriculum/Core Requirements:
Prerequisites: ART 340.
Course Typically Offered: Fall & Spring
Credits: 3",ART 340.,Fall & Spring,3
ART 460,**Topics in Studio Art**,"Advanced study of selected topics surveying particular media, thematic content or contemporary issues. Specific topics
will vary from semester to semester.
Course note: May be repeated for credit if topics differ with a total of 9 completions and 27 credits
Core Curriculum/Core Requirements:
Prerequisites: Senior standing or permission of instructor.
Course Typically Offered: Fall, Spring, Summer
Credits: 3",Senior standing or permission of instructor.,"Fall, Spring, Summer",3
ART 491,**Book Arts Certificate Capstone Project**,"This directed study capstone course is structured to bring together a variety of experiences from the Book Arts Certificate
program and give form to them in the making of a final project. This may include presenting experimental and/or
conventional approaches to book making through the exhibit of individual works or by publishing a book edition. A
critical essay of historical and contemporary work, as well as a structure of the project’s conceptual progression, will
frame the thesis of this project.
Prerequisites: ART 216, ART 217, ART 298 and two courses from ENG 242, ART 212, ART 210, ART 119, ART 213
Course Typically Offered: Spring
Credits: 3","ART 216, ART 217, ART 298 and two courses from ENG 242, ART 212, ART 210, ART 119, ART 213",Spring,3
ART 496,**Field Experience in Art**,"Students engaged in professional activities related to their area of study may apply for supervision and credit for the
project. Student must have Jr or Sr. Standing.
May be repeated for credit.
Core Curriculum/Core Requirements:
Prerequisites: Department Consent
Course Typically Offered: Fall & Spring
Credits: Ar",Department Consent,Fall & Spring,N/A
ART 498,**Directed Study in Studio Art**,"Advanced study and research in studio art or related areas directed by a faculty member.
Course Note: May be repeated for credit.
Core Curriculum/Core Requirements:
Prerequisites: Junior or Senior Standing and permission
Course Typically Offered: Fall & Spring
Credits: Ar",Junior or Senior Standing and permission,Fall & Spring,N/A
ART 499,**Studio Art Senior Capstone**,"A capstone course for studio art majors which requires the synthesis of all previous course work and focuses on the
development of essential professional practices in the visual arts.
Core Curriculum/Core Requirements: Capstone Experience and Writing Intensive Requirements
Prerequisites: Junior or senior standing.
Course Typically Offered: Fall
Credits: 3
Art Education",Junior or senior standing.,Fall,3
AED 372,**Foundations of Art Education**,"Includes historical, philosophical, political, psychological and sociological foundations of art education; theories of child
art; and critical examination of current research, trends and issues in art education. Art education majors or art
certification students only. Lec 3.
Core Curriculum/Core Requirements: Writing Intensive
Prerequisites: Sophomore standing or higher; AED Major; ART 100, ART 110, ART 120, ART 200, ARH 155 and ARH
156
Course Typically Offered: Spring
Credits: 3","Sophomore standing or higher; AED Major; ART 100, ART 110, ART 120, ART 200, ARH 155 and ARH",Spring,3
AED 373,**Introduction to Curriculum**,"Introduction to art curricula strategies and development. Includes instructional planning, lesson writing and
organization, and practicum experience. Lec 2, Lab 1.
Core Curriculum/Core Requirements:
Prerequisites: AED Majors or Certification Students
Corequisites: AED 371
Course Typically Offered: Fall
Credits: 3",AED Majors or Certification Students,Fall,3
AED 474,**SL: Topics in Art Education**,"Seminar in advanced research and practice in art education and related areas. Specific topic to be announced. This
course has been designated as a UMaine Service-Learning course.
Course note: May be repeated 9 completions for a total of 27 credits if topics differ.
Core Curriculum/Core Requirements:
Prerequisites: AED 371 and AED 373, or permission
Course Typically Offered: Spring
Credits: 3","AED 371 and AED 373, or permission",Spring,3
AED 496,**Field Experience in Art Education**,"Students involved in pre-professional activities with art education in schools or community agencies may apply for
supervision and credit for the project.
May be repeated for credits.
Core Curriculum/Core Requirements:
Prerequisites: AED 371, AED 372, AED 373 and permission.
Course Typically Offered: Fall & Spring
Credits: 1","AED 371, AED 372, AED 373 and permission.",Fall & Spring,1
AED 498,**Directed Study in Art Education**,"Advanced projects, readings, or seminars in art education. Topic and form of study to be determined by student in
consultation with faculty member.
Course Note: Course may be repeated for credit.
Core Curriculum/Core Requirements:
Prerequisites: AED 371, AED 372, AED 373 or equivalents and permission.
Course Typically Offered: Fall & Spring
Credits: Ar
Art History","AED 371, AED 372, AED 373 or equivalents and permission.",Fall & Spring,N/A
ARH 100,**Art and Human Experience**,"An exploration of the relationships between art and human experience as they exist within historical, cross-cultural and
contemporary contexts. Focus is on specific areas of human experience as they intersect with the creation,
understanding and use of visual artifacts.
Core Curriculum/Core Requirements: Cultural Diversity and International Perspectives and Artistic and Creative
Expression
Prerequisites: Non-art majors only.
Course Typically Offered: Fall & Spring
Credits: 3",Non-art majors only.,Fall & Spring,3
ARH 112,**Art History II**,"A global survey of the visual arts since 1400 C.E. This course includes lectures and discussions of the art and life of
people across many cultures around the world and across a wide spectrum of history.
Prerequisites: ENG 101 or permission
Credits: 3",ENG 101 or permission,Unknown,3
ARH 155,**Art and Visual Culture in the Ancient and Medieval Worlds**,"Introductory survey of painting, sculpture, architecture, and forms of visual and material culture in their various
contexts from the Paleolithic and Ancient Worlds to the end of the Middle Ages.
Core Curriculum/Core Requirements: Western Cultural Tradition’, ‘Cultural Diversity and International
Perspectives and Artistic and Creative Expression
Course Typically Offered: Fall & Spring
Credits: 3",None,Fall & Spring,3
ARH 156,**Art and Visual Culture in the Modern Era**,"Introductory survey of painting, sculpture, architecture, and other forms of visual and material culture in their various
contexts from the Renaissance to the present.
Core Curriculum/Core Requirements: Western Cultural Tradition and Artistic and Creative Expression
Course Typically Offered: Fall & Spring
Credits: 3",None,Fall & Spring,3
ARH 252,**Mediterranean Medieval Art and Architecture**,"An in-depth survey of the art and architecture of the Mediterranean world, including Southern Europe, the Mid-East and
northern Africa, from the first decades through the fourteenth century, examines how diverse Christian and Islamic
cultures built upon the strong legacy of the Classical world. The unique artistic visions of each region spawned cross-
cultural developments, facilitated by the relative ease of movement that the Mediterranean permitted.
Core Curriculum/Core Requirements: Western Cultural Tradition’, ‘Artistic and Creative Expression and Cultural
Diversity and International Perspectives
Prerequisites: ARH 155 or permission.
Course Typically Offered: Variable
Credits: 3",ARH 155 or permission.,Variable,3
ARH 253,**Northern European Medieval Art and Architecture**,"Surveys the art and architecture of the major civilizations of Northern Europe that developed there from the fourth
century through the fifteenth, including the Carolingian, Ottonian, Romanesque and Gothic eras, focusing upon the
diversity of particular cultural identities and their interrelationships among one another and the Mediterranean cultures
with which they interacted. Offered in 3-year rotation.
Core Curriculum/Core Requirements: Western Cultural Tradition and Cultural Diversity and International
Perspectives
Prerequisites: ARH 155 or permission.
Course Typically Offered: Variable
Credits: 3",ARH 155 or permission.,Variable,3
ARH 257,**Northern Renaissance Art**,"Survey of the art of the Netherlands, France, Spain, and Germany in its historical context from Late Gothic of the 14th
century to Mannerism of the 16th century.
Core Curriculum/Core Requirements: Western Cultural Tradition’, ‘Cultural Diversity and International
Perspectives and Artistic and Creative Expression
Prerequisites: ARH 156 or permission.
Course Typically Offered: Variable
Credits: 3",ARH 156 or permission.,Variable,3
ARH 258,**Baroque Art and Architecture**,"Surveys the art and architecture of the Baroque era in Southern and Northern Europe, along with their settlements in
the Americas, focus on the major shifts in the European world outlook. The course investigates how the art of the period
reflects the rise of strong national identities, radically shifting political powers, growing colonialism around the globe,
religious reformation and increased interests in empirical knowledge and scientific inquiry.
Core Curriculum/Core Requirements: Western Cultural Tradition’, ‘Cultural Diversity and International
Perspectives and Artistic and Creative Expression
Prerequisites: ARH 156 or permission.
Course Typically Offered: Variable
Credits: 3",ARH 156 or permission.,Variable,3
ARH 262,**Early Modern Art: From Fauvism to Surrealism**,"In a thematic consideration of art and its related concepts from 1900 to 1945, this course places particular emphasis on
the notions of modernity and the diversity of artistic forms that the period spawned. Lec 3.
Core Curriculum/Core Requirements:
Prerequisites: ARH 156 or permission.
Course Typically Offered: Variable
Credits: 3",ARH 156 or permission.,Variable,3
ARH 263,**Late Modern Art: From Abstract Expressionism Through New**,"Forms
This thematic course considers art forms and conceptual developments from the mid-Twentieth century through the
middle of the 1970’s. It places particular emphasis on the expanding nature of the work of art and the changing role,
place and function of the artist during the period. Lec 3.
Core Curriculum/Core Requirements:
Prerequisites: ARH 156 or permission.
Course Typically Offered: Variable
Credits: 3",ARH 156 or permission.,Variable,3
ARH 265,**American Art**,"Survey of painting, sculpture, architecture, and other forms of visual and material culture in the United States from
1776-1945.
Core Curriculum/Core Requirements: Western Cultural Tradition and Artistic and Creative Expression
Prerequisites: ARH 156
Course Typically Offered: Variable
Credits: 3",ARH 156,Variable,3
ARH 270,**Topical Survey in History of Art**,"Surveys the historical artifacts and monuments of culture not covered by the regular rotation of Department offerings,
such as those by African, Asian or Pre-Columbian peoples. Students may repeat this course for credit to study different
cultures.
Course note: May be repeated for 9 completions with a total of 27 credits
Core Curriculum/Core Requirements: Social Contexts and Institutions’, ‘Cultural Diversity and International
Perspectives and Artistic and Creative Expression
Course Typically Offered: Variable
Credits: 3",None,Variable,3
ARH 397,**Independent Study in Art History**,"Advanced independent study or research and writing projects in the history of art and related areas.
Course note: May be repeated for credit.
Core Curriculum/Core Requirements:
Prerequisites: Junior or senior standing and permission.
Course Typically Offered: Fall & Spring
Credits: Ar",Junior or senior standing and permission.,Fall & Spring,N/A
ARH 398,**Directed Study in Art History**,"Advanced independent study or research and writing projects in the history of art and related areas.
Course note: May be repeated for credit.
Core Curriculum/Core Requirements:
Prerequisites: Junior or senior standing and permission.
Course Typically Offered: Fall & Spring
Credits: Ar",Junior or senior standing and permission.,Fall & Spring,N/A
ARH 452,**Critical Methods in History of Art**,"This seminar immerses students within the historiography of History of Art, making them familiar with the
philosophical underpinnings, historical context, rhetorical tones, critical vocabularies and intended goals of each
investigative strategy. The exploration of the various methodological approaches that the field has supported includes:
Connoisseurship, Iconography, Reception Theory, Marxism, Feminism, Deconstruction, Visual Linguistics and perhaps
other emerging schemes.
Core Curriculum/Core Requirements: Writing Intensive
Prerequisites: Any 200 level ARH course or permission
Course Typically Offered: Variable
Credits: 3",Any 200 level ARH course or permission,Variable,3
ARH 460,**Topics in Art History**,"Identifies and develops a particular topic within the field of History of Art not covered by traditional notions of period,
geographic identity, or style. Specific topics will vary from semester to semester.
Course Note: May be repeated 9 completions with a total of 27 credits if the topics differ.
Core Curriculum/Core Requirements: Writing Intensive Requirement.
Prerequisites: Any 200 level ARH course or permission.
Course Typically Offered: Variable
Credits: 3",Any 200 level ARH course or permission.,Variable,3
ARH 466,**Twentieth Century Art and Architecture Seminar**,"In an in-depth consideration, this seminar focuses upon the culture, period, artists or artist, or of a particular issue in the
history of art and/or architecture of the twentieth century. Specific topics vary from semester to semester. May be
repeated for credit.
Course note: May be repeated for credit up to 9 completions and 27 total credits if the topics differ
Core Curriculum/Core Requirements: Writing Intensive
Prerequisites: ARH 261 or ARH 262 or ARH 263 or ARH 264 or ARH 265
Course Typically Offered: Variable
Credits: 3",ARH 261 or ARH 262 or ARH 263 or ARH 264 or ARH 265,Variable,3
ARH 493,**Medieval Research Seminar**,"Focus on special topics selected by the instructor in the field of Medieval History of Art. Students will define and
research their own individual projects, present them within the forum of the seminar, with the aim of delivering them at
a professional conference and bring them to fruition as publishable papers.
Course note: May be repeated up to 9 completions with a total of 27 credits if the topics differ.
Core Curriculum/Core Requirements: Writing Intensive
Prerequisites: ARH 251, or ARH 252, or ARH 253, or ARH 255, or ARH 256, or ARH 258, or Permission
Course Typically Offered: Variable
Credits: 3","ARH 251, or ARH 252, or ARH 253, or ARH 255, or ARH 256, or ARH 258, or Permission",Variable,3
ARH 494,**Renaissance Research Seminar**,"Focus on special topics selected by the instructor in the field of Renaissance History of Art. Students will define and
research their own individual projects, present them within the forum of the seminar, with the aim of delivering them at
a professional conference and bring them to fruition as publishable papers.
Course note: May be repeated up to 9 completions with a total of 27 credits if the topics differ.
Core Curriculum/Core Requirements: Writing Intensive
Prerequisites: ARH 251, or ARH 252, or ARH 253, or ARH 255, or ARH 256, or ARH 258, or Permission
Course Typically Offered: Variable
Credits: 3","ARH 251, or ARH 252, or ARH 253, or ARH 255, or ARH 256, or ARH 258, or Permission",Variable,3
ARH 496,**Field Experience in Art History**,"Students engaged in professional activities related to their area of study may apply for supervision and credit for the
project. May be repeated for credit.
Core Curriculum/Core Requirements:
Prerequisites: Junior or senior standing and permission.
Course Typically Offered: Fall, Spring, Summer
Credits: Ar",Junior or senior standing and permission.,"Fall, Spring, Summer",N/A
ARH 498,**Directed Study in Art History**,"Advanced directed study or research and writing projects in the history of art and related areas.
Course note: May be repeated for Credit.
Core Curriculum/Core Requirements:
Prerequisites: Junior or senior standing and permission.
Course Typically Offered: Fall & Spring
Credits: Ar",Junior or senior standing and permission.,Fall & Spring,N/A
ARH 499,**Capstone Experience in History of Art**,"As a guided practicum, this course will have senior majors draw from the full breadth of their undergraduate experiences
in the History of Art. Requires students to research a focused project developed from primary source materials, in an
investigation that will result in a professional presentation, namely a publishable paper, a public lecture, a museum show
or an equivalent.
Core Curriculum/Core Requirements: Capstone
Prerequisites: Permission.
Course Typically Offered: Fall & Spring
Credits: 3
Astronomy",Permission.,Fall & Spring,3
AST 110,**Introduction to Astronomy Laboratory**,"Laboratory and observational exercises to accompany AST 109. Lab 2.
Core Curriculum/Core Requirements: Together with AST 109, ‘this course satisfies the General Education Lab in
the Basic or Applied Sciences Requirement.
Corequisites: AST 109
Course Typically Offered: Fall, Spring, Summer
Credits: 1",None,"Fall, Spring, Summer",1
AST 221,**Planetary Systems**,"A more detailed introduction to astronomy and astrophysics than AST 109 covering solar system astronomy including
celestial mechanics, astronomical coordinate systems, Kepler’s laws, and the sun.
Core Curriculum/Core Requirements:
Prerequisites: MAT 127, a grade of C- or better in either PHY 112 or PHY 122 or permission.
Course Typically Offered: Variable
Credits: 3","MAT 127, a grade of C- or better in either PHY 112 or PHY 122 or permission.",Variable,3
AST 451,**Astrophysics**,"Application of the principles of physics to selected topics in the study of cosmogony, stellar evolution and dynamics,
interstellar processes, the formation and evolution of galaxies, and cosmology.
Core Curriculum/Core Requirements:
Prerequisites: MAT 259, a grade of C- or better in PHY 236, PHY 451 and PHY 455 or permission
Course Typically Offered: Variable
Credits: 1-3","MAT 259, a grade of C- or better in PHY 236, PHY 451 and PHY 455 or permission",Variable,1-3
AST 497,**Topics in Astrophysics**,"Selected topics in areas not already covered by regular course offerings in the Department.
Course note: May be repeated for credits if the topics differ with a total of 9 completions and 27 credits.
Core Curriculum/Core Requirements:
Prerequisites: permission of instructor.
Course Typically Offered: Fall, Spring, Summer
Credits: 1-3
Bachelor of College Studies",permission of instructor.,"Fall, Spring, Summer",1-3
BMB 150,**Phage Genome Discovery I**,"This inquiry-driven research course provides a hands-on laboratory experience in which students isolate a novel
bacteriophage from the environment and characterized the bacteriophage through experimentation. Topics covered
include phage biology and bacteriology, gene structure and expression, DNA isolation, restriction digest analysis,
agarose gel electrophoresis, and electron microscopy. In this writing intensive course, students will learn effective
scientific writing skills through instruction and writing activities and will write a final manuscript to report their
research findings. Students also carry out activities and reflective writing assignments that simultaneously teach
students both scientific content as well as personal, interpersonal, and critical-thinking skills essential to the practice of
science. (HON 150 and BMB 150 are identical courses.)
Core Curriculum/Core Requirements: Writing Intensive
Prerequisites: Permission
Course Typically Offered: Fall
Credits: 4",Permission,Fall,4
BMB 207,**Fundamentals of Chemistry**,"Reviews the essentials of inorganic chemistry including measurements, elements, compounds and bond formation,
chemical reactions and quantities, gasses, solutions and acid-base chemistry as they relate to biological chemistry. BMB
207 does not serve as a prerequisite for CHY 122, and is not recommended for pre-medical, pre-dental, pre-veterinary,
or pre-optometry programs of study.
Core Curriculum/Core Requirements: Together with BMB 209, ‘this course satisfies the General Education Lab in
the Basic or Applied Sciences Requirement. Satisfies the General Education Applications of Scientific Knowledge
Requirement when taken without BMB 209.
Prerequisites: One year of high school chemistry.
Course Typically Offered: Fall
Credits: 3",One year of high school chemistry.,Fall,3
BMB 208,**Elementary Physiological Chemistry**,"Structures and properties of biological molecules, including carbohydrates, lipids, proteins, nucleic acids, vitamins and
hormones, composition and function of body fluids, study of digestion and metabolism. BMB 208 does not serve as a
prerequisite for CHY 251, and is not recommended for pre-medical, pre-dental, pre-veterinary, or pre-optometry
programs of study.
Core Curriculum/Core Requirements: Satisfies the General Education Applications of Scientific Knowledge
requirement when taken without BMB 210. When taken with BMB 210, this course satisfies the General Education Lab
in the Basic or Applied Sciences requirement.
Prerequisites: BMB 207 or CHY 121.
Course Typically Offered: Variable
Credits: 3",BMB 207 or CHY 121.,Variable,3
BMB 210,**Elementary Physiological Chemistry Laboratory**,"Laboratory in the structure and properties of biological molecules presented in BMB 208. Lab 2.
Core Curriculum/Core Requirements: Together with BMB 208, ‘this course satisfies the General Education Lab in
the Basic or Applied Sciences Requirement.
Prerequisites: BMB 208 or concurrently. BMB 209 or equivalent.
Course Typically Offered: Spring
Credits: 1",BMB 208 or concurrently. BMB 209 or equivalent.,Spring,1
BMB 221,**Organic Chemistry**,"Basic theories of organic chemistry, including reactions, mechanisms and nomenclature. Emphasis on those aspects of
organic chemistry which relate to biological chemistry.",None,Unknown,N/A
BMB 223,**Microbiology**,"A survey of the biology of microorganisms, in particular the prokaryotes. Topics include a taxonomic survey of the
microbes, regulation of cellular activities, and inheritance. Investigations into the interactions between microorganisms
and humans and the role of microorganisms in the environment will round out student perspectives of these minute life
forms. Laboratory investigations of each topic will emphasize safe lab practice, problem solving, analysis of data, and
communication of results. Lecture 3 hours, laboratory 2 hours.
Prerequisites: BIO 117 or BIO 100 or permission of instructor
Course Typically Offered: Every Spring
Credits: 4",BIO 117 or BIO 100 or permission of instructor,Every Spring,4
BMB 241,**Microbiology for the Professional Nurse Laboratory**,"This is the laboratory component for BMB 240. This lab introduces Nursing students to the basic techniques of
microbiology including staining, culturing and identification of microorganism. This material covered in this lab
matches the content of BMB 240, Microbiology for the Professional Nurse.
Core Curriculum/Core Requirements:
Prerequisites: BMB 240
Course Typically Offered: Spring
Credits: 2",BMB 240,Spring,2
BMB 280,**Introduction to Molecular and Cellular Biology**,"An in-depth introduction to macromolecules, cell structure, metabolic processes, gene expression and molecular
replication common to all organisms. Lec 3.
Core Curriculum/Core Requirements:
Prerequisites: BIO 100 or HON 150 or BMB 150
Course Typically Offered: Spring
Credits: 3",BIO 100 or HON 150 or BMB 150,Spring,3
BMB 300,**General Microbiology**,"A basic biology course dealing with general principles as illustrated by microorganisms, in bacteria and viruses. Covers
cell structure, cell metabolism, genetics, geochemical activities, and host-parasite relations. Lec 3.
Core Curriculum/Core Requirements:
Prerequisites: 1 year of biology that includes BIO 100 or BMB 150 or HON 150 and either BIO 200, BMB 155 or HON
155, BIO 208 or BMB 280 and 1 year of chemistry that includes BMB 207, 208, 209 and 210 or CHY 121, 122, 123 and
124.
Course Typically Offered: Fall and Summer
Credits: 3","1 year of biology that includes BIO 100 or BMB 150 or HON 150 and either BIO 200, BMB 155 or HON",Fall and Summer,3
BMB 322,**Biochemistry**,"A study of the properties of proteins and enzymes, nucleic acids, carbohydrates, and lipids, metabolism and energy
production, replication and protein synthesis. BMB 322 and BMB 360 cannot both be taken for credit. If CHY 322 was
taken at UMM, credit cannot be earned for this course.
Core Curriculum/Core Requirements:
Prerequisites: BMB 221 or CHY 251. If CHY 322 was taken at UMM, credit cannot be earned for this course.
Course Typically Offered: Spring
Credits: 3","BMB 221 or CHY 251. If CHY 322 was taken at UMM, credit cannot be earned for this course.",Spring,3
BMB 323,**Biochemistry Laboratory**,"Laboratory exercises illustrating the principles presented in BMB 322 or BMB 360. If CHY 322 was taken at UMM,
credit cannot be earned for this course.
Core Curriculum/Core Requirements:
Prerequisites: If CHY 322 was taken at UMM, credit cannot be earned for this course.
Course Typically Offered: Spring
Credits: 2","If CHY 322 was taken at UMM, credit cannot be earned for this course.",Spring,2
BMB 380,**Professional Development in Molecular & Biomedical Sciences**,"Introduction to professional development and scientific communication in the fields of microbiology, biochemistry and
molecular biology.
Prerequisites: Junior Standing and Major in Biochemistry, Molecular & Biomedical Sciences, or Microbiology
Course Typically Offered: Spring
Credits: 1","Junior Standing and Major in Biochemistry, Molecular & Biomedical Sciences, or Microbiology",Spring,1
BMB 400,**Molecular Genetics**,"The structure of DNA and of genes, and the mechanisms of gene regulation, particularly as they pertain to cell growth
and differentiation. Includes a discussion of the experimental techniques used in the genetic manipulation of organisms.
Lec 3.
Core Curriculum/Core Requirements:
Prerequisites: BMB 280 and BMB 322 or BMB 360.
Course Typically Offered: Fall
Credits: 3",BMB 280 and BMB 322 or BMB 360.,Fall,3
BMB 405,**Medical Laboratory Methods of Infectious Disease**,"Examines the medically important parasites causing human infection, associated epidemiology and current laboratory
methods employed for diagnosis. The major groups of pathogenic fungi are also discussed, including laboratory
procedures for detection and identification. Applications of immunochemical and molecular methods used to diagnose
or monitor a variety of infectious disease processes is emphasized. Lec 2, Lab 2.
Core Curriculum/Core Requirements:
Prerequisites: BMB 300/BMB 305 and BMB 420/BMB 421 suggested. Medical Laboratory Science majors only or
permission.
Course Typically Offered: Spring
Credits: 3",BMB 300/BMB 305 and BMB 420/BMB 421 suggested. Medical Laboratory Science majors only or,Spring,3
BMB 406,**Introduction to Medical Laboratory Methods**,"An introduction to basic theory and laboratory practice in clinical hematology and urinalysis, including an introduction
to the theory and function of relevant laboratory instruments. Required for Medical Laboratory Science majors.
Prerequisites: Major of Medical Laboratory Sciences and BMB 322 or BMB 360 and BMB 323
Credits: 4",Major of Medical Laboratory Sciences and BMB 322 or BMB 360 and BMB 323,Unknown,4
BMB 415,**Microbiology of Historical Plagues**,"This course examines the microbiological aspects of the most devastating plagues throughout the history. Emphasis is
placed on the life cycles of pathogens, methods of transmission, and the socioeconomic factors that facilitated major
disease outbreaks.
Core Curriculum/Core Requirements:
Prerequisites: A grade of C- or better in BMB 420
Course Typically Offered: Spring
Credits: 1",A grade of C- or better in BMB 420,Spring,1
BMB 420,**Infectious Disease**,"Examines medically important bacteria, viruses, fungi, and parasites causing human infection. Introduces major classes
of pathogens and host immunity to microbes. Covers pathogenesis, virulence factors, clinical symptoms, transmission,
epidemiology, diagnosis, prevention and treatment for individual microbes.
Core Curriculum/Core Requirements:
Prerequisites: A grade of C- or better in BMB 300 and BMB 305
Course Typically Offered: Spring
Credits: 3",A grade of C- or better in BMB 300 and BMB 305,Spring,3
BMB 422,**Clinical Hematology**,"A comprehensive study of the principles, methodology and pathological states in hematology. Lectures and laboratory
practice.
Course note: May be repeated two completions with a total of 7 credits.
Core Curriculum/Core Requirements:
Course Typically Offered: Every Year
Credits: 7",None,Every Year,7
BMB 423,**Clinical Microbiology**,"A comprehensive study of the principles and techniques of diagnostic microbiology and parasitology. Lectures and
laboratory practice.
Course note: May be repeated for credit with two completions and a total of 7 credits.
Core Curriculum/Core Requirements:
Course Typically Offered: Every Year
Credits: 7",None,Every Year,7
BMB 424,**Clinical Immunohematology**,"Fundamental techniques of blood grouping and cross-matching proceeding to advanced studies of human blood groups,
theory and practice in special problems, and advanced techniques. Lectures and laboratory practice. (EMMC)
Course note: May be repeated for credit with 2 completions and 7 total credits.
Core Curriculum/Core Requirements:
Course Typically Offered: Every Year
Credits: 7",None,Every Year,7
BMB 426,**Clinical Microscopy and Special Topics**,"Lectures and laboratory practice in the microscopic examination of urine and body fluids. Lectures and practice in
laboratory management and education theory and methods. Includes a research project on some aspect of clinical
laboratory science. (EMMC.)
Course Note: Students will be enrolled in this course for 2 credits for both fall and spring terms for a total of 4 credits for
the academic year.
Core Curriculum/Core Requirements: Writing Intensive and Capstone
Prerequisites: BIO 421
Course Typically Offered: Every Year
Credits: 4",BIO 421,Every Year,4
BMB 441,**Introductory Immunology Laboratory**,"A laboratory course to introduce students to diagnostic and experimental techniques routinely used in the immunology
lab. Lab 2.
Core Curriculum/Core Requirements:
Prerequisites: BMB 440 or concurrently.
Course Typically Offered: Spring, Even Years
Credits: 1",BMB 440 or concurrently.,"Spring, Even Years",1
BMB 455,**Virology**,"Introduction to the study of viruses, emphasizing their nature, methods of cultivation, mode of transmission, genetics
and mechanisms of pathogenicity. Lec 3.
Core Curriculum/Core Requirements:
Prerequisites: BMB 300.
Course Typically Offered: Spring, Odd Years
Credits: 3",BMB 300.,"Spring, Odd Years",3
BMB 456,**Virology Laboratory**,"Introduction to methods of virus propagation, assay and characterization, including cell culture, in vitro infectivity
assays, and cytopathic effects. Lec 3, Lab 2.
Core Curriculum/Core Requirements:
Prerequisites: BMB 455 or concurrently.
Course Typically Offered: Spring, Odd Years
Credits: 1",BMB 455 or concurrently.,"Spring, Odd Years",1
BMB 464,**Analytical and Preparative Biochemical Laboratory Methods**,"Students will experience laboratory techniques for the manipulation and analysis of biochemical materials including
biological activity assays, concentration determinations, ligand binding analysis, enzyme kinetics and macromolecular
fractionation through a discovery based investigation. The lecture component will focus on principles of techniques,
literature investigation, protocol development and data analysis/problem solving. Lec 2, plus Lab 4
Core Curriculum/Core Requirements:
Prerequisites: BMB 322 or BMB 360.
Course Typically Offered: Spring
Credits: 4",BMB 322 or BMB 360.,Spring,4
BMB 467,**Physical Biochemistry**,"Designed for students who have a strong background in the properties and function of biomolecules including proteins,
nucleic acids, lipids, and carbohydrates. Focus will be on the physical, chemical, and thermodynamic principles that
define macromolecular interactions in cells and solution. Topics include thermodynamics of macromolecular systems,
bioenergetics, binding, solution behavior, macromolecular interactions, introduction to quantum mechanics, transport,
separation techniques, spectroscopy, phase transitions, and steady state and rapid reaction kinetic principles and
modern biophysical laboratory techniques.
Core Curriculum/Core Requirements:
Prerequisites: PHY 122 or 112 or concurrently; and BMB 322 or BMB 360; and MAT 127
Course Typically Offered: Fall
Credits: 3",PHY 122 or 112 or concurrently; and BMB 322 or BMB 360; and MAT 127,Fall,3
BMB 475,**Virus-Host Cell Interactions Discovery Laboratory**,"This inquiry-based laboratory course gives students an in-depth understanding of virus-host cell interactions through
the application of essential techniques and concepts in cell culture, virology, and immunology. Students will develop a
scientific toolkit that includes: cell culture, virus infectivity assays, fluorescence microscopy, and other assays such as
western blot, flow cytometry, RT-PCR, and sequence analysis. In this authentic laboratory-training environment,
students will develop novel hypotheses, write a research proposal outlining their experimental strategy, perform
experiments to test their hypotheses and analyze their data, and present their work in lab meetings and written progress
reports throughout the semester.
Prerequisites: BMB305, BMB360, and permission
Course Typically Offered: Variable
Credits: 3","BMB305, BMB360, and permission",Variable,3
BMB 480,**Seminar in Molecular and Biomedical Sciences**,"Preparation and presentation of papers dealing with current research and development in the field of microbiology,
biochemistry and molecular biology.
Prerequisites: Majoring in BCH, MCB, or MLB; Junior or Senior Standing
Course Typically Offered: Fall and Spring
Credits: 1","Majoring in BCH, MCB, or MLB; Junior or Senior Standing",Fall and Spring,1
BMB 491,"**Biochemistry, Microbiology and Molecular Biology Research**","Research in Biochemistry, Microbiology and Molecular Biology. May be repeated for credit.
Core Curriculum/Core Requirements: Capstone
Prerequisites: senior standing or graduate standing.
Course Typically Offered: Fall, Spring, Summer
Credits: Ar",senior standing or graduate standing.,"Fall, Spring, Summer",N/A
BMB 497,**Independent Study**,"A laboratory and conference for students desiring to pursue some particular line of investigation. May be repeated for
credit.
Core Curriculum/Core Requirements:
Prerequisites: permission.
Course Typically Offered: Fall & Spring
Credits: Ar
Biology",permission.,Fall & Spring,N/A
BIO 101,**Explorations in Biology**,"This course is designed for beginning Biology majors (but is appropriate for all students), and attempts to introduce
students to some of the content areas within the discipline of Biology through investigations focused on a particular
Maine organism. This course will also serve as a “First-Year Experience.” Students will work closely with faculty on a
research project, learning concepts and protocols in biology and at the same time developing academic skills that will
contribute to their continued success at UMM.
Course Typically Offered: Every Fall
Credits: 1-2",None,Every Fall,1-2
BIO 111,**Human Anatomy & Physiology I**,"This course studies the workings of the human body. The primary objective is to gain an understanding of how the
healthy human body works. Class discussion and investigations focus on the form and function of individual body
systems and their integration into the living organism. Comparisons will be made between the healthy body and disease
states. The first semester in a two-semester sequence will cover the general structure of the human body, cells, tissues,
the integument, skeletal, muscular, nervous and endocrine systems. Lecture 3 hours, laboratory 2 hours.
Course Typically Offered: Fall
Credits: 4",None,Fall,4
BIO 114,**Careers in Fisheries & Wildlife Biology**,"Successful entry into a career in fisheries or wildlife management usually requires early experience and mentoring by
professionals in the discipline. The course will be a lecture and discussion series, presented by guest lecturers from
state, federal, tribal and private organizations that manage fishery or wildlife resources. These sessions will emphasize
the professional development of the presenters, the work routine and opportunities to get first-hand experience.
Course Typically Offered: Every Fall
Credits: 2",None,Every Fall,2
BIO 118,**Animal Life**,"This introductory course focuses on organisms traditionally discussed in zoology courses including protists, invertebrate
and vertebrate animals. The course will cover the evolutionary relationships among these lineages of organisms, the
adaptations exhibited by members of each group to their modes of living, the reproductive strategies employed by
members of each group and the role of each group in the ecosystems of which they are a part. The laboratory exercises
will present a mix of inquiry-based and descriptive investigations centered around animal form and function. Lecture 3
hours, laboratory 2 hours. The course will meet for one half of the semester.
Prerequisites: BIO 117 with a C- or higher or BIO 100 with a C- or higher
Course Typically Offered: Every Fall and Spring
Credits: 2",BIO 117 with a C- or higher or BIO 100 with a C- or higher,Every Fall and Spring,2
BIO 119,**Plant Life**,"This introductory course focuses on organisms traditionally discussed in botany courses, including vascular and non-
vascular plants, lichens and fungi. The course will cover the evolutionary relationships among these lineages of
organisms, the adaptations exhibited by members of each group to their modes of living, the reproductive strategies
employed by members of each group and the role of each group in the ecosystems of which they are a part. The
laboratory exercises will present a mix of inquiry-based and descriptive investigations centered around plant form and
function. Lecture 3 hours, laboratory 2 hours. The course will meet for one half of the semester.
Prerequisites: Grade of C- or higher in BIO 117 or in BIO 100
Course Typically Offered: Every Spring
Credits: 2",Grade of C- or higher in BIO 117 or in BIO 100,Every Spring,2
BIO 123,**Biology: The Living Science Laboratory**,"A laboratory course, intended for non-majors, focused on examination of the processes and principles of science across
disciplines. Exercises are presented from topics such as ecology, evolution and cellular biology. This course cannot be
applied to Biology, Botany, Zoology or Medical Laboratory Science major requirements. Lab 2.
Core Curriculum/Core Requirements: Together with BIO 122’ , ‘this course satisfies the General Education Lab in
the Basic or Applied Science Requirement.
Prerequisites: BIO 122 or concurrently.
Course Typically Offered: Spring
Credits: 1",BIO 122 or concurrently.,Spring,1
BIO 199,**Special Topics in Biology**,"A course whose subject matter may come from any of a variety of topics in Biology. This course may be repeated for
credit with different topics or at different levels. A lab may be included as part of the course.
Course Typically Offered: Variable
Credits: 1-4",None,Variable,1-4
BIO 205,**Field Natural History of Maine**,"The plant and animal life and physical features of aquatic, wetland, and terrestrial ecosystems in Maine, observed during
five weekday afternoon field trips and two full single-day trips on separate weekends during the first half of the semester.
Each student carries out an independent field natural history project culminating in a research paper during a five-week
project period (no classes) in the second half of the semester. The course concludes with a half-day field trip on winter
natural history. Lec 2, Field 4.
Core Curriculum/Core Requirements: Lab in the Basic or Applied Sciences Requirement.
Prerequisites: C- or better in BIO 100 or SFR 100 or PSE 100
Course Typically Offered: Fall
Credits: 4",C- or better in BIO 100 or SFR 100 or PSE 100,Fall,4
BIO 208,**Anatomy and Physiology**,"An intermediate lecture and laboratory course on the structure of the human body and how it works.
Core Curriculum/Core Requirements: Lab in the Basic or Applied Sciences Requirement.
Prerequisites: A grade of C- or better in BIO 100 or BMB 280, PHY 122, CHY 122, and CHY 124.
Course Typically Offered: Fall, Spring, Summer
Credits: 4","A grade of C- or better in BIO 100 or BMB 280, PHY 122, CHY 122, and CHY 124.","Fall, Spring, Summer",4
BIO 210,**Field and Laboratory Techniques in Biology**,"This course may be used to learn a variety of field and laboratory techniques. Students develop topics in consultation
with the faculty member who will direct the course. Examples of topics are sampling and identification of plankton,
conducting amphibian and avian surveys, laboratory techniques in genetics and immunology, horticultural methods,
vegetation sampling and analysis.
Course Typically Offered: Every Fall and Spring
Credits: 1-2",None,Every Fall and Spring,1-2
BIO 215,**Applied Statistics for Biologists**,"Designed for students who intend to use statistics and statistical software later in their education and professional lives.
This course offers an extensive and in-depth introduction to the concepts and methods of statistics in the three parts:
data analysis, data production, and statistical inference. The course also includes a limited introduction to probability.
Students learn about the role of variability in hypothesis testing using both parametric and non-parametric tests. The
course is taught in the computer classroom with each student having individual access to statistical software. The
software, used for all applications discussed in class, is an important part of the course for demonstration, student
tutorials, and discussing homework.
Core Curriculum/Core Requirements: Quantitative Literacy
Prerequisites: MAT 103 or MAT 111 or demonstrated proficiency in pre-college mathematics (>= 500 on SAT MATH
exam, >= 530 on SAT MSS exam, >= 21 on ACT Math exam or >= 61 on the Aleks Math Placement Exam).
Course Typically Offered: Fall
Credits: 4",MAT 103 or MAT 111 or demonstrated proficiency in pre-college mathematics (>= 500 on SAT MATH,Fall,4
BIO 216,**Introduction to Mammalogy**,"Provides an introduction to the ecological and evolutionary contexts that led to the radiation of mammals, and a strong
grounding in the physiological/reproductive strategies that differentiate mammals from other tetrapods. Students are
exposed to the common techniques used in studying mammals, including an introduction into DNA technology. The
major orders of mammals is reviewed and important recent shifts in the classification are discussed. When appropriate,
Maine mammals are used to illustrate concepts. Students further this emphasis through the preparation of museum-
quality specimens or a research paper. Lecture 3 hours, laboratory 2 hours.
Prerequisites: BIO 117 and BIO 118 or BIO 100 and BIO 200, or permission of instructor.
Course Typically Offered: Spring - Alternate Years
Credits: 4","BIO 117 and BIO 118 or BIO 100 and BIO 200, or permission of instructor.",Spring - Alternate Years,4
BIO 226,**Introduction to Insect Identification**,"Insects are the most diverse group of organisms on earth. This course provides students with an introduction to insect
diversity and how to identify common orders and families found in the northeast. Some basic natural history regarding
insects will also be discussed. Outdoor labs and an insect collection will be required.
Course Typically Offered: Fall
Credits: 1",None,Fall,1
BIO 229,**Plant Systematics**,"An introduction to the identification, classification and evolution of vascular and non-vascular plants and lichens.
Topics considered include the history of taxonomy, plant life cycles, taxonomically important anatomical and
morphological features of plants, classification systems, characteristics of selected plant families and methods of
phylogenetic inference. Lecture and field work place approximately equal emphasis on knowledge of the local flora and
recognition of important plant families. Laboratory work includes methods of specimen preparation, identification and
mounting and organization maintenance of an herbarium and methods of phylogenetic inference. Lecture 2 hours,
laboratory 4 hours.
Prerequisites: BIO 117 and BIO 119 or BIO 100 and BIO 200, or permission of instructor.
Course Typically Offered: Fall-Alternate Years (Old years)
Credits: 4","BIO 117 and BIO 119 or BIO 100 and BIO 200, or permission of instructor.",Fall-Alternate Years (Old years),4
BIO 234,**Animal Physiology**,"This course will focus on a comparison of the physiological strategies animals use to overcome the challenges they face.
There are three broad topics: energetics (partitioning of energy between reproduction, growth and movement),
maintenance of homeostasis (temperature regulation, water balance, gas exchange, excretion and acquisition of
nutrients) and cellular communication and integration of systems.
Prerequisites: BIO 118 or BIO 200, or permission of instructor.
Course Typically Offered: Fall - Alternate Years
Credits: 4","BIO 118 or BIO 200, or permission of instructor.",Fall - Alternate Years,4
BIO 240,**Introduction to Bioethics**,"This course introduces students to the structure and formulation of logical arguments. Students then apply those skills
in the analysis of arguments from the realm of bioethics in two ways. Analysis of bioethical arguments from the primary
literature comprises one set of course assignments while composition of a research paper on a bioethical topic of the
student’s choosing comprises the remainder of the course assignments.
Core Curriculum/Core Requirements: Ethics
Prerequisites: ENG 101
Course Typically Offered: Every Spring
Credits: 3",ENG 101,Every Spring,3
BIO 245,**Ecology**,"An introduction to the major ecological concepts of energy flow, community and population structure, nutrient cycling,
competition, and predation demonstrated through the study of selected ecosystems. The influence of geological
processes in New England on soil formation and community structure is studied in lectures and field trips. Students are
introduced to sampling techniques, experimental design, and statistical analysis of data through field trips to local
aquatic, marine, and terrestrial ecosystems.
Core Curriculum/Core Requirements: Service Learning Experience
Prerequisites: BIO 117, BIO 118, BIO 119 and MAT 111M (may be taken concurrently), or permission of instructor.
Course Typically Offered: Every Fall
Credits: 4","BIO 117, BIO 118, BIO 119 and MAT 111M (may be taken concurrently), or permission of instructor.",Every Fall,4
BIO 265,**Fundamentals of Evolution**,"The origin and development of evolutionary theory and the mechanisms which bring about the genetic differentiation of
groups of organisms. Lec 3.
Core Curriculum/Core Requirements:
Prerequisites: BIO 100.
Course Typically Offered: Spring
Credits: 3",BIO 100.,Spring,3
BIO 299,**Special Topics in Biology**,"A course whose subject matter may come from any of a variety of topics in Biology. This course may be repeated for
credit with different topics or at different levels. A lab may be included as part of the course.
Course Typically Offered: Variable
Credits: 1-4",None,Variable,1-4
BIO 305,**Research Seminar**,"This course is designed to allow students to assimilate the multiple aspects of independent research in a group setting.
There are six primary components of the course: 1) review of primary literature pertinent to the project, 2) presentations
by invited experts in the field, 3) discussion of stakeholder perspectives and options for effective communication of data,
4) training and education on new technologies and techniques, 5) student presentations (data presentation and summar
will be required) and 6) open discussion and trouble-shooting of individual research projects. The specific research
topics addressed will change as the focus of the various research projects changes. This course can be taken multiple
times.
Corequisites: Participation in a research project, such as Senior Thesis in Biological Research (BIO 404, BIO 405, BIO
406), an Independent Study research project, or permission of instructor.
Course Typically Offered: Variable
Credits: 1",None,Variable,1
BIO 307,**Interdisciplinary Neuroscience**,"An interdisciplinary overview of the biology of nervous systems, including cellular and molecular biology, physiology,
histology, neuroanatomy, modern neuroscience techniques, neurological conditions, and a strong emphasis on
transferable scientific skills such as critical thinking, writing, working with data, and reading research literature.
Core Curriculum/Core Requirements:
Prerequisites: A grade of C- or better in BIO 200 or SMS 201 or BMB/HON 155; or BIO 100 and PSY 100 and
Neuroscience minor; or permission
Course Typically Offered: Fall
Credits: 3",A grade of C- or better in BIO 200 or SMS 201 or BMB/HON 155; or BIO 100 and PSY 100 and,Fall,3
BIO 310,**Plant Biology**,"Examines the structure (morphology, anatomy), function (physiology), reproduction, ecology, and systematic
significance of the major groups of plants. Emphasis will be given to the flowering plants and the ecology of the various
plant groups. Lec 3, Lab 3. Course will include field trips during class hours.
Core Curriculum/Core Requirements: Lab in the Basic or Applied Sciences Requirement.
Prerequisites: BIO 200 or PSE 100 or SFR 100 or equivalent.
Course Typically Offered: Spring
Credits: 4",BIO 200 or PSE 100 or SFR 100 or equivalent.,Spring,4
BIO 311,**Animal Ecophysiology**,"Animal ecophysiology is the study of how animal forms and function are shaped by the environment. This course
explores the physiological processes of animals with emphasis on energy metabolism, integrative organismal systems,
and homeostatis.
Core Curriculum/Core Requirements:
Prerequisites: BIO 200 or BIO 208 or SMS 201
Course Typically Offered: Fall, Odd years
Credits: 3",BIO 200 or BIO 208 or SMS 201,"Fall, Odd years",3
BIO 315,**Experimental Design & Analysis for Biologists**,"This course will introduce students to the most common and widely used experimental designs to generate biological
data for both continuous and categorical variables. The emphasis will be on how to: 1) design resource-appropriate
sampling programs; 2) avoid mistakes that make analyzing data difficult; and, 3) properly analyze data. Statistical
methods such as analysis of variance, linear and non-linear regression, analysis of covariance, analysis of frequencies,
and an introduction to multivariate analysis will be presented.
Prerequisites: BIO 215
Course Typically Offered: Spring
Credits: 4",BIO 215,Spring,4
BIO 326,**General Entomology**,"Fundamental principles of insect life and the relation of insects to plants, animals, and humans. Laboratory includes a
study of structure, and systematics. An insect collection is required. Lec 3, Lab 3. Course will include field trips during
class hours.
Core Curriculum/Core Requirements: Lab in the Basic or Applied Sciences Requirement.
Prerequisites: BIO 100 or PSE 100 or SFR 100
Course Typically Offered: Fall
Credits: 4",BIO 100 or PSE 100 or SFR 100,Fall,4
BIO 328,**Invertebrate Zoology**,"This course is a survey of the great diversity of free-living and parasitic organisms without backbones. While terrestrial
and aquatic groups are studied, marine organisms and their planktonic stages are emphasized. The anatomy,
systematics, and biology of invertebrates are studied through lectures, collections, dissections, microscopy, and
videotape. Lecture 2 hours, laboratory 4 hours.
Prerequisites: BIO 117 and BIO 118 or BIO 100 and BIO 200 and sophomore standing or higher, or permission of
instructor.
Course Typically Offered: Every Spring
Credits: 4","BIO 117 and BIO 118 or BIO 100 and BIO 200 and sophomore standing or higher, or permission of",Every Spring,4
BIO 329,**Vertebrate Biology**,"An introduction to the classes of vertebrates, their characteristics, evolution, reproduction and locomotion. Emphasis on
adaptive aspects of structure and life histories. Lec 3.
Core Curriculum/Core Requirements:
Prerequisites: A grade of C- or better in BIO 200 or in SMS 201.
Course Typically Offered: Fall
Credits: 3",A grade of C- or better in BIO 200 or in SMS 201.,Fall,3
BIO 333,**Plant Ecology**,"This course provides a general introduction to plant population and community ecology. Among the topics considered
are the development and dynamics of plant community structure; plant population demography; species interactions;
effects of disturbance on population and community structure and dynamics.
Prerequisites: BIO 245, or permission of instructor.
Course Typically Offered: Fall - Alternate Years (Offered fall semesters of even-numbered years.)
Credits: 4","BIO 245, or permission of instructor.",Fall - Alternate Years (Offered fall semesters of even-numbered years.),4
BIO 334,**Eukaryotic Cell Biology**,"A study of the properties of eukaryotic cells. As the smallest unit of life, the cell defines both the potential capabilities
and inherent limitations of all forms of life. This course explores the structure, physiology, and biochemistry of cells,
with the primary goal of developing an appreciation for the connections between the workings of individual cells and the
activity of the whole organism.
Prerequisites: BIO 117 or BIO100 and CHY 122, CHY 124, and MAT 111 or permission of instructor.
Course Typically Offered: Spring - Alternate Years
Credits: 4","BIO 117 or BIO100 and CHY 122, CHY 124, and MAT 111 or permission of instructor.",Spring - Alternate Years,4
BIO 335,**Human Anatomy**,"An intermediate course that introduces the study of human anatomy through examination of the structure of the human
body and other vertebrates. It emphasizes the relationship between structure and function and encourages the
development of skills in dissection and interpretation of anatomical specimens. Intended for students interested in
further studies in medicine or pathology.
Core Curriculum/Core Requirements:
Prerequisites: BIO 200 or SMS 201
Course Typically Offered: Spring
Credits: 4",BIO 200 or SMS 201,Spring,4
BIO 340,**Evolution**,"A study of the scientific theories and evidence related to the process of evolution. Topics covered include the
mechanisms of evolution, molecular evolution, speciation, and the history of life. Lecture 3 hours.
Prerequisites: BIO 352 or permission of instructor. (CHY 251, CHY 253 and BIO 215 recommended.)
Course Typically Offered: Spring - Alternate Years
Credits: 3","BIO 352 or permission of instructor. (CHY 251, CHY 253 and BIO 215 recommended.)",Spring - Alternate Years,3
BIO 351,**Animal Development**,"A course combining the classical study of embryology with an emphasis on the genetic and biochemical control of
development. Animal embryos are studied in the context of cell differentiation and formation of body pattern.
Influences of the environment on developmental processes will also be investigated.
Prerequisites: BIO 334 and BIO 352, or permission of instructor.
Course Typically Offered: Spring - Alternate Years
Credits: 3","BIO 334 and BIO 352, or permission of instructor.",Spring - Alternate Years,3
BIO 352,**Genetics**,"An in-depth investigation into the mechanisms of heredity. The course builds strong foundations in Mendelian and
molecular genetics. Topics covered include probability, pedigree analysis, the molecular biology of the gene, gene
expression, mechanisms of mutation, and population genetics. The laboratory portion of the course includes common
organismal and molecular techniques used in whole organism genetic analysis and molecular biology. Lecture 3 hours,
laboratory 3 hours.
Prerequisites: BIO 117 or BIO100 and CHY 122, CHY 124, and MAT 111 or permission of instructor
Course Typically Offered: Every Fall
Credits: 4","BIO 117 or BIO100 and CHY 122, CHY 124, and MAT 111 or permission of instructor",Every Fall,4
BIO 353,**Invertebrate Zoology**,"The morphology, ecology, life histories and phylogenetic relationships of non-vertebrate animals, excluding insects and
parasites. NOTE: Because of overlap, BIO 353 and SMS 480 cannot both be taken for degree credit. Lec 3, Lab 3. Course
will include field trips during class hours.
Core Curriculum/Core Requirements:
Prerequisites: BIO 200 or SMS 201
Course Typically Offered: Spring
Credits: 4",BIO 200 or SMS 201,Spring,4
BIO 356,**Conservation Biology**,"A course examining the principles and practices of measuring, maintaining, and enhancing biological diversity. The
course focuses on applications of ecology, population biology, and genetics to the conservation of species and
ecosystems. Laboratories may include computer simulations and field work. Lecture 3 hours, laboratory 2 hours.
Prerequisites: BIO 245 Junior or Senior Standing or permission of instructor
Course Typically Offered: Spring - Alternate Years
Credits: 4",BIO 245 Junior or Senior Standing or permission of instructor,Spring - Alternate Years,4
BIO 378,**Medical Physiology Laboratory**,"Experimental analysis of physiological processes. Some animal surgery is involved. Lab 4.
Core Curriculum/Core Requirements:
Prerequisites: BIO 311 or BIO 377 concurrently or previously and 1 year of chemistry.
Course Typically Offered: Fall
Credits: 2",BIO 311 or BIO 377 concurrently or previously and 1 year of chemistry.,Fall,2
BIO 387,**Undergraduate Research in Biology**,"Open to sophomores, juniors and seniors who have special interest and qualifications in some branch of applied
biological research. (May be repeated for credit until a total of 6 credits have been earned; 3 credits may be used towards
the 24 total credits required in the biological science areas.)
Core Curriculum/Core Requirements:
Prerequisites: Minimum sophomore standing and departmental consent.
Course Typically Offered: Fall, Spring, Summer
Credits: 1-6",Minimum sophomore standing and departmental consent.,"Fall, Spring, Summer",1-6
BIO 391,**Undergraduate Independent Study in Biology**,"Open to students who are interested in independent exploration of biological concepts. May be repeated for credit until a
total of 6 credits has been earned, 3 credits may be used towards the 24 total credits required in the biological science
areas.
Core Curriculum/Core Requirements:
Prerequisites: Departmental Consent.
Course Typically Offered: Fall, Spring, Summer
Credits: 1-6",Departmental Consent.,"Fall, Spring, Summer",1-6
BIO 392,**Independent Study Capstone in Biology**,"Independent Study. (May be repeated for credit until a total of 3 credits have been earned.)
Core Curriculum/Core Requirements: Writing Intensive and Capstone Experience Requirements (a total of 3
credits are required).
Prerequisites: Permission of department.
Course Typically Offered: Fall, Spring, Summer
Credits: 1-3",Permission of department.,"Fall, Spring, Summer",1-3
BIO 399,**Special Topics in Biology**,"A course whose subject matter may come from any of a variety of topics in Biology. This course may be repeated for
credit with different topics or at different levels. A lab may be included as part of the course.
Course Typically Offered: Variable
Credits: 1 - 4",None,Variable,1
BIO 400,**Biological Sciences Writing Intensive**,"Designed to supplement existing courses in Biology. Additional writing will be required in conjunction with regular
course work providing students with intensive writing in their major discipline. May be repeated for credit up to a total
of 4 credit hours.
Core Curriculum/Core Requirements: Writing Intensive
Prerequisites: Permission; must be taken concurrently with one Biology course.
Course Typically Offered: Fall & Spring
Credits: 1-2",Permission; must be taken concurrently with one Biology course.,Fall & Spring,1-2
BIO 410,**Senior Seminar in Biology**,"Biology majors with a GPA less than 3.0 must take BIO 410 rather than one of the Senior Thesis sequences. This is a
one-semester seminar course in which students can expect to have regular reading assignments and class discussions.
The topic or topics are chosen in advance by the instructor. Students have an opportunity to investigate areas within the
topic(s) of particular interest to them. Papers, oral reports, and/or exams are required at the discretion of the instructor.
Core Curriculum/Core Requirements: Capstone and Writing Intensive
Prerequisites: Senior Standing or permission of instructor
Course Typically Offered: Every Spring
Credits: 3",Senior Standing or permission of instructor,Every Spring,3
BIO 412,**Senior Thesis in Biology**,"Course is designed for students wishing to prepare an in-depth literature review of an aspect of Biology of particular
interest. Students typically begin the sequence during the second semester of the junior year of study. Students first
enroll in BIO 401, and in consultation with a thesis advisor, select a topic and prepare a bibliography and an outline of
the paper. A grade of “pass” or “fail” is awarded.
Course may be repeated 3 time for a total of 3 credits.
Prerequisites: Department Consent
Course Typically Offered: Fall and Spring
Credits: 1",Department Consent,Fall and Spring,1
BIO 413,**Senior Thesis in Biology**,"In the second semester of the sequence, students enroll in BIO 402. During this semester, the bibliography is updated,
and a preliminary draft of the paper is submitted to the thesis advisor. A grade of “pass” or “fail” is awarded.
Course may be repeated a total of two times with a total of 2 credits earned.
Prerequisites: Department Consent
Course Typically Offered: Fall and Spring
Credits: 1",Department Consent,Fall and Spring,1
BIO 414,**Senior Thesis III in Biology**,"In the third semester of the sequence, students enroll in BIO 403. A final draft of the paper is submitted to the Division
of Environmental and Biological Science faculty. Students make an oral presentation of the topic and make any
corrections to the paper required by the division faculty. A grade of “pass” or “fail” is awarded.
Class Note: 3.0 GPA within the major and overall, and approval by a thesis advisor.
Prerequisites: Department Consent
Course Typically Offered: Fall and Spring
Credits: 1",Department Consent,Fall and Spring,1
BIO 416,**Senior Thesis in Biological Research**,"In the second semester of the sequence, the student enrolls in BIO 416. During this semester, the student completes the
experimental portion of thesis work and prepares a draft paper. A grade of “pass” or “fail” is awarded.
Core Curriculum/Core Requirements: Satisfies Capstone Experience and Writing Intensive in Major when taken
with BIO 404 and BIO 406
Prerequisites: BIO 215, a 3.0 GPA within the major and overall, and Departmental Consent required.
Course Typically Offered: Every Fall and Spring
Credits: 2","BIO 215, a 3.0 GPA within the major and overall, and Departmental Consent required.",Every Fall and Spring,2
BIO 429,**Plant-Insect Interaction**,"Herbivorous insects and their host plants represent a prime example of coevolution - the populations of interacting
species acting as selective agents of adaptation for one another. This course will discuss the many ways in which insects
exploit woody and herbaceous plants, and how these interactions can benefit or adversely affect plant growth, survival,
and competition. In addition, the course reviews the mechanisms involved with plant-insect interactions, including
those related to chemical defenses, behaviors, adaptations, and management. BIO 429 and BIO 529 cannot both be
taken for credit.
Prerequisites: BIO 200 or BIO 326 or PSE 100 or SFR 100 or permission of instructor
Course Typically Offered: Spring, alternating years
Credits: 3",BIO 200 or BIO 326 or PSE 100 or SFR 100 or permission of instructor,"Spring, alternating years",3
BIO 430,**Ecology and Systematics of Aquatic Insects**,"Taxonomy, life history and ecology of aquatic insects. Emphasis on role of insects in the structure and function of
aquatic ecosystems in both natural and managed settings. Field trips during class hours, research project and collection
required. Lec 2, Lab 4.
Core Curriculum/Core Requirements:
Prerequisites: BIO 200 or BIO227 or BIO 326&nbsp; or SMS 201 or permission
Course Typically Offered: Fall, Odd Years
Credits: 4",BIO 200 or BIO227 or BIO 326&nbsp; or SMS 201 or permission,"Fall, Odd Years",4
BIO 432,**Biology of the Fungi**,"Ecology, physiology and classification of the major groups of fungi and their impact on human affairs. Laboratory and
fieldwork will emphasize current techniques used to study fungi. (Because of overlap, BIO 432 and BIO 532 cannot both
be taken for degree credit.) Course will include field trips during class hours and on weekends.
Core Curriculum/Core Requirements: Lab in the Basic or Applied Sciences
Prerequisites: BIO 100 and BIO 200 and sophomore or higher standing; or permission.
Course Typically Offered: Fall, Odd Years
Credits: 4",BIO 100 and BIO 200 and sophomore or higher standing; or permission.,"Fall, Odd Years",4
BIO 433,**Mammalogy**,"Considers the characteristics, functional anatomy, behavior and ecology of mammals. Lectures, laboratory study and
field trips. Lec 3, Lab 3.
Core Curriculum/Core Requirements:
Prerequisites: BIO 329 or permission.
Course Typically Offered: Spring
Credits: 4",BIO 329 or permission.,Spring,4
BIO 434,**Avian Biology and Ecology**,"Advanced discussion of the characteristics, functional morphology, behavior, evolution, biogeography, and ecology of
birds. Lectures and an independent project. Lec 3.
Core Curriculum/Core Requirements:
Prerequisites: STS 232 or WLE 220, and BIO 200 or SMS 201, and BIO 219 or WLE 200 or SMS 300, or permission
Course Typically Offered: Spring, Odd Years
Credits: 3","STS 232 or WLE 220, and BIO 200 or SMS 201, and BIO 219 or WLE 200 or SMS 300, or permission","Spring, Odd Years",3
BIO 438,**Morphogenesis in Development and Disease**,"Analysis of interacting systems in normal development and metastatic cancer and neuromuscular diseases. Study of
regulation of morphogenesis and differentiation at the organ, tissue and cellular levels, with emphasis on experimental
approaches towards problems in development, cancer biology, and neuromuscular diseases.
Core Curriculum/Core Requirements: Capstone Experience and Writing Intensive
Prerequisites: BIO 200 or SMS 201 and Junior or Senior Standing
Course Typically Offered: Fall, even years
Credits: 3",BIO 200 or SMS 201 and Junior or Senior Standing,"Fall, even years",3
BIO 439,**Integrated Pest Management**,"An introduction to entomology with emphasis on regulating populations of pest insects and the fundamentals of insect
biology that influence insect populations of importance to ornamental plants, protected cultured, and field crops. BIO
439 and 539 cannot both be taken for credit.
Core Curriculum/Core Requirements: Writing Intensive and Capstone
Prerequisites: BIO 200, Junior standing in ENH or SAG, or instructor permission
Course Typically Offered: Fall
Credits: 3","BIO 200, Junior standing in ENH or SAG, or instructor permission",Fall,3
BIO 450,**Histology**,"Microscopic anatomy of animal tissues. Lec 2, Lab 4. Course will include field trips during class hours.
Core Curriculum/Core Requirements: Capstone Experience and Writing Intensive
Prerequisites: Junior standing and BIO 200 or BIO 208 or SMS 201 or permission
Course Typically Offered: Spring
Credits: 4",Junior standing and BIO 200 or BIO 208 or SMS 201 or permission,Spring,4
BIO 452,**Plant Physiology**,"Physiological processes in plants, with emphasis on water relations, mineral nutrition and physiological ecology. Lec 3.
Core Curriculum/Core Requirements:
Prerequisites: BIO 200 or PSE 100 or SFR 100, and either CHY 121 or BMB 207
Course Typically Offered: Fall
Credits: 3","BIO 200 or PSE 100 or SFR 100, and either CHY 121 or BMB 207",Fall,3
BIO 455,**Biological Invasions**,"Analysis of mechanisms behind species establishment in new areas, their impact on native ecology, theoretical bases of
invasion-related phenomena, and economic and sociopolitical costs inflicted by exotic species.
NOTE: BIO 455 and BIO 555 cannot both be taken for degree credit
Core Curriculum/Core Requirements: Population and the Environment
Prerequisites: BIO 219 or WLE 200 or SMS 300 or SMS 352 or SFR 407 or permission of instructor.
Course Typically Offered: Spring, even years
Credits: 3",BIO 219 or WLE 200 or SMS 300 or SMS 352 or SFR 407 or permission of instructor.,"Spring, even years",3
BIO 463,**River Ecology**,"An introduction to the ecology of rivers with emphasis on the role of physical and biological factors in controlling
ecosystem processes and how these processes are influenced by human activities. Field trips and research projects
required.
Core Curriculum/Core Requirements: Capstone Experience and Writing Intensive
Prerequisites: BIO 219 or SMS 300 or WLE 200 or permission.
Course Typically Offered: Fall, Even Years
Credits: 4",BIO 219 or SMS 300 or WLE 200 or permission.,"Fall, Even Years",4
BIO 464,**Taxonomy of Vascular Plants**,"The primary emphasis is identification of major families and genera of flowering plants. Topics relating to the origin of
plant diversity - phylogeny, evolution, pollination, hybridization, biogeography, and the flora of Maine - are also
considered. Lec 2, Rec 1, Lab 2. Course will include field trips during class hours.
Core Curriculum/Core Requirements: Lab in the Basic or Applied Sciences
Prerequisites: BIO 200 or SFR 100 or PSE 100.
Course Typically Offered: Fall
Credits: 4",BIO 200 or SFR 100 or PSE 100.,Fall,4
BIO 474,**Neurobiology**,"Focuses on the organization and function of the nervous systems in various animals. Specifically addresses how single
nerve cells function; how groups of neurons interact; how systems of neurons provide brain function and behavior.
Sensory and motor system interplay will be emphasized. Note: Because of overlap, BIO 474 and BIO 574 cannot be taken
for degree credit.
Core Curriculum/Core Requirements:
Prerequisites: A grade of C- or better in BIO 200 or in SMS 201, CHY 121 or BMB 207, and 3 credits of Physics; or
enrollment in the Neuroscience minor and BIO 307
Course Typically Offered: Fall and Spring and Summer
Credits: 3","A grade of C- or better in BIO 200 or in SMS 201, CHY 121 or BMB 207, and 3 credits of Physics; or",Fall and Spring and Summer,3
BIO 476,**Paleoecology**,"Explores the relationships between fossil organisms and their environments over recent geologic timescales, and how
long-term perspectives can inform modern ecology and conservation. This course involves a combination of lectures,
primary literature discussion, and a hands-on collaborative research project. Students will learn transferable laboratory
and data analysis skills, as well as how to improve their writing for both scientific and public audiences.
Core Curriculum/Core Requirements: Writing Intensive and Capstone
Prerequisites: BIO 219 or BIO 468 or SFR 407 or SMS 300 or SMS 352 or WLE 200.
Course Typically Offered: Spring, Even Years
Credits: 4",BIO 219 or BIO 468 or SFR 407 or SMS 300 or SMS 352 or WLE 200.,"Spring, Even Years",4
BIO 483,**Cell Biology Laboratory**,"A laboratory course consisting of exercises employing techniques commonly utilized in cell biological research, with an
emphasis on mammalian cell culture, cellular energetics, and skills essential for a career involving cell biology lab work.
Note: Because of overlap, BIO 483 and BIO 583 cannot both be taken for degree credit.
Core Curriculum/Core Requirements: Satisfies the General Education Capstone Experience and Writing Intensive
Requirements if taken together with BIO 480.
Prerequisites: BIO 480 or concurrently.
Course Typically Offered: Spring
Credits: 2",BIO 480 or concurrently.,Spring,2
BIO 499,**Special Topics in Biology**,"A course whose subject matter may come from any of a variety of topics in Biology. This course may be repeated for
credit with different topics or at different levels. A lab may be included as part of the course.
Course Typically Offered: Variable
Credits: 1 - 4
Biomedical Engineering",None,Variable,1
BEN 112,**Introduction to Biomedical Engineering II**,"Commercial and public domain computer software for data acquisition, analysis, and graphical representation, as well as
database searching, will be introduced. The application of these tools is explore through group activities and hands-on
design projects relevant to the biomedical engineering profession.
Core Curriculum/Core Requirements:
Prerequisites: MAT 126 or permission.
Course Typically Offered: Spring
Credits: 2",MAT 126 or permission.,Spring,2
BEN 201,**Fundamentals of Biomedical Engineering**,"Introduction to basic engineering concepts as they apply to biological systems; molecular and biochemical kinetics;
thermodynamic principles, and their applications to material and energy balances in closed and open biological systems
(biochemical cycles, cells, systems); integration of basic mathematical, chemical and physical concepts into biomedical
engineering practice; introduction to the biomedical and biotechnology industries.
Core Curriculum/Core Requirements:
Prerequisites: CHY 121, CHY 122, MAT 126 and MAT 127 or permission
Course Typically Offered: Fall
Credits: 4","CHY 121, CHY 122, MAT 126 and MAT 127 or permission",Fall,4
BEN 361,**Biomedical Engineering Laboratory I**,"Principles of biomedical engineering are applied in the laboratory setting, using analogs of biomedical systems and
appropriate instrumentation. An emphasis is placed on formal written and oral reports.
Core Curriculum/Core Requirements: Writing Intensive
Prerequisites: A grade of C- or better in BEN 202, PHY 122, MAT 258 or permission.
Course Typically Offered: Fall, Summer
Credits: 3","A grade of C- or better in BEN 202, PHY 122, MAT 258 or permission.","Fall, Summer",3
BEN 363,**Biomedical Engineering Laboratory II**,"Application of engineering design principles to the development of biomedical products and instrumentation. An
emphasis is placed on formal written and oral reports.
Core Curriculum/Core Requirements: Writing Intensive
Prerequisites: Grade of C- or better in BEN 361, BEN 401, BEN 403, ECE 209 and STS 332 or permission.
Course Typically Offered: Spring and Summer
Credits: 3","Grade of C- or better in BEN 361, BEN 401, BEN 403, ECE 209 and STS 332 or permission.",Spring and Summer,3
BEN 401,**Dynamic Biomedical Systems**,"Analysis of performance characteristics of biological systems in terms of material and energy balances, kinetics, and
transport processes. Approaches toward design of artificial assist devices and delivery of therapeutics based upon the
relevant performance characteristics and pharmacokinetics.
Core Curriculum/Core Requirements:
Prerequisites: Grade of C- in BEN 201 and BEN 202, PHY 122, MAT 258, BIO 208 or permission.
Course Typically Offered: Fall and Summer
Credits: 3","Grade of C- in BEN 201 and BEN 202, PHY 122, MAT 258, BIO 208 or permission.",Fall and Summer,3
BEN 402,**Biomaterials and the Cellular Interface**,"The course is focused on the application of biomedical engineering principles to the design, testing, and use of
biomaterials. The critical properties of materials such as those used for fabrication of biocompatible implanted devices,
surgical materials and diagnostic tests will be examined. The course will address the contribution of cell-surface
interactions, tissue compatibility, physical stability, and other parameters to the identification of design constraints.
Core Curriculum/Core Requirements:
Prerequisites: A C- or better in BEN 201 and BEN 202 and BMB 280, CHY 251 or permission.
Course Typically Offered: Spring
Credits: 3","A C- or better in BEN 201 and BEN 202 and BMB 280, CHY 251 or permission.",Spring,3
BEN 451,**Biological and Medical Image Analysis I**,"Introduction to computational analysis of imaging data from biological and medical contexts. Math and physic-based
algorithmic development and programming centered on scripting languages such as ImageJ/Fiji and R.Development of
a term project.
Core Curriculum/Core Requirements:
Prerequisites: MAT 228 and 258 (or MAT 262 and MAT 259) or permission of the instructor
Course Typically Offered: Fall
Credits: 3",MAT 228 and 258 (or MAT 262 and MAT 259) or permission of the instructor,Fall,3
BEN 452,**Biological and Medical Image Analysis II**,"Advanced computational analysis of imaging data from biological and medical contexts. Math and physics-based
algorithmic development and programming centered on scripting languages such as ImageJ/Fiji and R. Development of
a term project. In consultation with the instructor, each student will work on the computational analysis/modeling of
one or more biomedical image datasets.
Core Curriculum/Core Requirements:
Prerequisites: BEN 451 or permission of instructor
Course Typically Offered: Spring
Credits: 3",BEN 451 or permission of instructor,Spring,3
BEN 478,**Biomedical Engineering Design I**,"Application of engineering principles and design strategies to the solution of problems relevant to the biomedical
community including: products, processes, devices, or techniques. Emphasis on oral and written communications and
working in small design groups.
Core Curriculum/Core Requirements: BEN 478 and BEN 479 must both be taken to satisfy the Capstone
Experience.
Prerequisites: Grade of C- or better in BEN 363 and BEN 403, or permission.
Corequisites: BEN 477
Course Typically Offered: Fall
Credits: 2","Grade of C- or better in BEN 363 and BEN 403, or permission.",Fall,2
BEN 479,**Biomedical Engineering Design II**,"Application of professional practices and engineering principles to the solution of complex, open-ended, design
challenges. This can involve the design, prototyping, and optimization of products, processes, devices, or techniques
relevant to the biomedical community. Emphasis on oral and written communications and working in small design
groups.
Core Curriculum/Core Requirements: BEN 478 and BEN 479 must both be taken to satisfy the Capstone.
Together with BEN 493 , & BEN 477, this course satisfies the Ethics requirement.
Prerequisites: BEN 477 and BEN 478
Course Typically Offered: Spring.
Credits: 3",BEN 477 and BEN 478,Spring.,3
BEN 493,**Biomedical Engineering Seminar**,"Discussion of recent developments in the Biomedical Engineering field, in addition to related fields.
Course note: May be repeated for credit up to two completions with a total of 1 credit.
Core Curriculum/Core Requirements: Together with ‘BEN 477’ , ‘& BEN 479’ , ‘this course satisfies the General
Education Ethics requirement.
Prerequisites: Senior standing in Biomedical Engineering curriculum, or permission
Course Typically Offered: Fall & Spring
Credits: 0-1","Senior standing in Biomedical Engineering curriculum, or permission",Fall & Spring,0-1
BEN 494,**Bioengineering Practice**,"A cooperative work experience in an industrial, non-profit, government, medical or academic environment in
Bioengineering. May be repeated for credit to a maximum of 8 credit hours. (Offered by arrangement.)
(Pass/Fail Grade Only.)
Core Curriculum/Core Requirements:
Course Typically Offered: Fall, Spring, Summer
Credits: Ar",None,"Fall, Spring, Summer",N/A
BEN 498,**Special Topics in Biomedical Engineering**,"Course work in selected subjects relevant to the field of biomedical engineering, or related areas of science and
technology not covered in other regular course offerings.
This course can be repeated for credit as long as it is a different topic and two sections on different topics can be taken
concurrently.
Core Curriculum/Core Requirements:
Prerequisites: Permission required.
Course Typically Offered: Fall, Spring, Summer
Credits: 1-3",Permission required.,"Fall, Spring, Summer",1-3
BEN 499,**Undergraduate Thesis**,"Original investigation of a biomedical engineering problem. A committee of at least three faculty members will supervise
the thesis and its defense. The topic must be chosen and approved by the committee prior to the senior year. (Offered
by arrangement).
Course note: Course may be repeated for credit with a total of 6 completions and a maximum of 6 credits.
Core Curriculum/Core Requirements:
Course Typically Offered: Fall, Spring, Summer
Credits: 1-6
Business Administration",None,"Fall, Spring, Summer",1-6
BUA 110,**Foundations Personal Finance**,"This course is an introduction to topics in personal finance, including interest rates, consumer banking, consumer credit,
personal budgeting, personal loans, time value of money basics, and related concepts. Cannot be repeated for credit if
previously taken as FIN 290 topic Personal Finance-Basics.
Prerequisites: Business major or minor
Course Typically Offered: Fall and Spring
Credits: 1",Business major or minor,Fall and Spring,1
BUA 210,**Investing for your Future**,"This course is a continuation of topics in personal finance with an emphasis on increasing complexity. Topics include
insurance, short-term investments, the basics of stocks and bonds, the concept of risk and return, pooled investments,
and retirement accounts. Other topics, such as taxes and real estate, may be discussed as time allows. This course cannot
be repeated for credit if previously taken as FIN 290 Topic Personal Finance-Advanced
Prerequisites: Business major or minor, C- or better in BUA 110
Course Typically Offered: Fall and Spring
Credits: 1","Business major or minor, C- or better in BUA 110",Fall and Spring,1
BUA 290,**Special Topics in Professional Skills**,"Introduces students to aspects of the Management discipline. Special topics may include areas relevant to any aspect of
management at an introductory level. This course may be repeated for credits
Core Curriculum/Core Requirements:
Prerequisites: Business Major or Minor
Course Typically Offered: Not Regularly Offered
Credits: 1-3",Business Major or Minor,Not Regularly Offered,1-3
BUA 305,**Excel Expert for Business Analytics**,"This course is aimed at those who have a foundation in Excel and want to reach the next level of expertise. The expert
level course teaches sophisticated formulas, advanced charting, simple macros, pivot tables, and more about the back-
stage area of Excel including security and protecting spreadsheets. Students are given the opportunity to take the
Microsoft Office Specialist (MOS) Excel Expert certification exam at the end of the course.
If this course was taken as a topics course in BIS 490, it cannot be repeated for credit.
Prerequisites: C- or higher in BUA 105 or passed the Microsoft Office Specialist: Excel Associates Certification exam.
Course Typically Offered: Fall and Spring
Credits: 1",C- or higher in BUA 105 or passed the Microsoft Office Specialist: Excel Associates Certification exam.,Fall and Spring,1
BUA 496,**International Field Study**,"This course provides students with an opportunity to learn about a foreign culture, to visit with foreign government
and/or business officials, and to learn about business practices worldwide via a hands-on immersion experience.
This course may be repeated for credit for a total of 9 credits with 3 completions.
Course Typically Offered: Spring, Summer
Credits: 3
Business Information Systems",None,"Spring, Summer",3
BIS 235,**Digital Business Transformation**,"Technologies and information systems represent a crucial part of any organization in today’s economy, businesses
require continual digital transformation to become or remain competitive. The focus of this course is to provide students
with the knowledge and tools in essential technologies including databases, computer networks, cloud computing,
enterprise software, e-business systems, cyber security, and emerging technologies.
Core Curriculum/Core Requirements:
Course Typically Offered: Fall & Spring
Credits: 3",None,Fall & Spring,3
BIS 267,**Database Management and Security**,"Introduction to technical and managerial issues associated with databases. Topics include structured query language
(SQL) and database usage in decision making. Focuses on database security to mitigate against major database security
issues. Students will learn how to incorporate security models into the database life cycle and use database security for
allowing or disallowing user actions on the database and the objects within it.
Core Curriculum/Core Requirements:
Prerequisites: Sophomore Standing and a Grade of C- or higher in BIS 235.
Course Typically Offered: Fall & Spring
Credits: 3",Sophomore Standing and a Grade of C- or higher in BIS 235.,Fall & Spring,3
BIS 345,**Business Analytics**,"Overview of the process of business analysis. Data analytics have moved out of the academic world of statisticians to the
practical world of technology. A variety of user-friendly technologies bring powerful analytical capabilities to end users.
Three major areas that comprise analytics are reporting, visualization and prediction. This course uses the latest in
technology to show the practice of data analytics in the real world. You will experience practical applications of analytics
through guided exercises and case studies.
Core Curriculum/Core Requirements:
Prerequisites: BUA 105, BIS 235 and STS 215 or STS 232
Course Typically Offered: Spring
Credits: 3","BUA 105, BIS 235 and STS 215 or STS 232",Spring,3
BIS 363,**Information Security Management**,"Introduces the design, management and information security of information systems in networked environments.
Topics include telecommunications, network architecture, and a focus on information security governance, risk
management, information security program development and management, and information security incident
management.
Core Curriculum/Core Requirements:
Prerequisites: A grade of C- or better BIS 235
Course Typically Offered: Spring
Credits: 3",A grade of C- or better BIS 235,Spring,3
BIS 490,**Special Topics in Business Information Systems**,"Study of various aspects of functional areas of business information systems. Topics vary depending on faculty and
student interests. May be repeated for credit with 3 completions and a total of 9 credits if the topics differ.
Core Curriculum/Core Requirements:
Prerequisites: BIS 235 and junior standing
Course Typically Offered: Variable
Credits: 1-3
Canadian Studies",BIS 235 and junior standing,Variable,1-3
CAN 101,**Introduction to Canadian Studies**,"Acquaints students with varied aspects of the Canadian experience: society, culture, history, native peoples,
environment, education, technology, economy and diplomacy. Participating faculty include Canadian-American Center
staff, visiting scholars from Canada and the United States, and faculty members from UM Colleges. Course includes an
optional field trip to Canada.
Core Curriculum/Core Requirements: Western Cultural Tradition and Cultural Diversity and International
Perspectives
Course Typically Offered: Fall and Summer
Credits: 3",None,Fall and Summer,3
CAN 190,**Topics in Canadian Studies**,"A study of selected Canadian Studies topics. May be taken for a total of 9 completions and 27 total credits if topics differ.
Prerequisites: None
Corequisites: None
Course Typically Offered: Alternating
Credits: 3",None,Alternating,3
CAN 499,**Internship-Canadian Studies**,"Provides students from Canadian Studies, International Affairs, French - or any major - the opportunity to integrate
academic and professional experience through an internship with an external employer, that relates to the student’s
course of studies and Northeastern Americas.
Core Curriculum/Core Requirements:
Prerequisites: Sophomore, Junior, or Senior standing with a 2.50 GPA or higher
Course Typically Offered: Fall, Spring, Summer
Credits: 1-3
Chemical Engineering","Sophomore, Junior, or Senior standing with a 2.50 GPA or higher","Fall, Spring, Summer",1-3
CHE 111,**Introduction to Chemical Engineering I**,"An introduction to the professions of chemical engineering through a series of speakers, tours, presentations and
projects. The development of teaming and oral presentation skills are emphasized.
Prerequisites: First-year students only.
Course Typically Offered: Fall
Credits: 1",First-year students only.,Fall,1
CHE 200,**Fundamentals of Process Engineering**,"Introduction to chemical engineering calculations. Application of material and energy balances to single and multi-unit
processes with and without chemical reactions.
Core Curriculum/Core Requirements:
Prerequisites: CHY 122, MAT 126 and PHY 121 or permission.
Course Typically Offered: Fall
Credits: 4","CHY 122, MAT 126 and PHY 121 or permission.",Fall,4
CHE 350,**Statistical Process Control and Analysis**,"The basics of statistics and statistical process control and systems optimization will be investigated.
Core Curriculum/Core Requirements:
Prerequisites: MAT 127 or permission of instructor.
Course Typically Offered: Spring
Credits: 3",MAT 127 or permission of instructor.,Spring,3
CHE 360,**Elements of Chemical Engineering I**,"Introduction to rate operations, stage operations, and the principles of molecular and turbulent transport of mass,
momentum, and energy including application of these principles to chemical engineering unit operations. Lec 4.
Core Curriculum/Core Requirements:
Prerequisites: C- or better in CHE 200 or permission.
Course Typically Offered: Fall & Summer
Credits: 4",C- or better in CHE 200 or permission.,Fall & Summer,4
CHE 361,**Chemical Engineering Laboratory I**,"Applies the principles of chemical engineering unit operations and process control in the laboratory, using pilot scale
equipment. An emphasis is placed on formal written and oral reports.
Core Curriculum/Core Requirements: Writing Intensive
Prerequisites: CHE 352 and CHE 360 or permission.
Course Typically Offered: Spring, Summer
Credits: 3",CHE 352 and CHE 360 or permission.,"Spring, Summer",3
CHE 363,**Chemical Engineering Laboratory II**,"Applies the principles of chemical engineering unit operations in the laboratory using pilot scale equipment.
Core Curriculum/Core Requirements:
Prerequisites: CHE 361, CHE 362, and CHE 368
Course Typically Offered: Fall
Credits: 3","CHE 361, CHE 362, and CHE 368",Fall,3
CHE 368,**Kinetics and Reactor Design**,"The analysis and design of chemical reactors, and the student of chemical reaction kinetics. The fundamental principles
of chemical kinetics and of heat and mass transfer are applied to the design of various types of chemical reactors.
Core Curriculum/Core Requirements:
Prerequisites: CHE 200 and CHE 386 and MAT 258 or permission
Course Typically Offered: Spring, Summer
Credits: 4",CHE 200 and CHE 386 and MAT 258 or permission,"Spring, Summer",4
CHE 385,**Chemical Engineering Thermodynamics I**,"Applications of the first and second laws of thermodynamics to the analysis of systems of interest to chemical engineers.
Topics include state equations for both ideal and real gases, heat and energy relationships in chemical reactions,
elementary phase equilibria, and simple heat and power cycles. Lec 3. (Spring.)
Core Curriculum/Core Requirements:
Prerequisites: MAT 228 and a C- or better in CHE 200 or permission
Course Typically Offered: Spring
Credits: 3",MAT 228 and a C- or better in CHE 200 or permission,Spring,3
CHE 410,**Advanced Materials**,"Covers the basic structure, processing and properties of metals, polymers and ceramics and stresses the application of
chemical engineering principles to the problems of materials fabrication with emphasis on emerging technologies such
as chemical vapor deposition (CVD). Lec 3. (Fall.)
Core Curriculum/Core Requirements:
Prerequisites: CHY 122, MAT 126 and PHY 122 or permission.
Course Typically Offered: Fall
Credits: 3","CHY 122, MAT 126 and PHY 122 or permission.",Fall,3
CHE 420,**Colloid Technology**,"Designed to familiarize students with the fundamentals of colloid and surface chemistry from various types of colloids
and colloidal phenomena, commonly encountered in chemical process industry and classical and modern measurement
techniques to applications of colloids and surface chemistry. Lec 3.
Core Curriculum/Core Requirements:
Prerequisites: CHE 385 or CHY 471 and MAT 127 or permission.
Course Typically Offered: Variable
Credits: 3",CHE 385 or CHY 471 and MAT 127 or permission.,Variable,3
CHE 475,**Process Safety**,"Covers the important fundamental concepts of chemical process safety.
Prerequisites: CHE 360, CHE 362, CHE 368
Course Typically Offered: Fall
Credits: 2","CHE 360, CHE 362, CHE 368",Fall,2
CHE 477,**Elements of Chemical Engineering Design**,"Introduction to chemical engineering economics and process design. Considers principles of design, capital cost and
operating cost estimating techniques as well as principles of engineering economics involving time value of money,
taxes, depreciation, profitability metrics, alternative investment comparisons and process optimization.
Core Curriculum/Core Requirements: Ethics
Prerequisites: CHE 360 and CHE 362
Course Typically Offered: Fall
Credits: 3",CHE 360 and CHE 362,Fall,3
CHE 479,**Chemical Engineering Design Projects**,"Application of engineering principles to the solution of complex, open-ended, design problems involving feasibility,
analysis, design and optimization of chemical or biological systems, processes, instrumentation and techniques.
Emphasis on oral and written communications and working in small design groups.
Core Curriculum/Core Requirements: Capstone Experience. Together with ‘CHE 493’ , ‘& CHE 477’ , ‘this course
satisfies the General Education Ethics requirement.
Prerequisites: CHE 477 and CHE 478
Course Typically Offered: Spring
Credits: 3",CHE 477 and CHE 478,Spring,3
CHE 494,**Chemical Engineering Practice**,"A cooperative work experience in a commercial operation of the chemical process industry. May be repeated for credit to
a maximum of 8 credit hours. (Offered by arrangement.)
(Pass/Fail Grade Only.)
Core Curriculum/Core Requirements:
Course Typically Offered: Fall, Spring, Summer
Credits: Ar",None,"Fall, Spring, Summer",N/A
CHE 497,**Independent Study**,"Individual, independent study of a specialized topic under supervision of an advisor and at least one other faculty
member. A formal report is required upon completion of the study. Maximum of 3 accumulated credit hours.
Core Curriculum/Core Requirements:
Prerequisites: CHE 477 and CHE 478 or permission.
Course Typically Offered: Fall & Spring
Credits: Ar",CHE 477 and CHE 478 or permission.,Fall & Spring,N/A
CHY 101,**Chemistry for Everyday Living**,"A non-mathematical introduction to the basic principles of chemistry with an emphasis on chemistry relevant to
everyday life. Topics will include nuclear, food, agricultural, drug, cosmetic and polymer chemistry. May be taken
without CHY 102. Lec 3.
Core Curriculum/Core Requirements: Together with CHY 102 , this course satisfies the General Education Lab in
the Basic or Applied Sciences Requirement. Satisfies the General Education Applications of Scientific Knowledge
Requirement when taken without CHY 102.
Course Typically Offered: Fall
Credits: 3",None,Fall,3
CHY 102,**Chemistry for Everyday Living Laboratory**,"Accompanies CHY 101. Experiments will emphasize chemical topics relevant to everyday living. Lab 3.
Core Curriculum/Core Requirements: Together with CHY 101’ , ‘this course satisfies the General Education Lab in
the Basic or Applied Sciences Requirement.
Course Typically Offered: Fall
Credits: 1",None,Fall,1
CHY 105,**Majoring in Chemistry**,"Introduces students to the faculty, students, facilities and resources central to their major in chemistry. Topics covered
include requirements and advising for the major, library resources, research laboratories and projects, and the special
expertise of the faculty.
(Pass/Fail Grade Only.)
Core Curriculum/Core Requirements:
Prerequisites: First-year students only.
Course Typically Offered: Fall
Credits: 1",First-year students only.,Fall,1
CHY 121,**General Chemistry I**,"First semester of a two-semester sequence covering fundamental principles in chemical science presented in quantitative
terms. Topics include matter, chemical reactions, stoichiometry, thermochemistry, quantum theory, atomic structure,
electronic configurations, periodic properties of elements, bonding theories, and molecular geometries. This course and",None,Unknown,N/A
CHY 123,**General Chemistry Laboratory I**,"Introduction to experimental techniques and the process of scientific inquiry in chemistry. Emphasis is placed on
making connections between macroscopic experimental observations and chemistry occurring at the atomic scale.
Laboratory investigations are designed to help strengthen chemical understanding of concepts such as conservation of
mass, limiting reactants, heats of reaction, greenhouse gases, chemical redox reactions, chromatography, and
spectroscopy. CHY 123 is taken concurrently with CHY 121. If CHY 101 was taken at UMM, credit cannot be earned for
this course.
Core Curriculum/Core Requirements: Together with CHY 121 , this course satisfies the General Education Lab in
the Basic or Applied Sciences Requirement.
Corequisites: CHY 121
Course Typically Offered: Fall, Spring, Summer
Credits: 1",None,"Fall, Spring, Summer",1
CHY 124,**General Chemistry Laboratory II**,"A continuation of CHY 123. Emphasis is placed on making connections between macroscopic experimental observations
and chemistry occurring at the atomic scale. Laboratory investigations are designed to help strengthen chemical
understanding of concepts such as properties of gases, phases of water, freezing point depression, chemical kinetics,
acids and bases, chemical equilibria, buffers, dissolved oxygen, and spectroscopy. CHY 124 is taken concurrently with",None,Unknown,N/A
CHY 131,"**Chemistry for Civil, Electrical and Mechanical Engineers**","A one-semester course in general chemistry designed for civil, mechanical, and electrical engineering majors. Topics in
solution chemistry, aqueous equilibria, kinetics, modern materials, and electrochemistry are emphasized. Enrollment is
restricted to civil, electrical and mechanical engineering majors. This course does not serve as a prerequisite for other
chemistry courses.
Core Curriculum/Core Requirements:
Prerequisites: A minimum score of 76 on the math placement exam or a grade of C or better in MAT 122 or MAT 126.
Corequisites: CHY 133
Course Typically Offered: Fall
Credits: 3",A minimum score of 76 on the math placement exam or a grade of C or better in MAT 122 or MAT 126.,Fall,3
CHY 226,**Undergraduate Research in Chemistry**,"The objective of this course is for the student to conduct an original research project under the supervision of a faculty
member. The student will work in consultation with a research advisor to develop and undertake a research project in
chemistry. A final written report is required. This course may be taken multiple times for credit.
Prerequisites: CHY 122 and CHY 124 and instructor permission
Course Typically Offered: Fall & Spring
Credits: 1-2",CHY 122 and CHY 124 and instructor permission,Fall & Spring,1-2
CHY 234,**Environmental Chemistry**,"A course to acquaint students with the chemical aspects of environmental concerns including energy production and use,
air and water pollution, pesticides and toxic wastes. The earth and its natural cycles are examined as are changes
brought about by human technologies. Methods of monitoring chemical aspects of environmental change including
analysis of air and water samples are presented, as are means of ameliorating environmental damage. The integrated
laboratory provides ‘hands-on’ experience with these techniques as well as field trips to areas of concern. Lecture 3
hours, laboratory 4 hours.
Prerequisites: CHY 122 & CHY 124 or permission of the instructor
Course Typically Offered: Spring - Alternate Years
Credits: 4",CHY 122 & CHY 124 or permission of the instructor,Spring - Alternate Years,4
CHY 251,**Organic Chemistry I**,"Properties and reactivity of organic compounds with emphasis placed on functional groups, bonding, stereochemistry,
reaction pathways, and curved-arrow mechanisms. The topics in this class will complement the organic chemistry
covered in other courses including biology, chemical synthesis, engineering, and microbiology. If CHY 221 was taken at
UMM, credit cannot be earned for this course
Core Curriculum/Core Requirements:
Prerequisites: A grade of C- or better in both CHY 122 and CHY 124. If CHY 221 was taken at UMM, credit cannot be
earned for this course
Course Typically Offered: Fall & Summer
Credits: 3","A grade of C- or better in both CHY 122 and CHY 124. If CHY 221 was taken at UMM, credit cannot be",Fall & Summer,3
CHY 254,**Organic Chemistry Laboratory II**,"A laboratory course designed to complement the topics covered in CHY 251 and CHY 252 by giving hands on experience
with the concepts presented in class. Emphasis will be placed on reaction setup, data analysis (including spectroscopic
methods), and laboratory safety. If CHY 222 was taken at UMM, credit cannot be earned for this course
Core Curriculum/Core Requirements:
Prerequisites: A grade of C- or better in CHY 251 and CHY 253. If CHY 222 was taken at UMM, credit cannot be
earned for this course
Corequisites: CHY 252
Course Typically Offered: Spring, Summer
Credits: 2","A grade of C- or better in CHY 251 and CHY 253. If CHY 222 was taken at UMM, credit cannot be","Spring, Summer",2
CHY 261,**Introduction to Inorganic Chemistry**,"The primary purpose of this course is to explore a significant portion of the sub-discipline of inorganic chemistry, with
an emphasis on the transition elements. The arrangement of elements in the periodic table will guide understanding of
trends in structure and reactivity. Applications of inorganic chemistry to medicine, materials and catalysis will be
discussed.
Core Curriculum/Core Requirements:
Prerequisites: C- or better in CHY 122.
Course Typically Offered: Variable
Credits: 3",C- or better in CHY 122.,Variable,3
CHY 326,**Undergraduate Research in Chemistry**,"The objective of this course is for the student to conduct an original research project under the supervision of a faculty
member. The student will work in consultation with a research advisor to develop and undertake a research project in
chemistry. A final written report is required. This course may be taken multiple times for credit.
Prerequisites: CHY 122 and CHY 124 and aproval by a research advisor
Course Typically Offered: Every Fall & Spring
Credits: 1-2",CHY 122 and CHY 124 and aproval by a research advisor,Every Fall & Spring,1-2
CHY 342,**Principles of Quantitative Analysis and Solution Equilibria**,"Topics covered include gravimetric and titrimetric methods of analysis and acid-base, complex formation, precipitation
and oxidation-reduction equilibria. Spectrophotometric, potentiometric and chromatographic methods of analysis will
be introduced. Laboratory determinations will provide examples of the above. Lec 3, Lab 4.
Core Curriculum/Core Requirements:
Prerequisites: A grade of C- or better in both CHY 122 and CHY 124.
Course Typically Offered: Fall
Credits: 5",A grade of C- or better in both CHY 122 and CHY 124.,Fall,5
CHY 394,**Field Experience/Cooperative Education**,"Supervised employment with relevance to the study of chemistry in the public or private sector. A proposed program of
study, mutually agreed upon by the student, faculty adviser, and “Co-Op” sponsor may be carried out in the summertime
or during the academic year. A written report is required.
(Pass/Fail Grade Only.)
Core Curriculum/Core Requirements:
Prerequisites: Junior or Senior standing with a good academic record; permission.
Course Typically Offered: Fall, Spring, Summer
Credits: 1-9",Junior or Senior standing with a good academic record; permission.,"Fall, Spring, Summer",1-9
CHY 423,**Introductory Polymer Chemistry**,"Fundamentals of polymer types, synthesis kinetics and mechanisms, characterization techniques, and molecular
structure.
Core Curriculum/Core Requirements:
Prerequisites: a grade of C- or better in CHY 252 and MAT 127 or permission
Course Typically Offered: Variable
Credits: 3",a grade of C- or better in CHY 252 and MAT 127 or permission,Variable,3
CHY 425,**Physical Chemistry of Polymers**,"Exploration and description of the underlying molecular scale structure, physical behavior, thermodynamics, flow
properties, and chemical interactions of polymers and chain macromolecules with each other, matter, and light.
Course Note: CHY 425 and CHY 525 cannot both be taken for degree credit.
Prerequisites: A grade of C- or better in CHY 471, or CHE 385, or MEE 230, or equivalent; or permission
Course Typically Offered: Spring
Credits: 3","A grade of C- or better in CHY 471, or CHE 385, or MEE 230, or equivalent; or permission",Spring,3
CHY 443,**Instrumental Analysis**,"Modern tools for acquiring qualitative and quantitative data about the composition and structure of matter. A blend of
theoretical and experimental/hands on approaches to investigate modern spectroscopic and separation techniques for
solving “real world” bioanalytical and environmental problems. Lec 3.
Core Curriculum/Core Requirements:
Prerequisites: A grade of C- or better in CHY 342 and CHY 471.
Course Typically Offered: Variable
Credits: 3",A grade of C- or better in CHY 342 and CHY 471.,Variable,3
CHY 461,**Advanced Inorganic Chemistry I**,"Advanced theoretical and descriptive inorganic chemistry emphasizing covalent bonding and molecular orbital theory,
transition metal complexes and coordination chemistry, symmetry and group theory, and applications to bioinorganic
and materials chemistry.
Core Curriculum/Core Requirements:
Prerequisites: A grade of C- or better in CHY 261 or permission.
Course Typically Offered: Alternate
Credits: 3",A grade of C- or better in CHY 261 or permission.,Alternate,3
CHY 471,**Physical Chemistry I**,"Applications of classical thermodynamics to the study of chemical systems. Lec 3.
Core Curriculum/Core Requirements:
Prerequisites: C- or better in CHY 122; MAT 127 and PHY 112 or PHY 122 or equivalent
Course Typically Offered: Fall
Credits: 3",C- or better in CHY 122; MAT 127 and PHY 112 or PHY 122 or equivalent,Fall,3
CHY 475,**Physical Chemistry III**,"An introduction to quantum mechanics, spectroscopy and chemical bonding. Lec 3.
Core Curriculum/Core Requirements:
Prerequisites: PHY 122, MAT 228 and MAT 258 or equivalent.
Course Typically Offered: Spring
Credits: 3","PHY 122, MAT 228 and MAT 258 or equivalent.",Spring,3
CHY 477,**Nanoscience**,"An introduction to nanoscience that details the basic principles and recent developments of nanoscale science and
technology. Students will learn both the fundamental concepts of nanoscale science and its application to the
development of new materials, processes technology and devices. Scientific explanations for the basis of nanoscale
derived properties will be illustrated by specific research examples. Topics will include: nanoscale materials, micro/nano
fabrication, nano instrumentation, atomic manipulations and nanorobotics. CHY 477 and ECE 457 are identical courses.
Core Curriculum/Core Requirements:
Prerequisites: CHY 122 or CHY 131 and PHY 122 and MAT 127
Course Typically Offered: Variable
Credits: 3",CHY 122 or CHY 131 and PHY 122 and MAT 127,Variable,3
CHY 483,**Introductory Wood Chemistry**,"Emphasis on the chemical and physical properties of cellulose, hemicelluloses, lignin and extractives. Lec 3.
Core Curriculum/Core Requirements:
Prerequisites: A grade of C- or better in CHY 252 or permission.
Course Typically Offered: Spring
Credits: 3",A grade of C- or better in CHY 252 or permission.,Spring,3
CHY 491,**Advanced Integrated Laboratory I**,"An advanced laboratory environment integrating inorganic, instrumental and physical chemistry concepts. Synthetic
techniques, instrumental methods, reaction kinetics, thermodynamics and spectroscopy will be included. As a writing
intensive course, an emphasis is placed on developing skill in writing formal laboratory reports. Lab 6.
Core Curriculum/Core Requirements: Writing Intensive
Prerequisites: A grade of C or better in CHY 342, CHY 261, CHY 254, and CHY 471 or concurrently.
Course Typically Offered: Spring
Credits: 3","A grade of C or better in CHY 342, CHY 261, CHY 254, and CHY 471 or concurrently.",Spring,3
CHY 492,**Advanced Integrated Laboratory II**,"This course is the second semester of an advanced laboratory course that integrates inorganic, instrumental, and
physical chemistry concepts. The purpose of the course is to build on and extend the laboratory and technical writing
skills acquired in CHY 491, with an emphasis on more independent lab work. Students work collaboratively in teams and
with faculty instructors to design and carry out an experimental plan that may be developed as a theme for CHY 491.
Results will be presented using a combination of oral and written formats.
Core Curriculum/Core Requirements: Together with CHY 498’ , ‘this course satisfies the General Education
Capstone Experience Requirement for the BS degree. Together with an upper level chemistry elective CHY 4XX’ , ‘this
course satisfies the General Education Capstone Experience Requirement for the BA degree.
Prerequisites: A grade of C or better in CHY 491. Chemistry majors only or permission.
Course Typically Offered: Fall
Credits: 3",A grade of C or better in CHY 491. Chemistry majors only or permission.,Fall,3
CHY 499,**Undergraduate Thesis**,"Written report of an original investigation carried out in the library and laboratory.
May be repeated for credit for a total of 9 completions and 27 total credits.
Core Curriculum/Core Requirements: Together with CHY 498’ , ‘this course satisfies the General Education
Capstone Experience Requirement for the BS degree (ACS certified).
Prerequisites: CHY 498 and Senior Standing.
Course Typically Offered: Fall, Spring, Summer
Credits: 3
Child Development and Family Relations",CHY 498 and Senior Standing.,"Fall, Spring, Summer",3
CHF 200,**Family Interaction**,"Interpersonal dynamics of dating, courtship, mate selection, and the development of family life. Changing patterns of
personal interactions within the family life cycle and a pluralistic society.
Core Curriculum/Core Requirements: Social Contexts and Institutions
Course Typically Offered: Fall & Spring
Credits: 3",None,Fall & Spring,3
CHF 201,**Introduction to Child Development**,"Influences on human development from conception through middle childhood. Theoretical perspectives, empirical
evaluation and practical implications.
Core Curriculum/Core Requirements: Social Contexts and Institutions
Course Typically Offered: Fall, Spring, Summer
Credits: 3",None,"Fall, Spring, Summer",3
CHF 203,**Practicum in Early Childhood Programs**,"Introductory practicum combining child development and education theory with supervised weekly participation in the
Child Development Learning Center. Focuses on the child under six years of age. Lab 2.
Core Curriculum/Core Requirements:
Prerequisites: CHF 201 and Permission of Instructor.
Course Typically Offered: Fall & Spring
Credits: 3",CHF 201 and Permission of Instructor.,Fall & Spring,3
CHF 304,**Practicum in Early Childhood Education K-3**,"Students will apply principles of child development to the education of children in grades K-3. Emphasis is placed on
identifying scientifically-based practices and techniques associated with exemplary early childhood education programs.
Skills in child observation, developing and modifying a range of approaches to instruction, child guidance, and family
involvement in schools will be addresses in a participatory class and supervised field placement.
Core Curriculum/Core Requirements:
Prerequisites: CHF 201, CHF 203 and permission.
Course Typically Offered: Fall & Spring
Credits: 3","CHF 201, CHF 203 and permission.",Fall & Spring,3
CHF 311,**Creativity and the Young Child**,"Exploration of theoretical and research evidence pertaining to the nature of creativity and the conditions requisite for its
expression. Includes developmental stages, strategies, materials and workshops in specific areas including children’s art,
music, creative movement, story telling, play and creative dramatics.
Core Curriculum/Core Requirements:
Prerequisites: CHF 201.
Course Typically Offered: Variable
Credits: 3",CHF 201.,Variable,3
CHF 321,**Curriculum and Methods for Teaching Young Children Science**,"Applies developmental theory to the construction of curriculum and methods in early childhood education. Students
explore a range of curriculum models, approaches and strategies as they learn to apply theory to meeting children’s
learning needs individually and in groups. Topics including role of teachers in promoting learning, assessment,
documenting learning, inclusion and family involvement are stressed. Science serves as the content anchor for
discussing curriculum and methods issues.
Core Curriculum/Core Requirements:
Prerequisites: CHF 201, CHF 203, EHD 204
Course Typically Offered: Fall
Credits: 3","CHF 201, CHF 203, EHD 204",Fall,3
CHF 322,**Curriculum and Methods for Teaching Social Studies**,"Students will develop integrated curriculum focusing on social studies for young children. Issues of inclusion,
assessment, and family involvement are integrated into class content to promote social competence in young children.
Core Curriculum/Core Requirements: Writing Intensive
Prerequisites: CHF 201, CHF 203, EHD 204
Course Typically Offered: Fall & Spring
Credits: 3","CHF 201, CHF 203, EHD 204",Fall & Spring,3
CHF 331,**Cognitive Development**,"Introduction to the developmental processes involved in the acquisition, organization and processing of information,
with an emphasis on the period between infancy and adolescence. Discussion of current theories and research on
cognitive, memory and language development and their applications and implications for teaching and parenting.
Core Curriculum/Core Requirements:
Prerequisites: CHF 201, PSY 100.
Course Typically Offered: Spring
Credits: 3","CHF 201, PSY 100.",Spring,3
CHF 351,**Human Sexuality**,"Discusses sexuality and its social implications against a background of constantly changing sexual mores, sex role
development, alternative conceptualizations of sexuality, and implications for future trends in human interaction.
Core Curriculum/Core Requirements: Ethics and Social Contexts and Institutions
Course Typically Offered: Fall, Spring, Summer
Credits: 3",None,"Fall, Spring, Summer",3
CHF 381,**Family Resource Management**,"Analysis of the managerial process and its relationship to decision making. Emphasis on the use of resources including
time, energy, and money to attain family goals.
Core Curriculum/Core Requirements:
Course Typically Offered: Variable
Credits: 3",None,Variable,3
CHF 404,**Selected Topics in Child Development and Family Life**,"Review of specific subject areas in the field. Subject areas vary by semester. May be repeated for credit if topics differ
with 9 completions and a total of 27 credits.
Core Curriculum/Core Requirements:
Course Typically Offered: Fall & Spring
Credits: 3",None,Fall & Spring,3
CHF 406,**Introduction to Research Methods in Child Development and Family**,"Relations
An overview of research methods applicable to the study of children and families. An in-class research project is
completed. (This course is identical to HUD 556.)
Core Curriculum/Core Requirements:
Prerequisites: CHF 200 and CHF 201, or Human Development Graduate students.
Course Typically Offered: Fall, Odd Years
Credits: 3","CHF 200 and CHF 201, or Human Development Graduate students.","Fall, Odd Years",3
CHF 417,**Introduction to Leadership in Early Childhood Education**,"Focuses on topics and issues relevant to becoming a leader in an early childhood organization, best practice in business,
developing skills in supervising and working with a variety of staff, understanding and advocating for children and
families, and collaborating with other agency personnel.
Core Curriculum/Core Requirements:
Prerequisites: CHF 201 and CHF 203.
Course Typically Offered: Variable
Credits: 3",CHF 201 and CHF 203.,Variable,3
CHF 422,**Field Placement in Early Childhood Education**,"Individual study in selected early childhood settings such as Pre-K classrooms or home visiting programs. Includes
developmental assessments, planning and implementation of education programs. May be repeated for credit for a total
of 2 completions and 6 total credits.
Core Curriculum/Core Requirements:
Prerequisites: Junior, Senior or Graduate Standing and permission of instructor
Course Typically Offered: Fall & Spring
Credits: 3-6","Junior, Senior or Graduate Standing and permission of instructor",Fall & Spring,3-6
CHF 423,**Professional Seminar in Child Development and Family Relations**,"An integrated examination of career-related roles, ethics, and responsibilities in research and service to individuals and
families. May be repeated for credit with a total of 9 completions and 27 total credits.
Core Curriculum/Core Requirements: Writing Intensive and Capstone Experience Requirements.
Prerequisites: Child Development and Family Relations major; senior standing.
Course Typically Offered: Fall & Spring
Credits: 3",Child Development and Family Relations major; senior standing.,Fall & Spring,3
CHF 424,**Professional Seminar for Early Childhood Specialists**,"Examination of issues such as ethics, advocacy, collaborating with families and other professionals and professional
development. May be repeated for credit with a total of 9 completions and 27 total credits.
Core Curriculum/Core Requirements: Capstone Experience
Corequisites: CHF 421
Course Typically Offered: Fall & Spring
Credits: 3",None,Fall & Spring,3
CHF 433,**Adolescence**,"Growth and development during the adolescent years. Conceptual models and recent research are discussed.
Core Curriculum/Core Requirements:
Prerequisites: CHF 201 or PSY 100 and sophomore standing.
Course Typically Offered: Fall & Spring
Credits: 3",CHF 201 or PSY 100 and sophomore standing.,Fall & Spring,3
CHF 434,**Adult Development and Aging**,"Developmental processes and transitions from the early to later years of adulthood. Social, physical, cognitive, and
familial aspects of adult growth and aging are examined.
Core Curriculum/Core Requirements:
Prerequisites: CHF 201 or permission.
Course Typically Offered: Fall & Spring
Credits: 3",CHF 201 or permission.,Fall & Spring,3
CHF 442,**Helping Skills**,"Examines the nature of helping relationships including descriptions, characteristics, stages and ethics of effective helpers
and helping relationships. Considerable attention will be focused on learning the nonverbal and verbal responses used in
helping interactions. To assist in the development of these helping skills, students can expect to be engaged in extensive
practice sessions with classmates.
Core Curriculum/Core Requirements:
Course Typically Offered: Fall & Spring
Credits: 3",None,Fall & Spring,3
CHF 445,**Conflict and Violence in Intimate Relationships**,"Conflict and disagreement between people are inevitable and need not escalate to physical violence. Instead, much can
be resolved by negotiation and compromise; escalation is not automatic. Abusive behavior is not about disagreement
but about the abuse of relative power over another person. This course examines different aspects of conflict and
violence in intimate relationships and families. The goal is to better understand how couples and families deal with
conflict; how abuse influences family relationships, and how third parties come into play. A background in the social
sciences field is helpful. The course is offered online via BrightSpace. If this course was taken previously as CHF 404
topic Conflict and Violence, it cannot be repeated for credit.
Course Typically Offered: Fall
Credits: 3",None,Fall,3
CHF 451,**Family Relationships**,"The study of traditional and non-traditional family units as a system of interactions between individuals.
Core Curriculum/Core Requirements:
Prerequisites: CHF 200.
Course Typically Offered: Fall & Spring
Credits: 3",CHF 200.,Fall & Spring,3
CHF 452,**Violence in the Family**,"Major forms of family violence, including child abuse and neglect, sexual abuse, and spouse abuse, are examined to
provide students with an understanding of the development of dysfunctional forms of family interaction, descriptive
knowledge on the prevalence of violent relationships at the national and local level, the necessary skills for identifying
victims of abuse and the services available to them, and a preliminary understanding of the challenge of designing
intervention strategies.
Core Curriculum/Core Requirements: Ethics
Prerequisites: Junior or senior standing, CHF 200 or SOC 318 or permission.
Course Typically Offered: Fall & Spring
Credits: 3","Junior or senior standing, CHF 200 or SOC 318 or permission.",Fall & Spring,3
CHF 488,**Family Legal Issues**,"Issues of legal interest to consumers. Social and economic effects on families will be emphasized.
Core Curriculum/Core Requirements:
Prerequisites: Junior standing.
Course Typically Offered: Fall
Credits: 3",Junior standing.,Fall,3
CIE 100,**Introduction to Civil and Environmental Engineering**,"Introduces first-year and transfer students in Civil Engineering to the multifaceted field of Civil and Environmental
Engineering. Each week a different faculty member will conduct the class. Challenging problems will be introduced and
team work will be practiced. Lec 1. (Fall.)
(Pass/Fail Grade Only.)
Core Curriculum/Core Requirements:
Course Typically Offered: Fall
Credits: 1",None,Fall,1
CIE 101,**Civil Engineering Graphics**,"Graphic principles, concepts and techniques involving civil engineering applications. Exercises will be done in 2D/3D
using CADD software. 1.0 ED/2.0 ES. Lec 2, Lab 2. (Spring.)
Core Curriculum/Core Requirements:
Course Typically Offered: Spring
Credits: 3",None,Spring,3
CIE 111,**Materials Laboratory**,"Evaluation of material performance under applied loads for engineering applications. Physical properties of concrete,
metals, plastics and wood. Exercises include study of the variability of materials, construction of probability density
functions from test data and computation of the probability of failure. (1.0 ED/0.0 ES.) Lab 2 (Fall.)
Core Curriculum/Core Requirements:
Corequisites: CIE 110
Course Typically Offered: Fall
Credits: 1",None,Fall,1
CIE 115,**Computers in Civil Engineering**,"Introduces the student to computers and computations by solving examples relevant to civil engineering. The
algorithmic aspects of programming as well as the development of simple graphical user interfaces are taught.
Approximately one half of the course time is allocated to programming with the remainder involving problems and
applications. Specific examples typically include problems from structures, geotechnical, transportation and
environmental engineering. Emphasis is placed on examples introducing statistical methods. Also introduces the use of
spreadsheets, word processing and a mathematics program. (0.0 ED/3.0 ES.) Lec 2, Lab 3
Core Curriculum/Core Requirements:
Prerequisites: MAT 126, Civil Engineering majors only.
Course Typically Offered: Spring
Credits: 3","MAT 126, Civil Engineering majors only.",Spring,3
CIE 225,**Transportation Engineering**,"An introduction to the broad field of transportation with emphasis on the motor vehicle mode. Principles of roadway and
urban transportation planning, economic analysis methods, and route design elements are discussed and related to the
planning and design of highway transportation routes.
Core Curriculum/Core Requirements:
Prerequisites: MAT 126 and Civil Engineering majors or permission.
Course Typically Offered: Spring
Credits: 3",MAT 126 and Civil Engineering majors or permission.,Spring,3
CIE 331,**Fundamentals of Environmental Engineering**,"Introduction to environmental engineering including water quality, water and wastewater treatment plant design, solid
and hazardous wastes, landfill design, radioactive waste control and air pollution abatement (1.0 ED/2.0 ES.) Lec 3.
Core Curriculum/Core Requirements:
Prerequisites: Grade of C or better in CHY 131, CHY 133, and MAT 127.
Course Typically Offered: Fall
Credits: 3","Grade of C or better in CHY 131, CHY 133, and MAT 127.",Fall,3
CIE 350,**Hydraulics**,"An elementary course presenting fundamental principles of fluid flow and their applications to engineering problems.
Includes study of hydrostatics, liquid measuring devices and channel and pipe flow. (0.0 ED/3.0 ES.) Lec 3.
Core Curriculum/Core Requirements:
Prerequisites: Grade of C or better in MEE 150
Corequisites: Prerequisite or Corequisite: MAT 258 or MAT 259. MAT 258 or MAT 259 may be taken concurrent.
Course Typically Offered: Fall
Credits: 3",Grade of C or better in MEE 150,Fall,3
CIE 351,**Hydraulics Laboratory**,"Application of hydraulic principles in laboratory experiments. Includes experiments on buoyancy and flotation, forces on
submerged planes, venturi meter calibration, pipe friction, losses, weirs and others. (0.0 ED/1.0 ES.) Lab 2
Core Curriculum/Core Requirements:
Prerequisites: CIE 350 or concurrently.
Course Typically Offered: Fall
Credits: 1",CIE 350 or concurrently.,Fall,1
CIE 366,**Soil Mechanics Laboratory**,"Covers geotechnical laboratory testing including classification, density, permeability, shear strength, and consolidation
tests. Project reports are also submitted to ECP 366. (0.0 ED/1.0 ES.) Lab 2.
Core Curriculum/Core Requirements:
Corequisites: CIE 365 and ECP 366.
Course Typically Offered: Spring
Credits: 1",None,Spring,1
CIE 394,**Civil Engineering Practice**,"Cooperative work experience in civil and environmental engineering. Up to three credits may count toward the degree.
(Pass/Fail Grade Only.)
Core Curriculum/Core Requirements:
Prerequisites: Sophomore standing.
Course Typically Offered: Summer
Credits: 1-3",Sophomore standing.,Summer,1-3
CIE 412,**Engineering Decisions**,"Application of various analysis methods to engineering design decisions. Evaluation of economic, financial, legal, and
ethical factors affecting engineering design. Introduction to ethics theory, general concepts, and principles pertaining to
engineering ethics and handling ethical situations in practice. Topics include: engineering ethics with case studies,
engineering economy, consideration of risk and uncertainty, and evaluation of ambiguous and intangible factors in
engineering design. This is a writing intensive course.
Core Curriculum/Core Requirements: Ethics and Writing Intensive
Prerequisites: Senior standing
Corequisites: CIE 413
Course Typically Offered: Fall
Credits: 3",Senior standing,Fall,3
CIE 413,**SL: Project Management**,"Students study the role of civil engineers in the implementation process of engineering projects from project
conceptualization through design, construction, commissioning, start-up and operations. Students practice using
project management themes by creating a proposal for providing a schematic design feasibility study for a community
partner. Topics include: project life-cycle, project management tools, quality and risk management, required
deliverables of design, scheduling of resources and personnel, and work breakdown structure.
Core Curriculum/Core Requirements:
Prerequisites: ENG 320 and Senior standing and 6 credits of CIE engineering electives or Permission. The 6 credits
of CIE engineering electives may be taken concurrently.
Course Typically Offered: Fall
Credits: 2",ENG 320 and Senior standing and 6 credits of CIE engineering electives or Permission. The 6 credits,Fall,2
CIE 425,**Transportation Safety**,"Fundamental theory on transportation safety processes and evaluation methodology. Topics: vehicle/road/driver
interaction, countermeasure effectiveness, enforcement, education and engineering measures. (1.0 ED/2.0 ES). Lec 3.
(Fall.)
Core Curriculum/Core Requirements:
Prerequisites: Grade of C or better in CIE 225.
Course Typically Offered: Fall
Credits: 3",Grade of C or better in CIE 225.,Fall,3
CIE 426,**Advanced Roadway Design**,"Principles of highway location, design of vertical and horizontal alignment, design and construction of surface
treatments, pavement structures and roadway drainage systems. Student project preparing necessary plan-profile and
cross section drawings required to construct a 3,000 foot section of roadway, which is evaluated with respect to road-
user travel time, comfort and safety; impact on surrounding environment including aesthetical aspects; and construction
cost. (3.0 ED/0.0 ES.) Lec 3.
Core Curriculum/Core Requirements:
Prerequisites: Grade of C or better in CIE 225.
Course Typically Offered: Fall
Credits: 3",Grade of C or better in CIE 225.,Fall,3
CIE 430,**Water Treatment**,"Introduction to environmental chemistry as related to water treatment technology, and analysis and design of water
treatment systems. (3.0 ED/1.0 ES) Lec 3, Lab 3.
Core Curriculum/Core Requirements:
Prerequisites: Grade of C or better in CIE 331 and in CIE 350.
Course Typically Offered: Fall
Credits: 4",Grade of C or better in CIE 331 and in CIE 350.,Fall,4
CIE 431,**Pollutant Fate and Transport**,"Introduction to environmental transformation processes which controls the fate and transport of contaminants in the
environment and in engineered systems. Topics include reaction energetics and kinetics, reactor engineering concepts,
interphase mass transfer and phase partitioning. (3.0 ED/1.0 ES). Lec 3, Lab 3
Core Curriculum/Core Requirements:
Prerequisites: Grade of C or better in CIE 331 and in MAT 258.
Course Typically Offered: Variable
Credits: 4",Grade of C or better in CIE 331 and in MAT 258.,Variable,4
CIE 439,**Solid Waste and Air Pollution**,"This course covers the basic theory and design of solid waste handling systems and air pollution generation, effects and
control. Topics include solid waste characteristics and generation, collection, recycling, composting, incineration and
landfilling; air pollutants, meteorology and dispersion modeling, and emission control. (0.0 ED/3.0 ES)
Core Curriculum/Core Requirements:
Prerequisites: Grade of C or better in CIE 331.
Course Typically Offered: Variable
Credits: 3",Grade of C or better in CIE 331.,Variable,3
CIE 440,**Structural Analysis I**,"Classical and matrix methods in the analysis of linear redundant systems. The basic concepts of equilibrium, stress-
strain relations, and compatibility are emphasized. Manual and introductory computer aided solution techniques are
utilized. (0.0 ED/4.0 ES.) Lec 3, Lab 3.
Core Curriculum/Core Requirements:
Prerequisites: C or better in CIE 340.
Course Typically Offered: Spring
Credits: 4",C or better in CIE 340.,Spring,4
CIE 443,**Structural Design II**,"Lateral loading and lateral load path for steel and concrete structures. Design of steel tension members, steel
connections, concrete beam-columns, and advanced flexural members (4.0 ED/0.0 ES) Lec 3, Lab 3
Core Curriculum/Core Requirements:
Prerequisites: C or better in CIE 442.
Course Typically Offered: Fall
Credits: 4",C or better in CIE 442.,Fall,4
CIE 450,**Open Channel Hydraulics**,"Covers uniform and nonuniform flow in open channels, gradually and rapidly varying flow, computational methods for
flow profiles, open channel flow structures. (1.0 ED/2.0 ES.) Lec 3.
Core Curriculum/Core Requirements:
Prerequisites: Grade of C or better in CIE 350.
Course Typically Offered: Variable
Credits: 3",Grade of C or better in CIE 350.,Variable,3
CIE 456,**Groundwater Hydrology and Hydraulics**,"Fundamentals of the hydrodynamics of flow through porous media, and the development of methodology for solving the
many open-ended problems of groundwater flow, supply and pollution. Concepts of groundwater modeling design.
Aspects of field variability and uncertainty. (1.0 ED/2.0 ES.) Lec 3.
Core Curriculum/Core Requirements:
Prerequisites: C or better in CIE 350 and in MAT 258.
Course Typically Offered: Spring
Credits: 3",C or better in CIE 350 and in MAT 258.,Spring,3
CIE 460,**Geotechnical Engineering**,"The application of geotechnical engineering to practical engineering design and construction problems including
consideration of economic and safety constraints. (3.0 ED/0.0 ES.) Lec 3.
Core Curriculum/Core Requirements:
Prerequisites: Grade of C or better in CIE 365.
Course Typically Offered: Fall
Credits: 3",Grade of C or better in CIE 365.,Fall,3
CIE 498,**Selected Studies in Civil Engineering**,"Topics in civil engineering not regularly covered in other courses. Specific topics vary. May, with permission of the
department, be repeated for credit for a total of 9 completions and 27 credits as long as topics differ.
Core Curriculum/Core Requirements:
Prerequisites: Permission.
Course Typically Offered: Fall, Spring, Summer
Credits: 1-3
Construction Engineering Technology",Permission.,"Fall, Spring, Summer",1-3
CET 100,**Introduction to Construction Engineering Technology**,"An introductory study of the construction process and civil engineering technology. Topics include CET program, project
life cycle, estimating, scheduling, design, contracting and ethics and construction overview. Field trips. LAB 3. Students
who take CET 100 after CIE 100 will only receive credit and grade for CET 100.
Core Curriculum/Core Requirements:
Course Typically Offered: Fall
Credits: 1",None,Fall,1
CET 202,**Construction Layout**,"Study of techniques and tools used to layout construction projects. Includes project control, site staking, road staking,
building layout, volume calculations, and as-builts. Labs will utilize auto levels, laser levels, total stations, and GNSS
rovers.
Core Curriculum/Core Requirements:
Prerequisites: CET 101
Course Typically Offered: Fall
Credits: 3",CET 101,Fall,3
CET 224,**Construction Safety**,"This course covers employee safety from a construction management perspective, including excavation, trenching, fall
protection, scaffolding, training, responsibility for safety, accident investigation, and pertinent regulations (OSHA and
State Department of Labor). It will also examine safety aspects of worker’s compensation, liability, employee behavior,
and time management.
Core Curriculum/Core Requirements:
Course Typically Offered: Fall and Spring
Credits: 3",None,Fall and Spring,3
CET 228,**Introduction to Construction Estimating and Planning**,"This course covers construction plan reading, including organization, standard views and drawing conventions. Methods
and practices of material quantity takeoffs and development of work breakdown structures will be explored and
practiced.
Core Curriculum/Core Requirements:
Course Typically Offered: Fall and Spring
Credits: 3",None,Fall and Spring,3
CET 325,**Construction Estimating**,"This course covers estimating construction quantities and prices for earthwork and building construction. This project-
led, group-work based class will culminate in bid portfolios and bid openings for both an earthwork and building
construction project.
Core Curriculum/Core Requirements:
Prerequisites: CET 221 & CET 228
Course Typically Offered: Fall
Credits: 3",CET 221 & CET 228,Fall,3
CET 327,**Soil Mechanics and Foundations Laboratory**,"Covers standard soils tests that are important to the construction industry. Lab 2. Students who take CET 327 after CIE
366 will only receive credit and grade for CET 327.
Core Curriculum/Core Requirements:
Prerequisites: CIE 110 and CIE 111. Prerequisite or Corequisite: CET 326.
Course Typically Offered: Fall
Credits: 1",CIE 110 and CIE 111. Prerequisite or Corequisite: CET 326.,Fall,1
CET 332,**Civil Infrastructure**,"This course covers construction, management, and analysis techniques related to civil infrastructure, such as
transportation, drainage, water, wastewater, erosion, and sediment control.
Core Curriculum/Core Requirements:
Prerequisites: Junior standing, CET major or minor, or permission
Course Typically Offered: Spring
Credits: 3","Junior standing, CET major or minor, or permission",Spring,3
CET 360,**Preconstruction Services**,"This course covers construction services between estimating and the start of construction. Topics will include bid
preparation, bonding, subcontractor procurement and approvals, preconstruction planning, preconstruction documents,
and executing construction contracts. This course culminates in capstone requirements for the fall capstone experience
course, CET 458. There is a lab associated with this course which includes significant group project components.
Core Curriculum/Core Requirements:
Prerequisites: CET221, CET325, and CET Major
Course Typically Offered: Spring
Credits: 4","CET221, CET325, and CET Major",Spring,4
CET 394,**Construction Engineering Technology Practice**,"The academic preparation in the spring semester will consist of project management and leadership development. This
aspect will consist of two credit hours. The summer aspect will be an additional one credit hour for students to
experience the actual professional construction administration environment. The experience will give students practical
application of project management as it relates to workforce and professional peer interaction.
Core Curriculum/Core Requirements:
Prerequisites: Junior or senior standing in Construction Engineering Technology or permission.
Course Typically Offered: Spring and Summer
Credits: 2",Junior or senior standing in Construction Engineering Technology or permission.,Spring and Summer,2
CET 412,**Sustainable Building Design and Construction**,"Using the United States Green Building Council (USGBC) Leadership in Energy and Environmental Design (LEED)
framework as an outline, this course covers green building practices for design and construction. Green building
practices are healthier for people, better for the environment, and economically profitable.
Core Curriculum/Core Requirements: Population & Environment
Prerequisites: Junior Standing.
Course Typically Offered: Fall
Credits: 3",Junior Standing.,Fall,3
CET 413,**Statics and Strength of Materials**,"The study of the equilibrium of structural systems and the stresses and strains that occur in structural members.
Provides the knowledge of structural analysis required as a prerequisite to CET 414.
Core Curriculum/Core Requirements:
Prerequisites: PHY 107 or PHY 121 and MAT 116 or MAT 126
Course Typically Offered: Spring
Credits: 4",PHY 107 or PHY 121 and MAT 116 or MAT 126,Spring,4
CET 414,**Structural Design**,"Design of structural members in steel, wood and reinforced concrete. Covers building code requirements for dead, live
and snow loads.
Core Curriculum/Core Requirements:
Prerequisites: CET 228 and CET 413
Course Typically Offered: Fall
Credits: 4",CET 228 and CET 413,Fall,4
CET 426,**Heavy Construction QA**,"Quality Assurance is an integral part of any construction project and is a partnership between the Contractor and the
Owner. Controlling the quality of work and materials, testing the materials with qualified personnel and laboratories,
and resolving disputes between the Contractor and Owner as well as documentation of these activities are a significant
portion of project work. This course will cover Quality Assurance, hot mix asphalt pavement, specialty topics in concrete,
and contentious communication and ethics in construction.
Core Curriculum/Core Requirements:
Prerequisites: Sophomore Standing
Course Typically Offered: Spring
Credits: 3",Sophomore Standing,Spring,3
CET 427,**3D Modeling for Heavy Civil Construction**,"This course is an introduction to 3D data used in heavy civil construction. In this course, we will be learning about the
models used in heavy equipment for machine automation and guidance. We will use software to build these models and
see what it takes to manage this data for a project.
Prerequisites: CET 202 or permission
Course Typically Offered: Spring
Credits: 3",CET 202 or permission,Spring,3
CET 458,**SL: Management of Construction**,"This is the capstone course for the Construction Engineering Technology (CET) program, providing the opportunity for
students to apply and practice many aspects learned in previous courses, including development and professionally
executed construction of community service projects. In addition, contemporary construction practices are discussed.
Lecture 2 Lab 2
Core Curriculum/Core Requirements: Capstone
Prerequisites: CET 202, CET 224, CET 360 and CTE Major or permission
Course Typically Offered: Fall
Credits: 3","CET 202, CET 224, CET 360 and CTE Major or permission",Fall,3
CET 462,**Construction Planning and Scheduling**,"A study of design and analysis of construction planning and scheduling for construction projects. Manual and computer
assisted procedures are used, as well as, industry software to solve construction scheduling problems, such as resource
constraints and limitations. Project control systems are also studied. Lec 2, Lab 2.
Prerequisites: CET 360 or CET minor
Course Typically Offered: Fall
Credits: 3",CET 360 or CET minor,Fall,3
CET 498,**Selected Topics in Construction Engineering Technology**,"Topics in Engineering Technology not regularly covered in other courses. Content varies to suit individual needs. May be
repeated for credit if topics differ.
Core Curriculum/Core Requirements:
Prerequisites: Junior or Senior Standing; permission of instructor.
Course Typically Offered: Fall & Spring
Credits: Ar
Classics",Junior or Senior Standing; permission of instructor.,Fall & Spring,N/A
CLA 101,**Greek Literature in English Translation**,"A survey of Greek literature. No knowledge of Greek is necessary.
Core Curriculum/Core Requirements: Cultural Diversity and International Perspectives’ , ‘Western Cultural
Tradition and Writing Intensive
Course Typically Offered: Fall
Credits: 3",None,Fall,3
CLA 102,**Latin Literature in English Translation**,"A survey of Latin literature. No knowledge of Latin is necessary.
Core Curriculum/Core Requirements: Cultural Diversity and International Perspectives’ , ‘Western Cultural
Tradition and Writing Intensive
Course Typically Offered: Spring
Credits: 3",None,Spring,3
CLA 400,**Hero: Myth and Meaning**,"The idea of the hero has been important in culture and art since the earliest epic. What is heroism? What defines the
hero? How does a person become a hero and what do you do afterward? These are all questions that the great epic
stories from the past and the world of the media today seek to address and answer. This course looks at ancient epics
dealing with the hero and brings hero tales through time to today. We look at myth, legend and lived experience, with
special attention to the world of the heroes as articulated through their representation in literature, art, music and film.
Core Curriculum/Core Requirements: Cultural Diversity and International Perspectives’ , ‘and Western Cultural
Tradition
Prerequisites: Sophomore Standing
Course Typically Offered: Fall Even Years
Credits: 3
Communication Sciences and Disorders",Sophomore Standing,Fall Even Years,3
CSD 130,**Introduction to Communication Sciences and Disorders**,"A survey of disorders of speech, language, hearing and swallowing with particular attention to the lived experiences of
people with communication impairment as representative of human biological/neurological, linguistic and cultural
diversity. Emphasis on exploring the nature of communication impairments and differences across communities (e.g.,
individuals with autism, Deaf or hard of hearing) and the lifespan.
Core Curriculum/Core Requirements: Cultural Diversity and International Perspectives
Course Typically Offered: Fall & Spring
Credits: 3",None,Fall & Spring,3
CSD 201,**Introduction to Clinical Audiology**,"An introduction to principles of acoustics as a basis for understanding hearing assessment. Development of ability to
read and interpret audiograms as well as the results from a hearing evaluation. Includes pure tone and speech
audiometry, acoustic immittance and reflex testing.
Core Curriculum/Core Requirements:
Prerequisites: CSD 130
Course Typically Offered: Fall
Credits: 3",CSD 130,Fall,3
CSD 280,**Language Development**,"Study of the development of language and literacy from birth to adulthood. Emphasis on foundations of linguistics
relative to emerging language in children.
Core Curriculum/Core Requirements:
Prerequisites: CSD 130
Course Typically Offered: Fall
Credits: 3",CSD 130,Fall,3
CSD 300,**Clinical Observation in Communication Sciences and Disorders**,"Introduction to principles of clinical observation in Communication Sciences and Disorders emphasizing the
development of identification, description, and inferencing skills through supervised observations. Required of all
majors.
Core Curriculum/Core Requirements:
Prerequisites: Communication Sciences and Disorders Major, CSD 201, CSD 280
Course Typically Offered: Spring
Credits: 3","Communication Sciences and Disorders Major, CSD 201, CSD 280",Spring,3
CSD 382,**Phonological Development and Phonetics**,"Introduction to articulatory phonetics, speech sounds of American English, and typical phonological development.
Emphasis on acquisition, understanding and use of phonetic transcription. Includes a weekly 50-minute transcription
session.
Core Curriculum/Core Requirements:
Prerequisites: CSD 280
Course Typically Offered: Fall
Credits: 4",CSD 280,Fall,4
CSD 484,**Introduction to Speech Science**,"Introduces research findings on the importance of acoustical, physiological, and perceptual factors in speech production
and perception. Methodology and instrumentation employed in such research are surveyed.
Core Curriculum/Core Requirements:
Prerequisites: PHY 105 or equivalent and CSD 283 or permission
Course Typically Offered: Spring
Credits: 3",PHY 105 or equivalent and CSD 283 or permission,Spring,3
CSD 487,**Disorders of Speech and Language**,"A study of the description, evaluation and therapeutic intervention of speech and language disorders in pediatric and
adult populations.
Core Curriculum/Core Requirements:
Prerequisites: CSD 280 and Junior standing
Course Typically Offered: Spring
Credits: 3",CSD 280 and Junior standing,Spring,3
CSD 497,**Special Topics in Communication Sciences and Disorders**,"For the advanced student desiring to study a particular topic under the guidance of a member of the CSD faculty. May
be repeated for credit if topics differ for a total of 9 completions and 27 total credits.
Core Curriculum/Core Requirements:
Prerequisites: Permission.
Course Typically Offered: Fall & Spring
Credits: 1-3",Permission.,Fall & Spring,1-3
CSD 498,**Directed Study in Communication Sciences and Disorders**,"Directed study or research with a member of the CSD faculty. May be repeated for credit for a total of 9 completions and
27 total credits.
Core Curriculum/Core Requirements:
Prerequisites: Permission.
Course Typically Offered: Variable
Credits: 1-3
Communication & Journalism",Permission.,Variable,1-3
CMJ 100,**Introduction to Media Studies**,"Introduces the structure and operation of mass media and the social, political and economic implications of their
activities.
Core Curriculum/Core Requirements: Social Contexts and Institutions
Course Typically Offered: Fall & Spring
Credits: 3",None,Fall & Spring,3
CMJ 103,**Public Speaking**,"The nature and problems of public speech communication, with practical experience in representative speaking
situations. Participation in research to a maximum of 3 hours is expected.
Core Curriculum/Core Requirements: Social Contexts and Institutions
Course Typically Offered: Variable
Credits: 3",None,Variable,3
CMJ 106,**Storytelling**,"An introduction to storytelling as a communication practice in daily life. Emphasis is on gaining greater sensitivity and
expressiveness as a communicator. Participation in research to a maximum of 3 hours is expected.
Core Curriculum/Core Requirements: Artistic and Creative Expression
Course Typically Offered: Fall & Spring
Credits: 3",None,Fall & Spring,3
CMJ 111,**Introduction to Journalism**,"Introduces the profession and practice of journalism professional: responsibility and commitment to truthful, accurate,
and fact-based reporting that serves the public interest. Students will be introduced to a general history of journalism in
America while learning basic news values, journalistic ethics, reporting fundamentals, story types, and journalistic style.
Core Curriculum/Core Requirements: Social Context and Institutions
Course Typically Offered: Fall
Credits: 3",None,Fall,3
CMJ 136,**Journalism Writing and Editing**,"Intensive introduction to news writing and editing, with emphasis on accuracy, style, as well as grammar, spelling and
usage. Students must earn a C- or better in CMJ 136 to continue taking professional courses in the Journalism Major.
Core Curriculum/Core Requirements: Writing Intensive
Course Typically Offered: Fall, Spring, Summer
Credits: 3",None,"Fall, Spring, Summer",3
CMJ 150,**Studying Communication and Journalism in College**,"Introduces new Communication, Media Studies and Journalism majors to the professions and opportunities in those
fields, including departmental faculty and resources as well as community engagement, research, and internship
opportunities. In addition to discipline specific information, the course will introduce students to departmental, college,
and university resources that will help them succeed in their education.
Core Curriculum/Core Requirements:
Prerequisites: Communication, Media Studies or Journalism Majors
Course Typically Offered: Fall
Credits: 1","Communication, Media Studies or Journalism Majors",Fall,1
CMJ 202,**Communication Theory**,"Introduction to social and human science approaches in communication studies. The course examines communication
theories and models, the function of language and symbolic behavior in society and culture, and the nature of interaction
and interpretation. Not open to first-year students.
Core Curriculum/Core Requirements: Social Contexts and Institutions
Course Typically Offered: Variable
Credits: 3",None,Variable,3
CMJ 203,**Media Theories and Research Methods**,"Introduction to media theories and research in the social and human sciences.
Core Curriculum/Core Requirements:
Course Typically Offered: Spring
Credits: 3",None,Spring,3
CMJ 237,**Journalism Across Platforms**,"Develops journalistic skills across traditional and emerging media platforms, including print, broadcasting, and online
formats and technologies. Includes media lab instruction and assignments.
Core Curriculum/Core Requirements:
Prerequisites: C- or better in CMJ 136
Course Typically Offered: Spring
Credits: 4",C- or better in CMJ 136,Spring,4
CMJ 245,**Film Criticism and Theory**,"Students will develop skills in the analysis of form and content so that they will achieve proficiency in the use of film
studies vocabulary. Participants will learn to think critically about the media industry and to evaluate film as an art form,
individual psychological experience, technology, social text, and commodity. (CMJ 245 and NMD 245 are identical
courses.)
Core Curriculum/Core Requirements:
Course Typically Offered: Spring
Credits: 3",None,Spring,3
CMJ 257,**Business and Professional Communication**,"Advanced study and practice in specialized audience analysis, strategies and tactics, conference procedures, interviewing
techniques, and delivery of professional presentations.
Core Curriculum/Core Requirements:
Prerequisites: C- or better in CMJ 102, CMJ 103, or CMJ 106 and Junior standing.
Course Typically Offered: Fall & Spring
Credits: 3","C- or better in CMJ 102, CMJ 103, or CMJ 106 and Junior standing.",Fall & Spring,3
CMJ 275,**Survey of Sport Communication**,"Survey of Sport Communication examines the communicative dynamic of athletics through a multidisciplinary
approach. The course offers students - both those interested and initiated in Sport and athletic competition, and those
for whom this subject is new - diverse methods of analysis for considering a case study of a specific communicative
dynamic.
Topics covered in both readings and course discussion include (but are not limited to): race and sport communication,
gender and sport communication, class and sport communication, sports writing as a journalistic practice, sport
communication and mass mediated spectacle, and the communication of athletic achievement through personal memoir
and interview.
Course Typically Offered: Fall
Credits: 3",None,Fall,3
CMJ 314,**International Media**,"Survey of media systems around the world and the role of mass media in political, social, economic and cultural
development.
Course Typically Offered: Variable
Credits: 3",None,Variable,3
CMJ 330,**Copy Editing**,"A course in copy editing designed to develop editorial judgment and skills for preparing news for publication. Covers
headline and prose writing, image editing, and basic page design.
Core Curriculum/Core Requirements:
Prerequisites: A grade of C- or better in CMJ 136 or permission
Course Typically Offered: Not Regularly Offered
Credits: 3",A grade of C- or better in CMJ 136 or permission,Not Regularly Offered,3
CMJ 332,**Public Affairs Reporting and Research**,"Develops journalistic reporting, information gathering and research techniques for students to cover public issues in
government, education, health, business and other areas of social concern for publication or presentation in multimedia
forms.
Core Curriculum/Core Requirements: Writing Intensive
Prerequisites: C- or better in CMJ 136
Course Typically Offered: Fall
Credits: 3",C- or better in CMJ 136,Fall,3
CMJ 345,**SL: Small Group Communication**,"This is a service-learning course that introduces students to the theory and applications of small group communication.
Students will obtain practical experience working in groups with a community partner to help meet a community need
and learn about the complexity of the issue.
Core Curriculum/Core Requirements:
Course Typically Offered: Variable
Credits: 3",None,Variable,3
CMJ 351,**Audio and Video Production**,"Conception, design and development of non-linear audio and video production for print, broadcast, non-broadcast and
online uses. Explores the fundamental principles of digital audio and video production as well as the creative uses of
cameras, sound, digital non-linear editing, and graphics in news features and mini-documentaries.
Prerequisites: A grade of C- or higher in CMJ 136
Course Typically Offered: Fall
Credits: 4",A grade of C- or higher in CMJ 136,Fall,4
CMJ 367,**Public Relations**,"The study of those activities which help to create public understanding and acceptance of an organization’s policies and
programs.
Core Curriculum/Core Requirements:
Prerequisites: Junior or senior standing. 3 hours of CMJ courses.
Course Typically Offered: Fall & Spring
Credits: 3",Junior or senior standing. 3 hours of CMJ courses.,Fall & Spring,3
CMJ 375,**Journalism and Media Law**,"Study of legal and ethical topics including libel, privacy, contempt, copyright, obscenity, censorship, and pre-trial
publicity. The course explores the impact of journalism law on politics, economics and society.
Course Typically Offered: Variable
Credits: 3",None,Variable,3
CMJ 376,**Modes of Media Criticism**,"Cooperative examination of modes of mass media criticism. Critical analysis of methods and techniques employed by
scholars, journalists, and critics to evaluate contemporary trends and practices in the mass media industries.
Core Curriculum/Core Requirements:
Course Typically Offered: Fall
Credits: 3",None,Fall,3
CMJ 380,"**Advertising, Media and Society**","Examines advertising’s impact on U.S. society; especially on women, children, minorities, families and popular culture.
Course Typically Offered: Variable
Credits: 3",None,Variable,3
CMJ 393,**Topics in Communication**,"Topics not regularly covered in other Communication courses. Content varies to suit current needs. May be repeated for
credit.
Core Curriculum/Core Requirements:
Prerequisites: 3 credits of completed CMJ coursework.
Course Typically Offered: Variable
Credits: 3",3 credits of completed CMJ coursework.,Variable,3
CMJ 395,**Student Media Practicum**,"Provides practical experience relevant to the journalism major on one of the UMaine campus student media outlets and
integrates the student’s media work experience with the skills and theories learned in the classroom. A maximum of 3
credits permitted.
Core Curriculum/Core Requirements:
Prerequisites: C- or better in CMJ 136 and Permission of Department Chair
Course Typically Offered: Fall & Spring
Credits: 1-3",C- or better in CMJ 136 and Permission of Department Chair,Fall & Spring,1-3
CMJ 398,**Topics in Media Studies**,"Topics not regularly covered in other Media Studies courses. Content varies to suit current needs. May be repeated for
credit if topics differ for a total of 9 completions and 27 total credits.
Core Curriculum/Core Requirements:
Prerequisites: 3 credits of completed CMJ coursework
Course Typically Offered: Variable
Credits: 3",3 credits of completed CMJ coursework,Variable,3
CMJ 402,**Communication Research**,"An introduction to social science inquiry into the nature, forms and functions of human communication. Focuses on
conceptualizing communication research problems and selecting appropriate methodologies and analyses for examining
communication data.
Prerequisites: Junior standing.
Course Typically Offered: Variable
Credits: 3",Junior standing.,Variable,3
CMJ 403,**Persuasion and Social Influence**,"Study of the theory and principles involved in the process of influencing the beliefs, attitudes and values of others. Focus
on social science and humanistic explanations of what makes messages persuasive in interpersonal and public contexts.
Core Curriculum/Core Requirements:
Prerequisites: 3 hours in CMJ courses.
Course Typically Offered: Variable
Credits: 3",3 hours in CMJ courses.,Variable,3
CMJ 405,**Gender in Communication**,"The course will examine gender and/in communication within cultural, institutional, and relational contexts. We will
utilize theories and research to understand how cultural ideas about gender shape communication practices and
conversely how mundane communication behaviors produce, challenge, and transform gender(ed) identities and ideas.
We will also explore how gender(ed) practices and social systems intersect and interact with cultural norms involving
sexuality, race, nationality, social class, age, ability, and other social identities. Through course research activities,
students will be expected to critically consider the impacts of the communicative and intersectional production of gender
on their/our social worlds. Not open to first year students.
Prerequisites: 3 hours of CMJ courses or C- or better in WGS 101
Corequisites: N/A
Course Typically Offered: Spring
Credits: 3",3 hours of CMJ courses or C- or better in WGS 101,Spring,3
CMJ 407,**SL -Environmental Communication**,"Study and create effective communication about, for, and with the environment. Use a service learning model to create
projects that connect communication theory and practice with complex social and environmental problems in
communities.
Prerequisites: 3 credit hours in CMJ
Course Typically Offered: Fall
Credits: 3",3 credit hours in CMJ,Fall,3
CMJ 425,**SL: Health Campaigns**,"This is an online service-learning course that introduces students to the theory, design and implementation of health
campaigns. Students will obtain practical, real-world experience working in groups with a community partner on a
health campaign, helping to meet a community health need.
Core Curriculum/Core Requirements:
Prerequisites: Junior or senior standing.
Course Typically Offered: Variable
Credits: 3",Junior or senior standing.,Variable,3
CMJ 434,**Editorial and Opinion Writing**,"Develops skills of persuasive and argumentative writing, with emphasis on disciplined logic, knowledge of subject and
alternate points of view.
Prerequisites: C- or better in CMJ 136
Course Typically Offered: Not regularly offered.
Credits: 3",C- or better in CMJ 136,Not regularly offered.,3
CMJ 435,**Feature Writing**,"Develops style and proficiency in writing non-fiction newspaper and magazine articles.
Core Curriculum/Core Requirements:
Prerequisites: C- or better in CMJ 136
Course Typically Offered: Not Regularly Offered
Credits: 3",C- or better in CMJ 136,Not Regularly Offered,3
CMJ 466,"**SL: Narrative, Performance, and Social Change**","The course offers a study of narratives and their performances as particular communication approaches to reflecting,
engaging with, and transforming culture, identities, and communities. Considers forms and functions of narrative and
performing narratives in variety of communication contexts.
Core Curriculum/Core Requirements: Writing Intensive
Prerequisites: 3 credits of CMJ courses.
Course Typically Offered: Variable
Credits: 3",3 credits of CMJ courses.,Variable,3
CMJ 481,**Digital Journalism**,"Students will conduct intensive digital reporting and production projects on some issue of demonstrated social
relevance. Structured opportunities are provided for reflection on the impact of student reporting on the wider
community.
Core Curriculum/Core Requirements:
Prerequisites: C- or better in CMJ 237
Course Typically Offered: Spring
Credits: 4",C- or better in CMJ 237,Spring,4
CMJ 485,**Capstone Seminar in Communication**,"Designed to draw upon and integrate formal components of students’ undergraduate experiences, with particular focus
on issues of ethics, power, and communication in professional and individual contexts.
Core Curriculum/Core Requirements: Capstone and Writing Intensive
Prerequisites: Communication major with senior standing.
Course Typically Offered: Spring
Credits: 3",Communication major with senior standing.,Spring,3
CMJ 489,**Seminar in Media Ethics and Issues**,"An advanced level course requiring extensive reading, discussion and research on the mass media and ethics, politics,
economics and society.
Core Curriculum/Core Requirements: Capstone
Prerequisites: C- or better in CMJ 136 or permission, Junior or Senior Journalism Majors
Course Typically Offered: Spring
Credits: 3","C- or better in CMJ 136 or permission, Junior or Senior Journalism Majors",Spring,3
CMJ 493,**Advanced Topics in Communication**,"Advanced topics not regularly covered in other Communication courses. Content varies to suit current needs. May be
repeated for credit for a total of 9 completions and 27 total credits.
Core Curriculum/Core Requirements:
Prerequisites: 3 credits of completed CMJ coursework
Course Typically Offered: Variable.
Credits: 3",3 credits of completed CMJ coursework,Variable.,3
CMJ 495,**Internship**,"Approved work experience for departmental majors in the application of communication to practical, theoretical or
research problems in any public service agency, business, or other setting approved by the department. Requirements
include an initial written application showing the projected experience and its relevance to communication, conferences
with faculty supervisor, periodic logs or summaries, plus a final written report. May be repeated up to 6 hours.
Core Curriculum/Core Requirements:
Prerequisites: Permission of Department Chair.
Course Typically Offered: Fall, Spring, Summer
Credits: 1-3
Community Studies",Permission of Department Chair.,"Fall, Spring, Summer",1-3
CMY 110,**Downeast Documentary**,"This course provides the basics of video production, incorporating both lecture and laboratory experience. Students will
learn about shot composition, sound, lighting, and editing, all from a digital video format. Students will produce and
edit several projects from a variety of media formats, depending on the interests of the student.
Course Typically Offered: Every Fall
Credits: 3",None,Every Fall,3
CMY 300,**Crossing Borders**,"Crossing Borders is an international learning and teaching module which allows students to discover ways of bringing
down barriers and boundaries in a global classroom environment. The participants will cross borders in many ways,
because they will cooperate with peers from other countries on joint tasks, communicate in a multinational community
and compare ways to empower and include marginalized populations in different countries.
Core Curriculum/Core Requirements: Cultural Diversity and International Prospective
Prerequisites: Junior Standing or permission
Course Typically Offered: Every Fall
Credits: 3
Computer Science",Junior Standing or permission,Every Fall,3
COS 103,**Introduction to Spreadsheets**,"Topics include design and use of spreadsheets to solve problems using formulas, charts and data functions. Credit does
not count towards the COS major. This course assumes practical skills with the Windows operating system.
Core Curriculum/Core Requirements:
Course Typically Offered: Fall, Spring, Summer
Credits: 1",None,"Fall, Spring, Summer",1
COS 120,**Introduction to Programming I**,"Topics include the development of programming skills in the novice with instruction in a sample programming language.
A laboratory/recitation session is included. Credit does not count towards the computer science major. This course
assumes knowledge of the Windows operating system, basic word processing, and file and folder management.
Core Curriculum/Core Requirements: Quantitative Literacy
Course Typically Offered: Fall, Spring, Summer
Credits: 3",None,"Fall, Spring, Summer",3
COS 125,**Introduction to Problem Solving Using Computer Programming**,"An introduction to computer science through problem solving and computer programming. Topics include variable and
operators, control logic, functions, strings, loops, input/output, and recursion. Programming concepts covered by this
course include modularity, abstraction, top-down design, specifications, documentation, debugging, and testing. No
prior programming experience is expected. Required for majors.
Core Curriculum/Core Requirements: Quantitative Literacy
Prerequisites: A grade of C or better in MAT 111 or higher, or no grade record in MAT 111 and a 61 or higher on the
ALEKS Math Placement Exam.
Course Typically Offered: Fall and Spring
Credits: 4","A grade of C or better in MAT 111 or higher, or no grade record in MAT 111 and a 61 or higher on the",Fall and Spring,4
COS 140,**Foundations of Computer Science**,"A rigorous, non-programming introduction to the field of computer science. Several core areas of computer science are
introduced, including digital logic, computer organization and architecture, operating systems, programming languages,
and computer networks. For each, particular solutions to fundamental problems in the area are studied in depth to
expose the student to what the field is actually about how computer scientists think. No programming is taught or
required in the course.
Core Curriculum/Core Requirements:
Course Typically Offered: Fall
Credits: 3",None,Fall,3
COS 198,**Topics in Computer Science**,"Introductory topics in computer science not regularly covered in other courses. Content varies to suit current needs. May
be repeated for credit if topics differ for a total of 9 completions and 27 total credits.
Core Curriculum/Core Requirements:
Prerequisites: Permission.
Course Typically Offered: Not Regularly Offered
Credits: 1-3",Permission.,Not Regularly Offered,1-3
COS 200,**CS as a Profession**,"This course introduces students to professional development for computer science students. We will cover the writing of
resumes and applying for professional summer internships. We will also cover what a career in CS might be beyond just
programming computers. We will visit a CS research lab and discuss emerging technologies such as machine learning
and what it will mean to a CS graduate. Finally, we will spend some time reviewing the BS-CS and BA-CS undergraduate
curriculum and help students to plan their enrollment meetings with their academic advisors.
Prerequisites: COS 140 or permission
Course Typically Offered: Fall
Credits: 1",COS 140 or permission,Fall,1
COS 221,**Data Structures in C++**,"This course introduces object-oriented programming techniques and data structures in C++. Topics include class
design, dynamic memory management, lists, stacks, queues, trees. STL, algorithm efficiency, searching and sorting
algorithms.
Core Curriculum/Core Requirements:
Prerequisites: COS 220 or ECE 177.
Course Typically Offered: Fall
Credits: 3",COS 220 or ECE 177.,Fall,3
COS 225,"**Object-Oriented Design, Programming and Data Structures**","Introduces the student to the fundamental principles of object-oriented design and programming using a high-level
object-oriented language. Focuses on the specification, design, and implementation of classes and the interactions
between classes, inheritance, abstract classes, and polymorphism. Introduces fundamental data structures including
stacks, queues, lists, and binary trees.
Core Curriculum/Core Requirements:
Prerequisites: Grade of C or higher in COS 125
Course Typically Offered: Fall and Spring
Credits: 3",Grade of C or higher in COS 125,Fall and Spring,3
COS 235,**Computer Architecture**,"Examines the architecture and organization of the computer including digital logic, the CPU, busses, internal and
external memory, computer number representation and computer instructions. Particular attention is paid to assembly
and C languages as a mechanism for better understanding the architecture.
Core Curriculum/Core Requirements:
Prerequisites: Grade of C- or higher in COS 135
Course Typically Offered: Spring
Credits: 3",Grade of C- or higher in COS 135,Spring,3
COS 250,**Discrete Structures**,"Introduction to discrete structures used in various areas of computer science. Topics include logic, sets, relations,
functions, cardinality, enumeration, and computability.
Core Curriculum/Core Requirements:
Prerequisites: Grade C or in MAT 116 or MAT 126, and grade of C- in COS 125
Course Typically Offered: Fall
Credits: 4","Grade C or in MAT 116 or MAT 126, and grade of C- in COS 125",Fall,4
COS 301,**Programming Languages**,"Introduction to the fundamental concepts of formal languages, as well as the evolution and characteristics of major
programming languages. Topics include finite-state automata, regular expressions, parsing, syntax and semantics, scope
and binding, data types, and abstract data types.
Core Curriculum/Core Requirements:
Prerequisites: Grade of C- or higher in COS 226 and COS 250
Course Typically Offered: Fall
Credits: 3",Grade of C- or higher in COS 226 and COS 250,Fall,3
COS 312,**Video Game Programming**,"A high-level approach to game programming uses one of the game engines commonly employed by game-development
companies. These include several built-in tools, such as character controllers, cameras, lights, shaders, a powerful
physics engine, terrain editors, tree generators, and more. Many of these are scripts are written in a common computer
programming language. While many of the exercises focus on programming, a student who is a beginning programmer
can create significant game content using only the pre-packaged assets.
Core Curriculum/Core Requirements:
Prerequisites: A grade of C- or better in COS 225 or NMD 211
Course Typically Offered: Spring
Credits: 3",A grade of C- or better in COS 225 or NMD 211,Spring,3
COS 331,**Operating Systems**,"Study of the structure of current computer operating systems. Topics include I/O management, memory management,
multiprogramming, linking loaders, real and virtual systems, batch and time sharing.
Core Curriculum/Core Requirements:
Prerequisites: Grade of C- or higher COS 226 and COS 235 or permission.
Course Typically Offered: Fall
Credits: 3",Grade of C- or higher COS 226 and COS 235 or permission.,Fall,3
COS 398,**Topics in Computer Science**,"Topics not regularly covered in other courses. Content varies to suit current needs. May be repeated for credit.
Core Curriculum/Core Requirements:
Prerequisites: Permission
Course Typically Offered: Fall & Spring
Credits: 1-3",Permission,Fall & Spring,1-3
COS 412,**Advanced Game Programming**,"Building on tools acquired in COS 312, this course’s only prerequisite, students explore an advanced topic of their own
choosing as they build their full final game. Possible topics include advanced Artificial Intelligence scripting,
pathfinding, networked games, 3D character rigging and animation, use of virtual reality goggles, and much more. With
weekly in class presentations, students document their progress and communicate their new tools to the rest of the class.
The final game is presented to the class, where other students will test each game.
Core Curriculum/Core Requirements:
Prerequisites: Grade of C- or higher in COS 312
Course Typically Offered: Variable
Credits: 3",Grade of C- or higher in COS 312,Variable,3
COS 415,"**Computer Simulation and Modeling, from Development to Display**","The process of designing and using a computer model is examined in detail. The development of the model equations,
numerical techniques for solving them, and basic graphical techniques for displaying the results of the calculations will
be presented.
Core Curriculum/Core Requirements:
Prerequisites: Familiarity with a programming language or permission
Course Typically Offered: Variable
Credits: 3",Familiarity with a programming language or permission,Variable,3
COS 420,**Introduction to Software Engineering**,"A broad view of software engineering which introduces a variety of software engineering techniques which can be
applied to practical software projects. Topics include process models, human factors, software specification; software
design, programming techniques and tools, and validation.
Core Curriculum/Core Requirements:
Prerequisites: Grade of C- or higher in COS 225
Course Typically Offered: Spring
Credits: 3",Grade of C- or higher in COS 225,Spring,3
COS 430,**Introduction to Cybersecurity**,"An overview of Cybersecurity as information security, policies, guidelines, and legal issues; the nature of network and
computer attacks, system vulnerabilities and defense; implementation issues in Unix/Linux. Projects include system
setup, attack, and defense.
Core Curriculum/Core Requirements:
Prerequisites: Grade of C- or higher in COS 235 and COS 331.
Course Typically Offered: Spring
Credits: 3",Grade of C- or higher in COS 235 and COS 331.,Spring,3
COS 440,**Computer Networks I**,"Covers data and computer communications using ISO model. Discussion of physical media, communication protocols,
and network architectures including wide area and local area networks. Includes examples of networks currently in use.
Core Curriculum/Core Requirements:
Prerequisites: Grade of C- or higher in COS 331 or permission.
Course Typically Offered: Variable
Credits: 3",Grade of C- or higher in COS 331 or permission.,Variable,3
COS 442,**Cloud Computing**,"The National Institute of Stands and Technology (NIST) defines cloud computing as “a model for enabling ubiquitous,
convenient, on-demand network access to a shared pool of configurable computing resources (e.g., networks, servers,
storage, applications and services) that can be rapidly provisioned and released with minimal management effort or
service provider interaction.” This course will study the technologies underpinning the rapid expansion of this
computing paradigm, the problem-solving capabilities enabled by the cloud, and provide the student with hands-on
experience in utilizing cloud services for scientific research. It will focus on the virtualization of computational
resources, cloud storage models, distributed computing in the cloud, and important applications areas such as big data
analytics.
Core Curriculum/Core Requirements:
Prerequisites: A grade of C- or higher in COS 331 or equivalent
Course Typically Offered: Spring
Credits: 3",A grade of C- or higher in COS 331 or equivalent,Spring,3
COS 454,**Data Structures and Algorithms**,"Covers advanced data structures and the algorithms associated with them as well as advanced methods of algorithm
analysis, including time and space complexity classes and NP-completeness.
Core Curriculum/Core Requirements:
Prerequisites: Grade of C- or higher in COS 226 and COS 250
Course Typically Offered: Spring
Credits: 3",Grade of C- or higher in COS 226 and COS 250,Spring,3
COS 460,**Interactive Computer Graphics**,"Topics include graphic I/0 devices: plotter, CRT, and light pen; vector generation; transformation of two/and three-
dimensional objects; clipping and windowing; hidden line removal; interrupt handling; interactive techniques; data
structures for graphics; and various display algorithms.
Core Curriculum/Core Requirements:
Prerequisites: COS 226 or equivalent and MAT 126 and junior standing or permission.
Course Typically Offered: Variable
Credits: 3",COS 226 or equivalent and MAT 126 and junior standing or permission.,Variable,3
COS 470,**Introduction to Artificial Intelligence**,"Introduces the student to the field of artificial intelligence, including fundamental areas and concepts such as heuristic
search, knowledge representation, automated reasoning and planning, deep learning, intelligent agents, and multiagent
systems. Experience in AI programming is provided by homework assignments and a semester project.
Core Curriculum/Core Requirements:
Prerequisites: Grade of C- or higher in COS 226
Course Typically Offered: Every Year
Credits: 3",Grade of C- or higher in COS 226,Every Year,3
COS 473,**Computer Vision**,"Computer Vision is an accessible sub-field of computer science that is rising in importance and accelerating on the
strengths of machine learning methods that have become the 21st century model for artificial intelligence. In this
course, we will explore the uses of tools and techniques to understand our world through computing using images as our
data. The first half of the course will introduce machine learning and convolutional neural networks for object
recognition and classification, photogrammetry and reconstruction, and multimodal and hyperspectral imaging. As the
course progresses, we will delve into the topics of image acquisition, mathematical analysis, the Fourier transform and
frequency space, statistical pattern recognition, and other foundations of the field.
Core Curriculum/Core Requirements:
Prerequisites: A grade of C or better in COS 226 or permission of the instructor
Course Typically Offered: Fall, Alternating Years
Credits: 3",A grade of C or better in COS 226 or permission of the instructor,"Fall, Alternating Years",3
COS 478,**Introduction to Private Machine Learning (AI)**,"Overview of the role of AI and Machine Learning in improving understanding privacy concepts as well as learning how to
develop privacy-preserving and fair data-intensive applications. Topics include Information privacy Fundamentals,
differential privacy and its variants; algorithmic tools for differential privacy; applications of differential privacy; and
differential privacy in industry.
Core Curriculum/Core Requirements:
Prerequisites: Prerequisite: STS 232 or 332 or 434
Course Typically Offered: Fall
Credits: 3",Prerequisite: STS 232 or 332 or 434,Fall,3
COS 480,**Database Management Systems**,"Covers database management systems from the perspective of database designers and database application
programmers. Topics include Entity-Relationship modeling, relational databases, transactions and isolation, and Web-
database applications. Includes both individual programming assignments and semester-long group projects
culminating in demonstrations of substantial database application.
Core Curriculum/Core Requirements:
Prerequisites: Grade of C- or higher in COS 301 or permission.
Course Typically Offered: Every Year
Credits: 3",Grade of C- or higher in COS 301 or permission.,Every Year,3
COS 490,"**Computers, Ethics and Society**","Consideration of human and social consequences of technological development and application of computers, ethical
questions of computer use, professional ethics.
Core Curriculum/Core Requirements: Ethics and Writing Intensive Requirements.
Prerequisites: Grade of C- or higher in COS 226 and Junior Standing or permission
Course Typically Offered: Fall
Credits: 3",Grade of C- or higher in COS 226 and Junior Standing or permission,Fall,3
COS 497,**Computer Science Capstone 2**,"The second of a two-course sequence, designed to guide students in completing the Capstone project in either an
independent study, group project, or field experience format. The focus is on the later stages of project work, including
completing the programming tasks, evaluating the implemented systems, documenting all work in a project report,
demonstrating the work in action, and making a public oral presentation. The relevant skills are covered and practiced
by studying a collection of classic and topical papers.
Core Curriculum/Core Requirements: Upon completion of the two course sequence (COS 397 & COS 497)’ ,
‘satisfies the General Education and Capstone Experience Requirements.
Prerequisites: COS Majors with Senior standing, COS 397, and permission.
Course Typically Offered: Spring
Credits: 3","COS Majors with Senior standing, COS 397, and permission.",Spring,3
COS 498,**Topics in Computer Science**,"Topics not regularly covered in other courses. Content varies to suit current needs. May be repeated for credit, if topics
differ, for a total of 9 completions and 27 total credits.
Core Curriculum/Core Requirements:
Prerequisites: One semester of programming.
Course Typically Offered: Variable
Credits: 1-3",One semester of programming.,Variable,1-3
COE 201,**Cooperative Education I**,"The purpose of the Cooperative Education/Internship program is to provide practical experiences for students that
complement their academic studies and introduce them to the world of work with its corresponding professional
activities. These work-based learning experiences promote the application of theoretical knowledge and research skills
acquired in the classroom to a productive and supervised experiential work site outside the formal classroom
environment. Cooperative education and internships assist students in the career development process by enabling
them to examine their abilities, values, and interests while applying them to an actual career experience.One distinction
between cooperative education and an internship is that co-op assignments are, more often than not, paid work
experiences. Internships usually are non-paid, volunteer assignments and are often combined with additional readings
and research. The granting of academic credit for an approved work experience is determined by the student’s faculty
sponsor and the university coordinator after an examination of the following criteria: nature of the work to be
performed, the proposed learning objectives, the number of weeks involved, and the anticipated hours per week. (Note:
Students must generally work 70 hours for each credit earned, but these hours must be relevant to the stated learning
objectives.) Students must apply to the coordinator for cooperative education/internship before registering for the
class. It is strongly recommended that planning and application for all cooperative education and internship experiences
begin during the semester prior to participation. Many fields of study require as a condition of graduation the
completion of one or more training programs or courses in an outside clinical or professional setting, such as a hospital,
clinic, professional office, or public classroom. These outside institutions, offices, and schools that provide the
environmental opportunities to students sometimes impose additional requirements as conditions of participation in
their programs. Such requirements might include evidence of a recent medical examination; evidence of health, auto or
other insurance; a written agreement to personally accept and abide by the rules and regulations of that institution; the
execution of an indemnity agreement or release relative to personal liability or liability to others; and similar
requirements pertinent to the particular study program. The University assumes assent and compliance to such
requirements, rules, and regulations by each student upon his or her enrollment in those courses involving outside
study. Basic, entry-level work-learning experience in an institution and/or business that relates to the student’s career
interests or academic field.
Prerequisites: Open to students who have completed a minimum of 18 credit hours or permission of the instructor
Course Typically Offered: Every Fall and Spring
Credits: 1 -12",Open to students who have completed a minimum of 18 credit hours or permission of the instructor,Every Fall and Spring,1
COE 305,**Internship in Science**,"A professional experience for the student who has identified a specific career objective and is interested in gaining
significant and extensive experience in that science-related field. A formal approval process is followed in which
students meet with the faculty advisor with expertise in the area of interest and specify individual learning outcomes for
the experience. This approval process precedes registration. A student will be required to complete 40 hours of
supervised work for each credit earned. A summative report addressing how the student met the learning outcomes is
expected at the end of the experience.
Course Typically Offered: By Arrangement
Credits: 3 - 9",None,By Arrangement,3
COE 313,**Community Experience: Internship & Seminar**,"This course is meant to provide a professional experience for the student who has identified a specific career objective or
graduate school objective and is interested in gaining significant experience in that field. This may be a volunteer or a
paid position and may be combined with additional readings and literature research related to either the position itself
or the student’s specific career objective. A formal approval process is followed in which students meet with the faculty
advisor with expertise in the area of interest and specify individual learning objectives for the community experience.
The approval process precedes registration. After approval, students will attend a mandatory orientation
workshop/meeting prior to the community experience and upon completion will attend a mandatory summative
workshop/meeting. This course includes a Service-Learning and Community Engaged (SL/CE) component.
Prerequisites: MHR 200 and sophomore standing.
Course Typically Offered: Every Fall and Summer
Credits: 3",MHR 200 and sophomore standing.,Every Fall and Summer,3
CRJ 114,**Survey of Criminal Justice**,"This course is designed to provide an overview of the justice process and the criminal justice system in general. Concepts
of crime, deviance and justice will be discussed. Individual rights in a democratic society will be explored, as will the
legal definitions of various crimes. The law enforcement, judicial, juvenile justice and corrections subsystems will also
be explored, and a number of reform proposals presented.
Core Curriculum/Core Requirements: Social Contexts and Institutions
Course Typically Offered: Fall
Credits: 3",None,Fall,3
CRJ 201,**Ethics in Criminal Justice**,"This course examines current issues of ethics in criminal justice. The major focus is to develop a general understanding
of ethics, decision-making, actions and thought processes within the criminal justice system. This course will include
law enforcement scenarios and allow students to make their own decisions and justify them while staying within the
boundaries of the law and professional codes of ethics.
Core Curriculum/Core Requirements: Ethics
Course Typically Offered: Variable
Credits: 3",None,Variable,3
CRJ 219,**Police and Society**,"This course will provide students an overview of the history and evolution of the American police system. Topics will
include the development and organization of law enforcement agencies, the role of police in society, core police
functions, patterns of police-citizen relations, legal issues, and innovations in policing tactics. Students will learn how
changes and trends in society affect police operations and will critically examine issues related to law enforcement.
Core Curriculum/Core Requirements:
Prerequisites: CRJ 114
Course Typically Offered: Fall
Credits: 3",CRJ 114,Fall,3
CRJ 220,**Corrections**,"This course will introduce students to the goals, purpose, and history of the corrections system within the United States.
Students will learn how the American correctional system became a hallmark for the punishment and management of
offenders with one of the highest incarceration rates in the world. Students will also examine current issues that
professionals in the field of corrections encounter, such as the management of inmates with mental health needs.
Examples of topics covered in this class include the establishment of community corrections, the societal impact of mass
imprisonment, and the management of inmates with special needs.
Core Curriculum/Core Requirements:
Prerequisites: CRJ 114
Course Typically Offered: Spring
Credits: 3",CRJ 114,Spring,3
CRJ 255,**Conservation Law Internship**,"This course is tied to a placement with an organization related to the field of Conservation Law so students can gain
significant and extensive, field experience. A formal approval process is followed in which students meet with the faculty
advisor to specify learning outcomes for the experience. This approval process precedes registration. A student will be
required to complete 40 hours of supervised work as well as attend 6 seminars during the semester. A summative report
addressing how the student met the learning outcomes is expected at the end of the experience.
Prerequisites: CRJ 114 or Permission of Instructor
Course Typically Offered: Fall
Credits: 3",CRJ 114 or Permission of Instructor,Fall,3
CRJ 290,**Research Foundations in Sociology and Criminal Justice**,"This course introduces students to essential techniques of research design in sociology and criminal justice, including
identifying research puzzles, using theory in empirical research, selecting methodological approaches, reviewing
scholarly literature, and engaging with research ethics. Students will survey the diversity of research approaches in
sociology and criminal justice and will develop individualized research proposals. Credit cannot be earned for both SOC
290 and CRJ 290
Core Curriculum/Core Requirements: Writing Intensive
Prerequisites: SOC 101 or CRJ 114 or permission.
Course Typically Offered: Spring
Credits: 3",SOC 101 or CRJ 114 or permission.,Spring,3
CRJ 302,**Race and Crime**,"This course examines race, crime, and criminal justice in the United States. Topics will include racial/ethnic differences
in criminal behavior, in victimization, and in criminal justice involvement. A major focus of the course will concern the
issue of possible racial bias in the operation of the criminal justice system and the criminal justice system’s disparate
impact on people of color.
Core Curriculum/Core Requirements:
Prerequisites: SOC 101 and CRJ 114 and CRJ 214
Course Typically Offered: Alternating years
Credits: 3",SOC 101 and CRJ 114 and CRJ 214,Alternating years,3
CRJ 308,**Problems of Violence and Terrorism**,"This course examines terrorism-related violence, activities, and organizations in the United States and abroad. Students
will learn about the historical context for understanding domestic and homegrown violent extremism, emerging trends
in violent extremism and terrorism, recruitment and radicalization, and the institutional and behavioral responses to
terrorism. By the end of this course, students will understand how terrorism and violent extremist organizations are the
result of unique historical and cultural forces, and how they are more dynamic and complex than previously understood.",None,Unknown,N/A
CRJ 324,**Domestic Violence**,"This class focuses on the extent, nature, causes, and consequences of domestic violence in the United States.
Specifically, the course focuses on intimate partner violence, child abuse, child-to-parent abuse, elder abuse, and related
topics. This course revolves around three themes: 1) gaining knowledge and insight about domestic violence, 2)
understanding the social context of domestic violence, 3) evaluating criminal justice responses to domestic violence.",None,Unknown,N/A
CRJ 340,**Intermediate Topics in Criminal Justice**,"An intermediate-level study of topics such as “Deviance and Horror in Cinema”, “Social Entrepreneurship in
Cybersecurity”, “Power and Change in Criminal Justice”. May be repeated for credit if the topics differ for a total of 9
completions and 27 total credits.
Core Curriculum/Core Requirements:
Prerequisites: 6 credit hours of CRJ courses or permission
Course Typically Offered: Fall, Spring, Summer
Credits: 1-3
Dance",6 credit hours of CRJ courses or permission,"Fall, Spring, Summer",1-3
DAN 102,**Beginner Ballet I**,"An introduction to classical ballet dance training. Traditional exercises at the barre and on center floor emphasize body
placement, flow of energy, and the creation of expressive movement in space. For the performing artist or general
student. May be repeated for credit for a total of 9 completions and 18 total credits
Core Curriculum/Core Requirements: Artistic and Creative Expression
Course Typically Offered: Fall & Spring
Credits: 2",None,Fall & Spring,2
DAN 103,**Beginner Jazz I**,"Fundamentals of jazz dance technique with emphasis on body alignment, coordination and movement vocabulary.
Preparation for expressive movement in relation to modern jazz music. May be repeated for credit for a total of 9
completions and 18 total credits.
Core Curriculum/Core Requirements: Artistic and Creative Expression
Course Typically Offered: Fall & Spring
Credits: 2",None,Fall & Spring,2
DAN 105,**Beginner Tap**,"Teaches the fundamentals of Rhythm tap and Broadway Styles technique with emphasis on body alignment, flexibility,
strength, rhythm, coordination and movement vocabulary. Expressive movement is encouraged. May be repeated for
credit for a total of 9 completions and 18 total credits.
Core Curriculum/Core Requirements: Artistic and Creative Expression
Course Typically Offered: Fall & Spring
Credits: 2",None,Fall & Spring,2
DAN 121,**Beginner Modern Dance II**,"Builds upon the fundamental concepts and practice of modern dance technique focusing on body alignment, stretch,
strengthening, movement vocabulary, coordination, musicality and spatial awareness. Further emphasis on longer dance
phrases and musicality. May be repeated for credit for a total of 9 completions and 18 total credits.
Core Curriculum/Core Requirements: Artistic and Creative Expression
Prerequisites: DAN 101 or permission.
Course Typically Offered: Fall & Spring
Credits: 2",DAN 101 or permission.,Fall & Spring,2
DAN 122,**Beginner Ballet II**,"Builds upon the fundamentals of classical ballet technique with emphasis on alignment, flexibility, strength,
coordination and movement vocabulary. Expressive movement, the execution of ballet ‘line’, and performance of longer
dance phrases will be encouraged. May be repeated for credit for a total of 9 completion and 18 total credits.
Core Curriculum/Core Requirements: Artistic and Creative Expression
Prerequisites: DAN 102 or permission.
Course Typically Offered: Fall & Spring
Credits: 2",DAN 102 or permission.,Fall & Spring,2
DAN 130,**Ballroom and World Dance Forms**,"From swing to salsa and waltz to tango, basic social and Latin dance, with emphasis on alignment, coordination, and
movement vocabulary. Additional exposure to Afro-Caribbean roots of today’s dance forms. May be repeated for
credit for a total of 9 completions and 18 total credits.
Core Curriculum/Core Requirements: Satisfies the General Education Artistic and Creative Expression
Requirement.
Course Typically Offered: Variable
Credits: 2",None,Variable,2
DAN 201,**Intermediate Modern Dance**,"Continuation of DAN 121. Emphasis on solving more complex movement problems. Provides an enhanced movement
vocabulary and further principles of body alignment, stretch/strengthening and musicality and expressiveness. May be
repeated for credit for a total of 9 completions and 27 total credits.
Core Curriculum/Core Requirements:
Prerequisites: DAN 121 or permission.
Course Typically Offered: Fall & Spring
Credits: 2-3",DAN 121 or permission.,Fall & Spring,2-3
DAN 205,**Intermediate Tap**,"Expands upon the fundamentals of Rhythm Tap and Broadway Styles technique. Complex rhythmic patterns, breaks,
and longer combinations are encouraged. May be repeated for credit for a total of 3 completions and 6 credits.
Core Curriculum/Core Requirements: Artistic and Creative Expression
Prerequisites: DAN 105 or permission.
Course Typically Offered: Spring
Credits: 2",DAN 105 or permission.,Spring,2
DAN 206,**Beginner Hip Hop**,"This course aims to offer the student a greater understanding of Hip Hop Dance and its integrity as an art form. Students
will gain a physical and cognitive understanding of body coordination, rhythm, and musicality. Students will also be
introduced to the historical context of Hip Hop, which includes the development of its culture and music along with the
dance.
Prerequisites: None
Course Typically Offered: Fall
Credits: 2",None,Fall,2
DAN 297,**Introductory Topics in Dance**,"Provides an opportunity for introductory level exploration within a particular dance form, tradition or innovation not
covered within the existing course offerings. Specific topics will vary semester to semester. May be repeated for credit for
a total of 9 completions and 18 total credits.
Core Curriculum/Core Requirements: Artistic and Creative Expression
Prerequisites: Permission.
Course Typically Offered: Fall & Spring
Credits: 2
Disability Studies",Permission.,Fall & Spring,2
DIS 400,**Disability as Diversity I**,"Examines disability history, theory and current thinking in the field of disability studies. Through interdisciplinary
interchange and experiential learning, students will explore the lived experience of people with disabilities and their
families across the lifespan, examine and debate ethical dilemmas related to disability, and analyze implicit disability
related values reflected in diverse academic and professional fields. Students will apply their learning to their own
disciplines.
Core Curriculum/Core Requirements: Cultural Diversity and International Perspectives and Ethics
Course Typically Offered: Fall
Credits: 3",None,Fall,3
DIS 450,**Disability: Population-Environment Diversity**,"Consistent with contemporary literature and research in the interdisciplinary field of disability studies, students will
examine and analyze disability as an interactive disjuncture between the environment, the human body and population
groups. Students will analyze how environments shape and are shaped by disability populations and will focus on
realigning bodies, populations and environments to advance full participation, reduce personal and environmental harm
reductions, and preserve just and safe environments. Included will be natural, virtual, service, economic, social, policy,
and community environments across the globe.
Core Curriculum/Core Requirements: Population and the Environment
Course Typically Offered: Spring
Credits: 3",None,Spring,3
DIS 480,**Independent Project in Disability Studies**,"Individual work on a topic or problem selected by the student. Primarily for students in the Interdisciplinary
Concentration in Disability Studies.
Core Curriculum/Core Requirements:
Prerequisites: Permission.
Course Typically Offered: Fall, Spring, Summer
Credits: 1-6",Permission.,"Fall, Spring, Summer",1-6
ERS 102,**Environmental Geology**,"Environmental Geology explores the interaction of humans with the Earth’s systems. The course begins with discussions
of earth materials and human population dynamics. The science underlying geologic hazards (earthquakes, floods,
landslides, etc.) is described and the interaction between geologic hazards and humans is explored. Human impacts on
earth systems are identified and evaluated with a focus on pollution and climate change. Sources of energy used by
humans and the associated environmental consequences of different energy sources are discussed. May include a one
day field trip.
Core Curriculum/Core Requirements: Laboratory in the Basic or Applied Sciences and Population and the
Environment
Course Typically Offered: Fall & Spring
Credits: 4",None,Fall & Spring,4
ERS 103,**Dynamic Earth**,"Explores how Earth’s dynamic processes interact with humans by evaluating: the interplay between Earth’s interior,
hydrosphere, biosphere and atmosphere; the effects and underlying causes of natural hazards such as earthquakes,
volcanic eruptions, tidal waves and global warming; Earth’s economic and energy resources how they form and how long
they will last; and the global environment and how best to interact with it. Lec 3.
Core Curriculum/Core Requirements: Applications of Scientific Knowledge and Population and the Environment
Course Typically Offered: Fall, Spring, Summer
Credits: 3",None,"Fall, Spring, Summer",3
ERS 108,**Beaches and Coasts**,"An introduction to coastal landforms, including beaches, salt marshes, tidal flats and sea cliffs, their origins, global
distribution, and associated nearshore processes. Human impacts to the coastal zone, including coastal erosion, land
loss and management, and human responses to sea-level change are considered. Course may have field trips during class
time and a one day field trip. (This course is identical to SMS 108.)
Core Curriculum/Core Requirements: Applications of Scientific Knowledge and Population and the Environment
Course Typically Offered: Spring
Credits: 3",None,Spring,3
ERS 116,**Earth and Climate Science Research Learning Experience**,"This Research Learning Experience (RLE) course will visit iconic locations in Maine to explore a range of Earth
observations and work as part of a team to generate new knowledge. Learn how Maine’s landscape provides vivid
examples of the forces that shape our planet and influence society, and use state-of-the-art technology on water, land,
and from the air to see how Earth and climate scientists measure and understand the Earth system.
Prerequisites: Incoming (first-year and transfer) Earth and Climate Science majors
Corequisites: ELH 117
Course Typically Offered: Fall
Credits: 1",Incoming (first-year and transfer) Earth and Climate Science majors,Fall,1
ERS 152,**Earth’s Changing Climate**,"Earth harbors a climate that is unique in the solar system, with its ability to sustain liquid water and support life. The
geologic record bears witness to spectacular climate changes in the past, the most recent of which heralded the
emergence of a complex, globally interconnected human society. Today humans are influencing the climate system in
potentially unprecedented ways. The purpose of this course is to understand and evaluate the scientific basis of Earth’s
climate and past, present, and future change within the climate system, and to provide scientific context for a warming
world.
Core Curriculum/Core Requirements: Quantitative Literacy and Application of Scientific Knowledge
Course Typically Offered: Fall
Credits: 3",None,Fall,3
ERS 200,**Earth Systems**,"A survey of dynamic topics in earth sciences, emphasizing active participation in on-going faculty research in topics such
as: global climate change, changing sea levels, geochemical cycles, plate tectonics and mountain building, and the
geological evolution of the northern Appalachians. Multiple field trips; at least one a weekend. Lec 3, Lab 3.
Core Curriculum/Core Requirements: Writing Intensive and Lab in the Basic or Applied Sciences
Prerequisites: Any 100-level UMaine Earth Sciences course.
Course Typically Offered: Fall
Credits: 4",Any 100-level UMaine Earth Sciences course.,Fall,4
ERS 240,**The Atmosphere**,"The nature of planetary atmospheres, physical processes in the atmosphere, clouds and precipitation, global climate,
seasons, natural and anthropogenic climate change, forecasting of storms. Lec 3, Lab 2.
Core Curriculum/Core Requirements: Laboratory in the Basic or Applied Sciences
Course Typically Offered: Spring, Odd Years
Credits: 4",None,"Spring, Odd Years",4
ERS 301,**Earth and Climate Science Geomatics**,"This course will provide an introduction to the collection, display, manipulation and management of geospatial
information. The focus will be on modern tools, techniques and methodologies commonly used by earth and
environmental scientists. The course will be divided into surveying and mapping (including GPS), satellite remote
sensing, and geographical information systems (GIS). Lec. 2.5 hr, Lab 3hr.
Core Curriculum/Core Requirements:
Prerequisites: Any ERS 100 level course or SMS 108 and MAT 111 or a score of 30 or higher on the Math Placement
Exam or permission of instructors.
Course Typically Offered: Fall
Credits: 4",Any ERS 100 level course or SMS 108 and MAT 111 or a score of 30 or higher on the Math Placement,Fall,4
ERS 312,**Geochemistry**,"Introduction to the field of geochemistry, from Earth formation to modern processes in the deep Earth and at the
surface. This course will investigate the chemistry of many Earth materials, including rocks, soils, surface and ground
waters, and oceans. Course may include weekend field trips.
Lec 3, Lab 3
Core Curriculum/Core Requirements:
Prerequisites: CHY 121 & 123, and any 100 level ERS course.
Course Typically Offered: Spring, Odd Years
Credits: 4","CHY 121 & 123, and any 100 level ERS course.","Spring, Odd Years",4
ERS 315,**Principles of Sedimentology and Stratigraphy**,"Basic concepts and techniques of stratigraphy and sedimentation. Field trips to local environments and outcrops.
Laboratories emphasize practical analytical techniques of sedimentology, petrography of sedimentary rocks in hand
specimens and thin section, and modern stratigraphic approaches. Lec 3, Lab 3.
Core Curriculum/Core Requirements: Writing Intensive
Prerequisites: Any 100 level ERS course.
Course Typically Offered: Spring Even Years
Credits: 4",Any 100 level ERS course.,Spring Even Years,4
ERS 317,**Introduction to Geophysics**,"Introduction to geophysical studies and global geodynamics. Seismological, gravity, magnetic, electrical and geothermal
studies of the Earth’s lithosphere and cryosphere are emphasized in integrated class, field and laboratory exercises.
Course problem solving requires spread sheeting and numerical modeling applications using available personal
computers.
Core Curriculum/Core Requirements:
Prerequisites: MAT 116 or MAT 126 & PHY 111 or 121 and any 100 level ERS course.
Course Typically Offered: Spring, Even Years
Credits: 4",MAT 116 or MAT 126 & PHY 111 or 121 and any 100 level ERS course.,"Spring, Even Years",4
ERS 319,**Geohazards and Humans**,"Geohazards and Humans will introduce the scientific principles necessary to understand the underlying causes of the
most devastating natural disasters on Earth. Students will learn how to apply modern geological concepts and theories
to identify drivers of major geological hazards and reduce their impacts. It is designed for students who major in the
geosciences but will also benefit students majoring in environmental science, engineering, public policy and business. A
primary goal is to translate a working knowledge of the science of natural hazards into strong critical-thinking and
problem-solving skills to prepare students to work with geohazards in their future careers. To meet this goal, the course
objectives are to demonstrate the use of geological methods and techniques to study geological hazards, and introduce
tools that help to mitigate the impact of these events on humans. Students will learn about established and emerging
approaches for reducing the impact of volcanic eruptions, earthquakes, tsunamis, landslides, extra-terrestrial impacts,
shifts in climate and anthropogenic pollutants on humans and the global economy.
Core Curriculum/Core Requirements: Science Applications and Population and Environment
Prerequisites: Any 100-level Earth Science course or by permission
Course Typically Offered: Spring
Credits: 3",Any 100-level Earth Science course or by permission,Spring,3
ERS 321,**Problems in Earth and Climate Sciences**,"Students conduct an original investigation and report findings. May not normally be used as a required geology elective.
May be repeated for credit.
Core Curriculum/Core Requirements:
Prerequisites: Permission of instructor.
Course Typically Offered: Variable
Credits: 1-4",Permission of instructor.,Variable,1-4
ERS 323,**Extreme Weather**,"Extreme weather is analyzed in terms of its physical basis as well as historical, economic and human consequences.
Emphasis is placed on the interplay between technological advances, the evolution of meteorology as a science, and the
impacts of extreme weather (winter storms, severe thunderstorms, tornados, tropical storms, El Nino, floods, droughts,
heatwaves, cold waves). Recommended: ERS 121 or ERS 240
Core Curriculum/Core Requirements: Quantitative Literacy and Population and Environment
Course Typically Offered: Spring, Even Years
Credits: 3",None,"Spring, Even Years",3
ERS 340,**Economic Geology**,"This course examines the geological characteristics of metallic and industrial mineral deposits, the geological
environments and processes responsible for their genesis, the methods used in their discovery and extraction, and the
challenges of environmentally responsible reclamation of extraction sites.
Core Curriculum/Core Requirements:
Prerequisites: ERS 330 or permission.
Course Typically Offered: Spring, Odd Years
Credits: 3",ERS 330 or permission.,"Spring, Odd Years",3
ERS 350,**Fresh-Water Flow**,"Focuses on characterizing fresh-water hydrologic systems (Lakes, Rivers, ground water, etc.) and the fluxes of water
between these reservoirs. Rates of precipitation, evaporation, channelized flow, overland flow, and infiltration are
calculated and used to assess watershed hydrology. Course may include weekend field trips.
Core Curriculum/Core Requirements:
Prerequisites: MAT 122 or a passing score on UM Math Placement Exam #3.
Course Typically Offered: Spring
Credits: 3",MAT 122 or a passing score on UM Math Placement Exam #3.,Spring,3
ERS 401,**Paleoceanography**,"The ocean plays a central role in regulating climate and supporting life on our planet, and it has not always operated as it
does today. Throughout Earth history, the ocean has undergone dramatic changes in circulation, temperature, chemical
composition, and more. In this course, students will explore our ocean’s dynamic past, which provides insight into its
present and future behavior. We will discuss key research techniques, major discoveries, and emerging frontiers in the
field of paleoceanography (the study of the global ocean’s circulation, chemistry, biology, and geology through geologic
time). Students will read and discuss key research articles each week that complement lecture material. They will also
work with both modern and paleo datasets to enhance their skills and deepen their understanding of how scientists infer
past ocean conditions from geologic archives. ERS 401 and ERS 501 cannot both be taken for credit.
Core Curriculum/Core Requirements:
Prerequisites: Any 100 level ERS course.
Course Typically Offered: Spring, Odd Years
Credits: 3",Any 100 level ERS course.,"Spring, Odd Years",3
ERS 420,**Computer Scripting for Data Analysis**,"This course focuses on the application of a computer scripting language (Python or similar language) to interpret and
analyze earth and environmental science data and processes. Students will learn to use an interpreted computer
language to perform calculations, evaluate data sets, create complex graphs and simulate simple systems.
Core Curriculum/Core Requirements:
Prerequisites: MAT 116 or MAT 122
Course Typically Offered: Variable
Credits: 3",MAT 116 or MAT 122,Variable,3
ERS 425,**How to Build a Habitable Planet**,"This course will take a journey through the remarkable geologic and climatic events that led to the emergence of life, an
oxygen-rich atmosphere, explosions and collapses of biodiversity, waxing and waning of continental ice sheets, and
ultimately a planet on which Homo Sapiens could thrive and develop civilizations unlike anything Earth has ever
witnessed. We will explore the great and as-yet unsolved mysteries of Earth’s evolution with an eye toward placing our
existence into the context of what it takes to build, and sustain, a habitable world. We will consider internal and external
forces that have shaped environmental evolution over the planet’s history, including the role of humans in geochemical
and climatic change. We will consider the geochemical proxies and isotopic geochronometers that have improved our
understanding of past environments and climates. Our goals are to develop critical thinking and writing skills and a
scientific approach to the complex array of feedbacks that govern the evolution of Earth’s surface and climate, as well as
an appreciation for how past Earth System change can inform current human and societal issues.",None,Unknown,N/A
ERS 441,**Glaciers and Our Landscape**,"Explores the nature of the ice ages, including the work of glaciers and how they shape the earth’s surface. Emphasis is
on understanding the processes that resulted in the landscape and sediments we see today. Course may have field trips
during class times. (ERS 441 and 541 are identical courses and cannot both be taken for degree credit.)
Core Curriculum/Core Requirements: Population and the Environment and Writing Intensive
Prerequisites: Any 100 level ERS course or Graduate Standing
Course Typically Offered: Fall
Credits: 3",Any 100 level ERS course or Graduate Standing,Fall,3
ERS 451,**Tectonics**,"Exploration of the plate tectonic mechanisms that control and modify the first-order features of Earth’s surface. We
consider how the movements of the uppermost 100-200 km of our planet creates the topographic features and patterns
in the continents and oceans. One weekend field trip.
Core Curriculum/Core Requirements:
Prerequisites: Any 200-level ERS course or permission.
Course Typically Offered: Spring, Odd Years
Credits: 3",Any 200-level ERS course or permission.,"Spring, Odd Years",3
ERS 460,**Marine Geology**,"Topics include theories of the origin of the earth as a planet and the development of continents and ocean basins,
morphology and structure of the sea floor, interpretation of geological and geophysical evidence relevant to the origin
and evolution of major tectonic features of oceans. Students may not receive credit for both ERS 460 and ERS 560.
Core Curriculum/Core Requirements:
Prerequisites: Any 100 level ERS course.
Course Typically Offered: Spring, Even
Credits: 3.0",Any 100 level ERS course.,"Spring, Even",3
ERS 480,**Introduction to Hydrogeology**,"The role of groundwater in geologic and water supply processes including: the hydrologic cycle, groundwater interaction
with surface water, groundwater flow and transport equations, aquifer characterization, chemistry of groundwater, and
groundwater as a geologic agent. ERS 480 and ERS 580 cannot both be taken for credit.
Core Curriculum/Core Requirements:
Prerequisites: Any 100 level ERS course and MAT 116 or MAT 126.
Course Typically Offered: Fall, Odd Years
Credits: 3",Any 100 level ERS course and MAT 116 or MAT 126.,"Fall, Odd Years",3
ERS 498,**Thesis-based Capstone**,"Original research in geological sciences that fulfills capstone requirement. The research problem must be identified prior
to the start of the senior year and may be of an experimental, empirical or theoretical approach. A committee of three or
more faculty will supervise the thesis and its defense. Course may be repeated 3 times with a total of 6 credits allowed.
Core Curriculum/Core Requirements:
Prerequisites: Senior standing.
Course Typically Offered: Fall, Spring, Summer
Credits: 1-6",Senior standing.,"Fall, Spring, Summer",1-6
ELH 117,**First-Year Success Seminar**,"A course designed to support students as they adjust to life and responsibilities in college and to help students develop
skills to achieve success. Provides an introduction to the major and degree requirements, department faculty and staff,
career opportunities and other resources for success in the major. Includes orientation to University resources for
students. Intended for first-year students but may include transfer students. Course may include field trips during class
hours and/or weekends.
(Pass/Fail Grade Only.)
Core Curriculum/Core Requirements:
Course Typically Offered: Fall
Credits: 1",None,Fall,1
EES 100,**Human Population and the Global Environment**,"Introduces the concepts and principles necessary to evaluate contemporary global issues of population growth, natural
resource conservation and environmental protection. Surveys the historical development of environmental awareness in
the United States. Develops skills to interpret critically the diverse types of information available about environmental
issues.
Core Curriculum/Core Requirements: Population and the Environment
Course Typically Offered: Spring
Credits: 3",None,Spring,3
EES 115,**Natural Environments**,"The course is an environmental liberal arts course designed to introduce students to the natural world around them and
the scientific inquiry process. The topic of the course will usually cover chemical, physical and biological processes
centered on the Downeast natural environment.
Prerequisites: MAT 103M or MAT 111M or demonstrated proficiency in pre-college mathematics (>= 500 on SAT
MATH exam, >= 530 on SAT MSS exam, >= 21 on ACT Math exam or >= 61 on the Aleks Math Placement Exam).
Course Typically Offered: Variable
Credits: 4",MAT 103M or MAT 111M or demonstrated proficiency in pre-college mathematics (>= 500 on SAT,Variable,4
EES 117,**Introduction to Ecology and Environmental Sciences**,"This course offers an introduction to college and provides an interdisciplinary perspective on ecological and
environmental issues. The course will examine ecological systems, the interrelationships between human activities and
the environment, and the social, political, economic, and technological factors that affect the use of natural resources.
Material is presented via lectures, field trips during class hours and special readings.
Core Curriculum/Core Requirements:
Course Typically Offered: Fall
Credits: 2",None,Fall,2
EES 141,**Soil Science Laboratory**,"A series of practical laboratory exercises providing hands-on experience with soil measurements and information
use. Course will include field trips during class hours.
Core Curriculum/Core Requirements: Together with EES 140’ , ‘this course Satisfies the General Education Lab in
the Basic or Applied Sciences Requirement.
Prerequisites: BMB 207 or CHY 121 is recommended.
Corequisites: EES 140
Course Typically Offered: Spring
Credits: 1",BMB 207 or CHY 121 is recommended.,Spring,1
EES 217,**Field Research Experience in Ecology and Environmental Sciences**,"This course is an intensive field experience for EES majors. EES undergraduates will stay at a remote site (e.g., Schoodic
Education and Research Center at Acadia National Park) for an intensive multi-day program that will immerse them in
the rich science and cultural history that makes Maine a living laboratory for environmental issues. Students will be
challenged to identify and assess emerging issues in environmental science and natural resources management.
Students will be introduced to relevant problems or issues facing stakeholders in the field of ecology and environmental
sciences, and will work in teams to research, synthesize, and present what they’ve learned. The field setting is rich with
opportunities for outdoor experience, interactions with scientists in residence, and varied local, regional, and national
stakeholders with whom they will collaborate. This course is a required field experience for EES majors.
Core Curriculum/Core Requirements:
Course Typically Offered: Fall and Summer
Credits: 0-2",None,Fall and Summer,0-2
EES 351,"**Energy, Wealth, and Power: a Biophysical Systems view of Nature**","and Society
Within the biophysical economics paradigm, energy is the unseen arbiter that drives ecological and economic processes.
Biophysical systems of nature and human society are organized according to seemingly universal laws that govern the
concentration, conversion, and degradation of energy over space and time. These laws explain historic patterns in
ecological and societal evolution and provide a framework for responding to planetary crises of climate change, peak
energy, and unpayable ecological debt. Students will apply biophysical systems principles of energy return on investment
(EROI), energy hierarchy, transformity, embodied energy (eMergy), and maximum eMpower to better understand the
past and better prepare for the future in a rapidly-degrading ecosphere. Students will read historic and current
literature, participate in (and sometimes lead) interactive class discussions, and complete individual- or group-projects.
Core Curriculum/Core Requirements: Population and the Environment
Prerequisites: Junior standing or instructors permission.
Course Typically Offered: Spring
Credits: 3",Junior standing or instructors permission.,Spring,3
EES 396,**Field Experience in Ecology and Environmental Sciences**,"Approved work experience for which academic credits is given. Students may work part time or full time for a semester
in an approved program of work experience which contributes to the academic major. Students have the opportunity to
gain practical experience in a job related to their professional career goals.
(Pass/Fail Grade Only.)
Core Curriculum/Core Requirements:
Prerequisites: Junior standing and permission.
Course Typically Offered: Summer
Credits: 1 - 16",Junior standing and permission.,Summer,1
EES 397,**Topics in Ecology and Environmental Sciences Conservation and**,"Management
The conservation and management of natural resources entail dynamic social, economic, and scientific problems.
Students investigate a natural resource topic of current national or international concern.
Course may be repeated for credit, if topics differ, for a total of 9 completions and 9 total credits.
Core Curriculum/Core Requirements:
Prerequisites: Ecology and Environmental Sciences major or permission of instructor.
Course Typically Offered: Fall, Even Years
Credits: 1-3",Ecology and Environmental Sciences major or permission of instructor.,"Fall, Even Years",1-3
EES 475,**Field Studies in Ecology**,"An intensive ecology travel study course of one to several weeks to an area of ecological interest (e.g., the Amazon basin
or Serengeti plains) scheduled during winter or spring break, May term, or summer. Field and living conditions may be
rigorous and/or primitive and include overnight and weekend travel. There is a fee associated with this course for travel
expenses. The course MAY meet weekly prior to and following the travel component. Course may be repeated for credit
for a total of 3 completions and 9 total credits.
Core Curriculum/Core Requirements:
Prerequisites: BIO 319 or WLE 200 or SMS 300 or permission
Course Typically Offered: Spring
Credits: 1-3",BIO 319 or WLE 200 or SMS 300 or permission,Spring,1-3
EES 489,**Critical Issues in Ecology and Environmental Sciences**,"Current and historically important issues in natural resource management and conservation are evaluated by teams of
students and faculty. Interdisciplinary approaches to problem analysis are stressed, with special attention to the ways
scientific information and management options affect policy. Students use quantitative tools, undertake critical reading
and synthetic writing, and further develop science literacy skills.
Core Curriculum/Core Requirements: Capstone and Writing Intensive
Prerequisites: Ecology and Environmental Sciences major or minor with senior standing.
Course Typically Offered: Fall
Credits: 4",Ecology and Environmental Sciences major or minor with senior standing.,Fall,4
ECO 105,**Environmental Policy**,"Examines the relation between the natural environment and the economy, the economic sources of environmental
degradation and economic analysis of alternative approaches to environmental regulation and management.
Core Curriculum/Core Requirements: Population and the Environment
Course Typically Offered: Variable
Credits: 3",None,Variable,3
ECO 112,**Economics of Social Issues and Ethical Dilemmas**,"This courses applies economic principles to important contemporary social issues. A wide range of subjects is explored,
ranging from clearly economic subjects such as unemployment and globalization to painful social problems such as
crime and poverty to seemingly noneconomic concerns such as organ transplants and illegal drug use. The theme
unifying the topics is the ethical dilemmas that lie beneath the surface. Thus, widely held beliefs are challenged and
critically examined in this course. Investigation of contemporary social problems using the lens of economics should
deepen students’ awareness and understanding of significant current events and their underlying ethical tradeoffs. This
course also introduces and develops an appreciation of the fundamental principles and analytical framework of
economics. The goal of the course is to broaden and deepen the students’ understanding of both social issues and
economics.
Core Curriculum/Core Requirements: Ethics
Course Typically Offered: Fall, Alternating
Credits: 3",None,"Fall, Alternating",3
ECO 120,**Principles of Microeconomics**,"Principles of microeconomics and their application to economic issues and problems. Analysis of the economic decision-
making of individuals and firms; markets and pricing; monopoly power; income distribution; the role of government
intervention in markets.
Core Curriculum/Core Requirements: Social Contexts and Institutions
Course Typically Offered: Fall, Spring, Summer
Credits: 3",None,"Fall, Spring, Summer",3
ECO 121,**Principles of Macroeconomics**,"Principles of macroeconomics and their application to modern economic issues and problems. Analysis of national
income and employment; fluctuations in national income; monetary and fiscal policy; control of inflation,
unemployment, and growth; and international aspects of macroeconomic performance.
Core Curriculum/Core Requirements: Social Contexts and Institutions
Course Typically Offered: Fall, Spring, Summer
Credits: 3",None,"Fall, Spring, Summer",3
ECO 154,**Small Business Economics and Management**,"Application of economic concepts to real world business and economic decisions using graphs, spreadsheets and
analytical techniques. Students will learn introductory small business management concepts, how to estimate the cost of
producing goods and services, and how to develop business feasibility studies. Students will develop a hands-on project
that integrates Excel to create a purposeful model.
Core Curriculum/Core Requirements: Social Context and Institutions
Course Typically Offered: Spring, Summer, Fall
Credits: 3",None,"Spring, Summer, Fall",3
ECO 180,"**Citizens, Energy & Sustainability**","This course is intended to provide students with a broad understanding of energy issues by focusing upon current energy
use and mandates, energy production (with a focus on alternative energy options), as well as introduces the political,
human and environmental implications of energy use and production. We will discuss how citizens play a vital role in
determining the direction that energy policy will take. In the course of our lifetime each of us will be asked to vote on an
energy related circumstance, this course intends to give you a place to start in understanding the complexities of energy.
Core Curriculum/Core Requirements: Population and the Environment and Social Contexts and Institutions
Course Typically Offered: Spring
Credits: 3",None,Spring,3
ECO 190,"**World Food Supply, Population and the Environment**","Reviews current global resources focusing primarily upon food production and population, and environmental problems
relating to food production and distribution. World trade and world trade policy are considered with primary emphasis
on food. Other topics include world trade liberalization, genetically modified foods and comparative agricultural
systems.
Core Curriculum/Core Requirements: Population and the Environment and Social Contexts and Institutions
Course Typically Offered: Fall, Spring and Summer
Credits: 3",None,"Fall, Spring and Summer",3
ECO 221,**Intermediate Macroeconomics**,"Analysis of the basic forces that cause fluctuations in economic activity and their effects on employment, investment, and
business firms. Stabilization proposals examined and evaluated.
Core Curriculum/Core Requirements: Social Contexts and Institutions
Prerequisites: Grade of C- or better in ECO 120 and ECO 121
Course Typically Offered: Fall & Spring
Credits: 3",Grade of C- or better in ECO 120 and ECO 121,Fall & Spring,3
ECO 240,**Maine Economy**,"An in-depth analysis of the Maine economy, including its history, socio-economic trends, influential institutions,
economic performance, aging demographics and the labor force, environmental impact, food security, international
trade, and the distribution of income. Maine’s economic strengths and opportunities along with its weaknesses and
threats will also be explored. Lastly, a comprehensive review of past and current State level economic growth and
development strategies will be presented and analyzed for their achievements and shortcomings.
Core Curriculum/Core Requirements: Western Cultural Tradition
Prerequisites: Grade of C- or better in ECO 120 and ECO 121, or permission
Course Typically Offered: Fall, Odd Years
Credits: 3","Grade of C- or better in ECO 120 and ECO 121, or permission","Fall, Odd Years",3
ECO 285,**Economics of Sports**,"Economic and business related issues facing sports franchises and leagues are examined using concepts from industrial
organization, labor economics and public finance.
Core Curriculum/Core Requirements: Social Contexts and Institutions
Prerequisites: C- or better in ECO 120
Course Typically Offered: Variable
Credits: 3",C- or better in ECO 120,Variable,3
ECO 340,**The Canadian Economy: Issues and Policies**,"Survey of the structure and functioning of the Canadian economic system, its problems and the policies used to solve
them.
Core Curriculum/Core Requirements: Cultural Diversity and International Perspectives
Prerequisites: Grade of C- or better in ECO 120 and ECO 121 or permission
Course Typically Offered: Fall
Credits: 3",Grade of C- or better in ECO 120 and ECO 121 or permission,Fall,3
ECO 353,**Money and Banking**,"Examines the American banking and financial system including monetary theory and policy.
Core Curriculum/Core Requirements:
Prerequisites: Grade of C- or better in ECO 120 and ECO 121 or permission
Course Typically Offered: Spring
Credits: 3",Grade of C- or better in ECO 120 and ECO 121 or permission,Spring,3
ECO 370,**Topics in Economics**,"Includes readings, research and discussions. Topics vary depending on faculty and student interests. May be repeated for
credit, if topics differ, for a total of 9 completions and 27 total credits.
Core Curriculum/Core Requirements:
Prerequisites: Grade of C- or better in ECO 120 and ECO 121 or permission
Course Typically Offered: Fall & Spring
Credits: 1-3",Grade of C- or better in ECO 120 and ECO 121 or permission,Fall & Spring,1-3
ECO 377,**Environmental Economics and Policy**,"This course takes an economics-based approach to the study of environmental issues, including how economists’ value
environmental resources and address market failures Contemporary environmental economics problems and policies
are presented.
Core Curriculum/Core Requirements: Population and the Environment
Prerequisites: A grade of C- or better in ECO 120
Course Typically Offered: Fall
Credits: 3",A grade of C- or better in ECO 120,Fall,3
ECO 385,**Econometrics**,"Introduction to the models and methods used to estimate relationships and test hypotheses pertaining to economic
variables. Among the topics covered in the course are: Single and multiple regression analysis; functional forms;
omitted-variable analysis; multicollinearity; heteroskedasticity; and simultaneous equations models. Practical
application of regression techniques, including the use of coding and statistical software, occupies second half of the
course.
Core Curriculum/Core Requirements: Quantitative Literacy
Prerequisites: A grade of C- or better in ECO 220 and ECO 266
Course Typically Offered: Spring
Credits: 3",A grade of C- or better in ECO 220 and ECO 266,Spring,3
ECO 395,**Field Experience**,"Upon obtaining an internship, students may seek approval for their economics-related work experience to count for
credit towards their degree. Students must obtain approval from the department prior to being enrolled. Up to 12 total",None,Unknown,N/A
ECO 403,**Experimental Economics**,"Experimental research continues to demonstrate that the economic decisions of individuals and groups deviate,
sometimes dramatically, from those predicted by standard economic theory’s rational actor model. Experimental
economics seeks to explain the economic decision-making of consumers and citizen, as psychologically complex,
cognitively limited, emotional, social decision-makers. This course explores the foundations, methods and outcomes of
experimental economics. Topics covered include experimental economics ethics, basics of experimental design in
economics, opportunities, challenges and limitation of experimental methods, analysis of experimental data and key
contributions to the economic literature. ECO 403 and ECO 503 cannot both be taken for credit.
Prerequisites: A grade of C- or better in ECO 220
Course Typically Offered: Fall, alternating
Credits: 3",A grade of C- or better in ECO 220,"Fall, alternating",3
ECO 404,**Behavioral Economics**,"Research continues to demonstrate that the economic decisions of individuals and groups deviate, sometimes
dramatically, from those predicated by standard economic theorys rational actor model. Behavioral economics seeks to
explain the economic decision-making of consumers and citizens, as psychologically complex, cognitively limited,
emotional, social decision-makers. This course explores the foundations of behavioral economics and how this rapidly
changing subfield informs the larger field of economics. Topics include bounded rationality, prospect theory, reference
dependence, social preferences, anchoring, framing, and priming, moral balancing, and applications of behavioral
economics to public policy.",None,Unknown,N/A
ECO 405,**SL: Sustainable Energy Economics & Policy**,"This course examines tradeoffs associated with the technical, economic, environmental, and social implications of energy
supply, distribution, and use in the context of transitioning toward a sustainable energy future. Students examine a
variety of renewable and non-renewable energy options for electricity, heating and transportation. Students assess
quantitative and qualitative indicators of sustainability related to greenhouse gas (GHG) emissions and climate change,
air and water quality, human health and safety, energy security, wildlife and the environment, technological efficiency
and availability. They examine the effect of policies (e.g., carbon prices, emissions targets, efficiency requirements,
renewable portfolio standards, feed-in tariffs) on these indicators and tradeoffs. The course provides brief introductions
to environmental life cycle assessment (LCA), social benefit cost analysis (SBCA) and multi-criteria decision analysis
(MCDA), as they apply to energy issues. Students apply course concepts to a service-learning project in which they work
with people from surrounding communities on local sustainable energy solutions. Field trips may be required. Students
may not receive credit for both ECO 405 and ECO 505.
Core Curriculum/Core Requirements: Population and Environment
Prerequisites: A grade of C- or better in ECO 220, or a B- or better in ECO 180 or have a Minor in Energy Economics
& Policy or Renewable Energy Engineering or Renewable Energy Science & Technology
Course Typically Offered: Variable
Credits: 3","A grade of C- or better in ECO 220, or a B- or better in ECO 180 or have a Minor in Energy Economics",Variable,3
ECO 426,**Regional Economics: Policy and Practice**,"This course is about U.S. regional economic development, with an emphasis on policy and practice (i.e., the types of
strategies used by regions to promote economic development). Topics include business climate and taxes; industry
clusters; human capital; the importance of small businesses; technology-based approaches to economic development;
amenities; and aspects of new growth (e.g., residential development, people moving into a region).
Core Curriculum/Core Requirements:
Prerequisites: A grade of C- or better in ECO 220 or ECO 221 or permission
Course Typically Offered: Alternate years
Credits: 3",A grade of C- or better in ECO 220 or ECO 221 or permission,Alternate years,3
ECO 427,**Regional Economics: Modeling**,"Analysis and measurement of changes in state and local economies. Emphasis on analytical tools, such as input-output
modeling. ECO 427 and 527 cannot both be taken for credit.
Core Curriculum/Core Requirements:
Prerequisites: A grade of C- or better in ECO 220 and ECO 221 and MAT 126 or permission
Course Typically Offered: Alternating Years
Credits: 3",A grade of C- or better in ECO 220 and ECO 221 and MAT 126 or permission,Alternating Years,3
ECO 442,**Health Economics**,"This course surveys major topics in health economics including: the economic determinants of health; the market for
health care and insurance; the role of government. We focus on the health system in the United States with comparisons
to other countries, as well as health system reform. We also consider special topics including: the health endowment;
business cycles and health; socio-economic gradients in health; health externalities; health behaviors and outcomes.
Core Curriculum/Core Requirements: Social Contexts and Institutions
Prerequisites: C- or better in ECO 220 or permission
Course Typically Offered: Variable
Credits: 3",C- or better in ECO 220 or permission,Variable,3
ECO 446,**Urban Economics**,"This course explores the economic dynamics of cities, examining the challenges and opportunities that arise in urban
settings. We will combine economic theory with real-world applications to understand the relationships between
individuals, firms, and government. You will gain insight into the forces shaping urban development, the allocation of
resources, and the impact of policies on the economic vitality of cities. This course is ideal for those who are interested in
economics, urban planning, public policy, as well as anyone seeking a deeper understanding of the economic intricacies
of urban environments.
Prerequisites: C- or better in ECO 220 or permission. ECO 446 cannot be taken for credit after passing ECO 370 with
the topic of Urban Economics.
Course Typically Offered: Fall
Credits: 3",C- or better in ECO 220 or permission. ECO 446 cannot be taken for credit after passing ECO 370 with,Fall,3
ECO 453,**Financial Economics**,"Examines the economics of financial markets, asset pricing, risks, and decision making in the face of uncertainty. Topics
include the time value of money, the efficient market hypothesis, optimal portfolio allocation, and the capital asset
pricing model.
Core Curriculum/Core Requirements:
Prerequisites: A grade of C- or better in ECO 220 and in either MAT 116 or MAT 126 or permission
Course Typically Offered: Alternate Years
Credits: 3",A grade of C- or better in ECO 220 and in either MAT 116 or MAT 126 or permission,Alternate Years,3
ECO 470,**Independent Capstone**,"This course is for students interested in completing an independent capstone project. Students must work with a faculty
advisor to complete a research paper on an economic topic of their choosing.
Core Curriculum/Core Requirements: Writing Intensive and Capstone
Prerequisites: Permission required. Must have a faculty mentor before course registration.
Course Typically Offered: Variable
Credits: 3",Permission required. Must have a faculty mentor before course registration.,Variable,3
ECO 475,**Industrial Organization**,"Explores the relationship between market structure, conduct and performance. Development of a general analytical
framework to assess performance in existing markets and evaluation of current public policy on this basis.
Core Curriculum/Core Requirements: Writing Intensive, Capstone
Prerequisites: A grade of C- or better in ECO 220 and ECO 221
Course Typically Offered: Not Regularly Offered
Credits: 3",A grade of C- or better in ECO 220 and ECO 221,Not Regularly Offered,3
ECO 477,**Natural Resource Economics and Policy**,"This course explores ways in which economic analysis can be used to inform and improve the management of natural
resources. The goal of this course is to introduce students of the concepts of economics and how they relate to natural
resource management. This course will cover topics, such as: How economists view the natural environment; Economic
theory of resource exploitation (renewable and nonrenewable resources); The use of natural resources and their
regulation; and The effect of economic activity on the natural environment (and vice versa).
Core Curriculum/Core Requirements: Population and the Environment
Prerequisites: C- or better in either ECO 220
Course Typically Offered: Every other spring
Credits: 3",C- or better in either ECO 220,Every other spring,3
ECO 488,**Spreadsheet Modeling and Decision Analysis**,"An examination of quantitative techniques for optimization and forecasting typically used by businesses. Emphasis is
placed on modeling linear programming problems in Excel, determining optimal solutions, and interpreting parameter
sensitivity. The course also covers forecasting, queuing models, and simulation modeling.
Core Curriculum/Core Requirements:
Prerequisites: A grade of C- or better in ECO 220 or ECO 221 or permission
Course Typically Offered: Variable
Credits: 3",A grade of C- or better in ECO 220 or ECO 221 or permission,Variable,3
ECO 489,**Senior Capstone**,"A writing intensive and discussion based course focusing on current economic problems. Students are required to
prepare a major research paper and presentation in conjunction with the instructor.
Core Curriculum/Core Requirements: Writing Intensive and Capstone
Prerequisites: Senior Standing in School of Economics; a grade of C- or better in ECO 220, ECO 221, and ECO 266
Course Typically Offered: Fall
Credits: 3","Senior Standing in School of Economics; a grade of C- or better in ECO 220, ECO 221, and ECO 266",Fall,3
ECO 496,**Field Experience in Economics**,"Supervised employment in either the public or private sector. Requirements include initial proposal showing relevance
of job and final report or paper. Permission required. Must have an internship proposal submitted to the
internship/undergraduate coordinator. May be repeated for credit for a total of 9 completions and 27 total credits.
Core Curriculum/Core Requirements:
Prerequisites: Permission required. Must have an internship proposal submitted to the internship/undergraduate
coordinator.
Course Typically Offered: Fall & Spring
Credits: 3",Permission required. Must have an internship proposal submitted to the internship/undergraduate,Fall & Spring,3
EDU 112,**Foundations of Education**,"A pre-professional course required of all education majors. This course examines historical, philosophical and current
educational issues. The role of the professional educator is a focus, and the student evaluates personal skills and
aptitudes in light of expectations for the profession. An eight hour practicum is required.
Core Curriculum/Core Requirements: Social Contexts and Institutions
Course Typically Offered: Fall and Spring
Credits: 3",None,Fall and Spring,3
EDU 216,**The Teaching Process**,"The purpose of this course is to gain understanding and offer experience in design, implementation and evaluation of
curriculum aligned with assessment practices. Instructional goals and objectives to develop a variety of appropriate
assessment tools for both formative and summative assessment are critical to effective teaching. Both classroom and
standardized assessment and their reliability and validity will be considered. Philosophy, goals and practices are
explored through cultural, economic, political and social influences on the curriculum.
Core Curriculum/Core Requirements: Capstone
Prerequisites: EDU 112 and ENG 101, or permission of instructor
Course Typically Offered: Spring
Credits: 3","EDU 112 and ENG 101, or permission of instructor",Spring,3
EDU 255,**Multicultural Literature for Children and Young Adults**,"The purpose of this course is to examine the impact of cultural, linguistic, and ethnic diversity in literature and how it
applies to teaching. It introduces students to a variety of literature in which students will review and evaluate the
literature of underrepresented groups such as African Americans, Asian Americans, Native Americans, Hispanic
Americans and European Americans. It also requires introspection and an examination of bias, power, and privilege.
Prerequisites: ENG 101 and EDU 112 or permission
Credits: 3",ENG 101 and EDU 112 or permission,Unknown,3
EDU 301,**Teaching and Learning**,"A self-designed supervised practicum experience involving tutoring; assisting a classroom teacher; and planning,
implementing, and evaluating lessons in educational settings beyond the university classroom. Individual contracts are
developed by the student, supervisor, and field practitioner for each experience. This course may be repeated for a total
of no more than 9 cr.
Prerequisites: EDU 112 or permission of instructor
Course Typically Offered: Variable
Credits: .5-9",EDU 112 or permission of instructor,Variable,N/A
EDU 327,**Content Area Literacy Methods**,"This course focuses on content area literacy through the exploration and application of strategic teaching methods that
will enhance student understanding of content area material. Participants will come to understand that learning is an
active, constructive process and will recognize that using a variety of learning strategies and development of critical
thinking skills will enhance understanding. Participants will be required to demonstrate knowledge and application of
sound reading and writing strategies to be used in the classroom. These strategies will create readiness for learning, and
will use reading and writing to promote content understanding. An additional focus is on encouraging extensive
reading, discussion, enjoyment and appreciation of literature. A 20 hour internship is required.
Prerequisites: EDU 359
Course Typically Offered: Spring
Credits: 3",EDU 359,Spring,3
EDU 329,**Elementary Social Studies Methods**,"This course focuses on methods to teach elementary social studies curriculum and the diverse ways this component of
the curriculum has been, and continues to be, defined in American schools. Students will explore a range of
developmentally appropriate teaching strategies and resources that are especially pertinent to historical and cross-
cultural topics, but also to procedures that are transferable to teaching other areas of the curriculum. Diffused
throughout the course is an appreciation for cultural diversity and the value of looking at situations from multiple
perspectives. A 20 hour internship is required.
Prerequisites: EDU 216 or permission of instructor
Corequisites: EDU 359
Course Typically Offered: Spring
Credits: 3",EDU 216 or permission of instructor,Spring,3
EDU 334,**Integrated Reading & Language Arts Methods**,"A course designed to assist prospective teachers in acquiring the competencies necessary to organize, instruct, evaluate,
and manage the communication skills in the elementary/middle school programs. Course content focuses on the
theories, approaches and related materials and effective practices in developmental listening, speaking, reading and
writing in grades K-6. The focus is on an integrated approach to communication skills acquisition. Students are
required to demonstrate competency in utilizing technology for skill reinforcement. Consideration is given to the needs
of exceptional children in the regular classroom. A 20 hour internship is required.
Prerequisites: EDU 216 or permission of instructor
Corequisites: EDU 359
Course Typically Offered: Fall
Credits: 3",EDU 216 or permission of instructor,Fall,3
EDU 344,**Elementary Math Methods**,"A course designed to acquaint prospective elementary and middle-level teachers with the content, strategies, techniques,
materials, and organizational structures related to teaching mathematics. Topics include problem solving, logical
thinking, finding numerical patterns, transmitting positive attitudes towards mathematics, and the use of manipulatives
and technology. Methods of increasing the mathematics skills of children with exceptionalities are addressed. A 20
hour internship is required.
Prerequisites: EDU 216 or permission of instructor
Corequisites: EDU 359
Credits: 3",EDU 216 or permission of instructor,Unknown,3
EDU 460,**Student Teaching**,"Student teaching is the final field experience for elementary, middle-level, and secondary education students.
Individually assigned university supervisors and carefully selected cooperating teachers in local schools provide a 15-
week extended apprenticeship into the profession. Students must participate in a portfolio defense at the conclusion of
the student teaching experience, at which time the student teacher will provide evidence of achievement of the Maine
Department of Education’s initial teacher certification standards outlined in the syllabus. Student teachers must also
attend campus-based orientation sessions and seminars designed to complement the student teaching experience.
Prerequisite: acceptance by the Student Teaching Committee. Among other factors considered by the committee: (a)
attainment of senior status; (b) GPA of 2.5 overall and in concentration and program courses; (c) successful completion
of all required professional education courses; (d) successful completion of the writing sample; (e) completion of
interview with education faculty; (f) attendance at an information session for student teaching applicants; (g) evidence of
continuous personal growth and responsibility; and (h) successful completion of Praxis Core Academic Skills for
Educators subtests and Elementary Education or relevant Praxis content area for secondary majors.
Core Curriculum/Core Requirements: Capstone
Prerequisites: Rural Education Major or Secondary Minor or Teacher Alternative Post-Bac and Departmental Consent
Course Typically Offered: Fall & Spring
Credits: 12
Education Human Development",Rural Education Major or Secondary Minor or Teacher Alternative Post-Bac and Departmental Consent,Fall & Spring,12
EHD 101,**The Art and Science of Teaching**,"Aligned to the revised Conceptual Framework and the InTASC and ISTE Standards for Teachers, the Art and Science of
Teaching integrates content knowledge and pedagogical knowledge. Weekly meetings highlight topics and issues central
to 21st century education while overarching themes weave throughout the course: reflective practice, diversity and
inclusion, technology integration, differentiated instruction and evidence-based practice. In this writing intensive
course, students reflect on the issues discussed in class and advocate for professional goals through written, oral, and
technology-based composition.
Core Curriculum/Core Requirements: Writing Intensive
Prerequisites: ENG 101 or equivalent. Restricted to Elementary, Secondary, Kinesiology and Physical Education
Teaching/Coaching, Child Development and Family Relations for Early Childhood Education majors only or Education
minors only or Department consent
Course Typically Offered: Fall and Spring
Credits: 3","ENG 101 or equivalent. Restricted to Elementary, Secondary, Kinesiology and Physical Education",Fall and Spring,3
EHD 198,**Field Experience I: Developing Professional Identity**,"A one credit field experience course within a p-K-12 educational context (e.g. school, daycare, community center) that
includes a bi-weekly educator led seminar. Students will observe various educators in multiple roles and develop their
own emerging professional identities.
Prerequisites: EDE or EDS Major, and CHRC or permission
Course Typically Offered: Fall
Credits: 1","EDE or EDS Major, and CHRC or permission",Fall,1
EHD 203,**Educational Psychology**,"A scientific study of human development, learning, cognition and teaching. Emphasis on theory and research and their
application to educational problems.
Core Curriculum/Core Requirements:
Course Typically Offered: Fall, Spring, Summer
Credits: 3",None,"Fall, Spring, Summer",3
EHD 204,**Teaching and Assessing for Student Learning**,"Examines instructional planning, grouping of students, classroom space, appropriate teaching materials, the theory and
ethical practice of educational assessment includes descriptive statistics, design, administration, scoring, and evaluation
of assessments. Emphasis will be given to teacher-made formative and summative assessments including standardized
assessments and how to incorporate data into backwards planning for unit and lesson design.
Core Curriculum/Core Requirements:
Prerequisites: Teacher Candidacy status or Child Development and Family Relations (ECE) or acceptance into
Education minor.
Course Typically Offered: Fall and Spring
Credits: 3",Teacher Candidacy status or Child Development and Family Relations (ECE) or acceptance into,Fall and Spring,3
EHD 298,**Teacher Candidacy Field Experience**,"Students will observe in educational settings social agencies or working with K-12 schools, complete field experience
guidelines report and assist teachers and professionals. May be repeated for a total of three credits.
Core Curriculum/Core Requirements:
Prerequisites: EHD 297 or permission.
Course Typically Offered: Fall & Spring
Credits: 1-3",EHD 297 or permission.,Fall & Spring,1-3
EHD 301,**Classroom-based Prevention and Intervention: Supporting Positive**,"Behavior and Academic Achievement
This course examines the application of prevention and intervention theory and practice within classroom settings.
Theoretical perspectives on risk and resilience as they pertain to the development of competent social behaviors,
including those found to facilitate social relationships, serve as academic enablers, and promote self-determination will
be addressed. Applied behavioral analysis, social learning theory, and the eco-behavioral framework will serve as the
primary intellectual roots for this course. Particular emphasis will be given to creating a comprehensive classroom plan
based on evidence-based practices and implemented within a cohesive system of behavioral and academic support and
intervention. Contextual factors such as home, community, race, culture and SES, within the broader domain of social
justice will provide the ecological backdrop of our study. EHD 301 and EHD 511 cannot both be taken for credit.
Core Curriculum/Core Requirements:
Prerequisites: Teacher Candidacy status or Child Development and Family Relations (ECE) or acceptance into
Education minor.
Course Typically Offered: Fall and Spring
Credits: 3",Teacher Candidacy status or Child Development and Family Relations (ECE) or acceptance into,Fall and Spring,3
EHD 397,**Field Experience IV: Focus on Special Education**,"A one-credit field experience course within a p-K-12 school that includes a bi-weekly educator-led seminar. Students will
spend time with special education teachers and ed techs to develop their knowledge and skills for supporting all learners
in multiple contexts.
Prerequisites: EHD 298 or Permission
Corequisites: EHD 302
Course Typically Offered: Fall and Spring
Credits: 1",EHD 298 or Permission,Fall and Spring,1
EHD 398,**Field Experience V: Focus on Literacy Education**,"Students will observe a classroom within their grade level program and will use this experience to support and enhance
their work in ERL 319 or EHD 421. Students will complete a check in log and complete 30 hours of field experience
observing literacy practices, that include assessment, word study, guided reading groups, spelling assessments, and read
alouds. Additionally, students will focus on the design, use, and evaluation of different instructional designs, strategies,
and literacy programs.
Prerequisites: EHD 397 or permission
Course Typically Offered: Fall and Spring
Credits: 1",EHD 397 or permission,Fall and Spring,1
EHD 421,**Literacy Across the Curriculum**,"Students examine methods for reading and writing instruction in content area classrooms. Hybrid format: conducted
online with 8 on-campus meetings.
Core Curriculum/Core Requirements:
Course Typically Offered: Spring
Credits: 3",None,Spring,3
EHD 462,**Workshop in Elementary Education (Activity)**,"Designed to increase the competence of the elementary school teacher, supervisor, curriculum director, administrator,
and other school personnel. Considers literature, research and materials concerned with a special aspect of elementary
education.
Course may be repeated for a total of 9 Completions and 54 total credits.
Core Curriculum/Core Requirements:
Course Typically Offered: Variable
Credits: 1-6",None,Variable,1-6
EHD 490,**Full-Day Student Teaching (Elementary)**,"A full-day, off-campus internship program in a selected school. (Pass/Fail Grade Only.)
Core Curriculum/Core Requirements: Capstone
Prerequisites: Teacher Candidacy status for Elementary Education majors and senior standing.
Course Typically Offered: Fall & Spring
Credits: 1 - 12",Teacher Candidacy status for Elementary Education majors and senior standing.,Fall & Spring,1
EHD 491,**Full-Day Student Teaching (Secondary)**,"A full-day, off-campus internship program in a selected school. (Pass/Fail Grade Only.)
Core Curriculum/Core Requirements: Capstone
Prerequisites: Teacher Candidacy status for Secondary Education majors and senior standing.
Course Typically Offered: Fall & Spring
Credits: 1 - 12",Teacher Candidacy status for Secondary Education majors and senior standing.,Fall & Spring,1
EHD 494,**Student Teaching K-12 (Art or Music)**,"Observation and student teaching in selected elementary and/or secondary schools. (Pass/Fail Grade Only.)
Core Curriculum/Core Requirements: Capstone
Prerequisites: Senior standing; EHD 202 and EHD 202 or equivalents and a methods course.
Course Typically Offered: Fall & Spring
Credits: 1 - 12",Senior standing; EHD 202 and EHD 202 or equivalents and a methods course.,Fall & Spring,1
EHD 496,**Advanced Internship (Elementary)**,"A full-day, off-campus advanced internship, teaching in a selected school. Seminars and conferences. (Pass/Fail Grade
Only.)
Course may be repeated for credit for a total of 54 credits.
Core Curriculum/Core Requirements: Capstone
Prerequisites: EHD 490.
Course Typically Offered: Variable
Credits: 2-6",EHD 490.,Variable,2-6
EHD 498,**Seminar for Interns**,"Students examine and reflect on their understanding about teaching and learning, apply integrated educational skills
and knowledge and synthesize academic and professional experiences from their courses, field experiences and
internships to develop and finalize their Teacher Candidacy portfolio.
Core Curriculum/Core Requirements:
Prerequisites: Senior standing; completion of all other program requirements or permission.
Corequisites: EHD 490 or EHD 491 or EHD 496 or EHD 497 or EHD 499.
Course Typically Offered: Fall & Spring
Credits: 1-3",Senior standing; completion of all other program requirements or permission.,Fall & Spring,1-3
EHD 499,**Student Teaching K-12 (Kinesiology and Physical Education)**,"Observation and student teaching in selected elementary and/or secondary schools.
Core Curriculum/Core Requirements: Capstone
Prerequisites: Teacher Candidacy status for Kinesiology & Physical Education majors and senior standing&nbsp;
Course Typically Offered: Fall & Spring
Credits: 1 - 12
Education Language Learning",Teacher Candidacy status for Kinesiology & Physical Education majors and senior standing&nbsp;,Fall & Spring,1
ELL 477,**Curriculum and Assessment in ESL/EFL Contexts**,"This course develops an understanding of the purposes of assessments that inform curriculum development and increase
ELL academic language acquisition while also developing high-level, content-specific knowledge and skills. Designed for
practicing teachers with ELL student in their classes, those seeking Maine’s ESL endorsement or individuals planning to
teach EFL overseas. Also suitable for those preparing to teach a second language other than English.
Core Curriculum/Core Requirements:
Prerequisites: INT 410
Credits: 3",INT 410,Unknown,3
ELL 491,**Multiculturalism and Diversity for ESL/EFL Contexts**,"Diversity training and personal reflection to raise awareness of and to challenge biases about difference. Focus on
attitudes toward language, dialect, or accent difference. Issues related to cultural diversity in communication styles,
values systems, instructional role expectations, and paths to identity formation. For practicing teachers seeking Maine’s
ESL endorsement or individuals planning to teach EFL overseas.
Core Curriculum/Core Requirements:
Prerequisites: Junior standing.
Course Typically Offered: Variable
Credits: 3
Education Literacy",Junior standing.,Variable,3
ERL 317,**Children’s Literature**,"An overview of literature written for children between the ages of four and twelve. Emphasis on developing criteria for
evaluating various types of books and selecting for individual children.
Core Curriculum/Core Requirements:
Prerequisites: Teacher candidacy required and English Literature Course or by permission.
Corequisites: ERL 319
Course Typically Offered: Fall & Spring
Credits: 3",Teacher candidacy required and English Literature Course or by permission.,Fall & Spring,3
ERL 320,**Teaching Reading and Language Arts in Grades 4-8**,"Current methods, materials, strategies, and assessment tools to teach and assess reading and writing in grades 4-8,
including the foundation for teaching using vocabulary, content area reading, the reading/writing connection, narrative
and informational text, and print skills with intermediate/middle grades students.
Core Curriculum/Core Requirements:
Prerequisites: Teacher Candidacy status for Elementary Education majors; EHD 204 and SED 302 or by permission
Corequisites: EHD 400
Course Typically Offered: Fall & Spring
Credits: 3",Teacher Candidacy status for Elementary Education majors; EHD 204 and SED 302 or by permission,Fall & Spring,3
ERL 440,**Teaching Reading in the Secondary School**,"An exploratory course for high school teachers who wish to develop competence in teaching reading. Includes the nature
of the reading process, rationales for continuing reading instruction in junior and senior high schools, reading and study
strategies, improving rates of reading, organization, evaluation.
Core Curriculum/Core Requirements:
Prerequisites: Teacher Candidacy status for Secondary Education majors; EHD 204 and SED 302 or by permission.
Corequisites: EHD 400
Course Typically Offered: Fall
Credits: 3",Teacher Candidacy status for Secondary Education majors; EHD 204 and SED 302 or by permission.,Fall,3
ERL 472,**Language and Linguistics**,"Provides future English and world language teachers with a knowledge of linguistics as it impacts the classroom. Covers
the nature and characteristics of human language, the components of language, language change and language variation,
the history of the English language, and linguicism. If this course was taken under as a topics course in EHD 472, it
cannot be repeated for credit.
Core Curriculum/Core Requirements:
Course Typically Offered: Spring
Credits: 3
Education Mathematics",None,Spring,3
EMA 314,**Teaching Mathematics in Elementary School**,"An instruction to methods and techniques in teaching mathematics, arithmetic readiness program, instructional and
evaluation material.
Core Curriculum/Core Requirements:
Prerequisites: Teacher Candidacy status for Elementary Education majors; EHD 204 and SED 302 or permission.
Corequisites: EHD 400
Course Typically Offered: Fall & Spring
Credits: 3",Teacher Candidacy status for Elementary Education majors; EHD 204 and SED 302 or permission.,Fall & Spring,3
ESC 316,**Teaching Science in the Elementary School (K-8)**,"Presents information and activities designed to encourage students to learn and develop goals and objectives,
instructional strategies, selection of curriculum materials K-8, effective management and evaluation techniques.
Core Curriculum/Core Requirements: Writing Intensive
Prerequisites: Teacher Candidacy status for Elementary Education majors; EHD 204 and SED 302 or by permission.
Corequisites: EHD 400
Course Typically Offered: Fall & Spring
Credits: 3",Teacher Candidacy status for Elementary Education majors; EHD 204 and SED 302 or by permission.,Fall & Spring,3
ESC 452,**Teaching Science in the Secondary School**,"Instructional strategies and general approaches to teaching science in grades 7-12. Emphasis on professional literature,
curriculum development, teaching and learning styles and reflective teaching. ESC 452 and ESC 552 cannot both be
taken for credit.
Core Curriculum/Core Requirements: Writing Intensive
Prerequisites: Teacher Candidacy status for Secondary Education majors; EHD 204 and SED 302 or by permission.
Corequisites: EHD 400
Course Typically Offered: Fall
Credits: 3
Education Social Studies",Teacher Candidacy status for Secondary Education majors; EHD 204 and SED 302 or by permission.,Fall,3
ESS 441,**Teaching Social Studies in the Secondary School**,"Covers current practices in teaching social studies, selection and use of instructional materials, modern trends in
curriculum construction for social studies in the secondary school.
Core Curriculum/Core Requirements:
Prerequisites: Teacher Candidacy status for Secondary Education majors; EHD 204 and SED 302 or permission.
Corequisites: EHD 400
Course Typically Offered: Fall
Credits: 3
Education Special Education",Teacher Candidacy status for Secondary Education majors; EHD 204 and SED 302 or permission.,Fall,3
SED 302,**Adapting Instruction for Students with Disabilities**,"Develops knowledge and understanding of students with disabilities. Topics include: adaptation of instruction, legal and
ethical issues, family and social relationships and collaboration between school and community agencies.
Core Curriculum/Core Requirements:
Prerequisites: Art Education, Music Education, Teacher Candidacy, or EDU Minor or permission.
Course Typically Offered: Fall & Spring
Credits: 3","Art Education, Music Education, Teacher Candidacy, or EDU Minor or permission.",Fall & Spring,3
SED 329,**Internship in Special Education**,"Students enrolled in this course will attend and engage at a field placement setting. The number of hours required in the
field will be determined by the number of credits for which the student enrolls. During the field placement, the student
will engage in classroom instruction and management. Students will develop a unit plan, teach lessons and engage in
formative and summative assessment. Students will explore evidence-based practices in order to develop lesson plans
that are directly aligned with IEP goals and district/state curriculum/standards, and to identify/design individualized
accommodations, modifications or strategies that are essential for the student with special needs to benefit from their
educational program. The student will develop mock written communications with professionals and parents/caregivers.
Core Curriculum/Core Requirements: Capstone and Service Learning in Major
Prerequisites: SED 330 and SED 370, or permission of instructor.
Course Typically Offered: Fall and Spring
Credits: 1 - 9","SED 330 and SED 370, or permission of instructor.",Fall and Spring,1
SED 362,**Typical & Atypical Expressive & Receptive Language**,"The purpose of this course is to inform students about the stages of expressive and receptive language. It will explore
syntax, morphology, semantics, phonology, and pragmatics, as well as atypical development, individual differences, and
how and why they occur. Studies will apply theories of child development, speech and hearing science and language
development and disorders in order to devise language interventions for students with communication disorders.
Prerequisites: SED 302 or permission of instructor
Course Typically Offered: Fall
Credits: 3",SED 302 or permission of instructor,Fall,3
SED 365,**Differentiated Instructional Strategies**,"A course designed to provide K-12 pre-service teachers with the knowledge and skills to create and teach lessons that are
varied to meet the individual learning needs of all students. Students will engage in various activities through which they
will learn to implement teaching strategies designed to create multiple paths so that students with varying abilities,
interests or learning needs experience appropriate ways to use, develop and apply concepts as part of the learning
process. Students will learn how to differentiate instruction by varying the content, process and/or product in their units
and lessons to meet the needs of all learners. A 10 hour practicum is required.
Prerequisites: SED 302 or permission of instructor
Course Typically Offered: Variable
Credits: 3",SED 302 or permission of instructor,Variable,3
SED 370,**Teaching Reading/Writing to Children with Special Needs**,"This course will facilitate the development of competencies related to the identification of diverse reading and writing
skills and the development of appropriate individualized instructional goals and methods for individuals with
exceptionalities in reading and writing.
Prerequisites: SED 302 or permission of instructor
Course Typically Offered: Spring
Credits: 3",SED 302 or permission of instructor,Spring,3
SED 420,**Special Education Law**,"Students will study the American legal system and procedural due process in order to develop a framework for
addressing legal issues relating to students with disabilities. The six principles of the Individuals with Disabilities
Education Act will be covered, as well as providing for a free appropriate public education; identifying and assessing
students; educating in the least restrictive environment; providing related services; addressing discipline issues; and
finding solutions to challenging situations facing students with disabilities. The role of the federal, state and local
government in special education issues will also be covered, with special emphasis on case and regulatory law, including
Maine regulations.
Prerequisites: SED 302 or permission of instructor
Course Typically Offered: Fall
Credits: 3",SED 302 or permission of instructor,Fall,3
SED 425,**Assessment in Special Education**,"Students in this course will examine the principles and procedures of non-discriminatory evaluation under IDEA as it
relates to K-12 students with mild to moderate disabilities. Emphasis will be placed on basic terminology; legal and
ethical principles related to the assessment of students with special needs; technical adequacy of assessment
instruments; identification of assessment instruments; administration of individualized norm-referenced assessments;
and effective communication of evaluation results.
Prerequisites: SED 302 or permission of instructor
Course Typically Offered: Fall
Credits: 3",SED 302 or permission of instructor,Fall,3
SED 445,**Behavioral Support Systems and Strategies**,"Systems of positive behavioral support and intervention are explored in the context of targeting chronic maladaptive
behaviors. Methods of data collection and analysis are also examined and applied. A 20 hour practicum is required.
Prerequisites: SED 302 or permission of instructor
Course Typically Offered: Spring
Credits: 3",SED 302 or permission of instructor,Spring,3
SED 455,**Transitional Issues for Students with Disabilities**,"This course provides instruction in techniques and resources used to assist individuals with special needs experience
success in school settings and transition into a wide range of environments. Emphasis is placed on transition into
academic, independent living and vocational settings through the design of instructional programs that address
individual needs and maximize quality of life. Accessibility, life skills, community-based instruction, and assistive
technology are explored at length.
Prerequisites: SED 302 or permission of instructor
Course Typically Offered: Variable
Credits: 3",SED 302 or permission of instructor,Variable,3
EDT 400,**Integrating Technology for Teaching and Learning**,"Pre-service teachers learn technology tools to support teaching and learning in classrooms. Content includes application
of technology (ISTE) standards required for teacher certification to instruction and assessment. Required for
Elementary Education, Child Development and Family Relations Early Childhood Education option majors, and
Secondary English majors.
Core Curriculum/Core Requirements:
Prerequisites: Elementary, Secondary, KPE Teaching/Coaching Concentration, Child Development and Family
Relations for Early Childhood Education majors only or Education minors
Course Typically Offered: Fall & Spring
Credits: 3
Electrical and Computer Engineering","Elementary, Secondary, KPE Teaching/Coaching Concentration, Child Development and Family",Fall & Spring,3
ECE 100,**Electrical and Computer Engineering Seminar**,"Introduces first year and transfer students to different aspects of Electrical Engineering and Computer Engineering
programs and exploration of career paths and professional responsibilities. Presentations will be made by the instructor,
faculty, and industry speakers.
Core Curriculum/Core Requirements:
Course Typically Offered: Fall
Credits: 1",None,Fall,1
ECE 177,**Introduction to Programming for Engineers**,"Introduction to computer programming with emphasis on algorithms and an understanding of underlying hardware.
Topics include syntax, variables, control structures, pointers, operators, functions, and input and output.
Core Curriculum/Core Requirements:
Prerequisites: Engineering or Pre-Engineering Majors or permission
Course Typically Offered: Spring
Credits: 4",Engineering or Pre-Engineering Majors or permission,Spring,4
ECE 198,**Selected Topics in Electrical and Computer Engineering**,"Topics in electrical engineering not regularly covered in other courses. May include ECE topics suitable for advanced
first-year students. Content can be varied to suit current needs. May be repeated for credit for a total of 9 completions
and 27 total credits as long as topics differ.
Core Curriculum/Core Requirements:
Prerequisites: Permission.
Course Typically Offered: Spring
Credits: 1-3",Permission.,Spring,1-3
ECE 210,**Electric Circuits I**,"Topics include: Basic circuit laws and theorems, nodal analysis, op-amps, natural and forced responses of first and
second order systems, phasor concepts, solution of steady-state AC circuits, AC power calculations.
Corequisites: MAT 127 and PHY 122
Course Typically Offered: Fall & Spring
Credits: 3",None,Fall & Spring,3
ECE 214,**Electric Circuits II**,"Extension of ECE 210 introducing frequency response, basic filters, Bode plots, and Fourier Series, with lab exercise and
circuit simulations to demonstrate concepts. Participants become familiar with circuit simulation, safety and grounding
considerations, instrumentation, e.g., oscilloscopes, signal sources, multimeters, and signal analyzers. Also of particular
significance will be the development of technical writing skills.
Core Curriculum/Core Requirements: Writing Intensive
Prerequisites: ECE 210, MAT 127
Course Typically Offered: Spring
Credits: 4","ECE 210, MAT 127",Spring,4
ECE 271,**Microcomputer Architecture and Applications**,"The microcomputer and its component parts including microprocessors, registers, memory and I/O. Programming in C
and Assembly and applying the microcomputer in engineering systems.
Core Curriculum/Core Requirements:
Prerequisites: ECE 177
Course Typically Offered: Spring
Credits: 4",ECE 177,Spring,4
ECE 314,**Signals and Systems**,"Analysis of continuous linear time-invariant systems including Fourier series, Fourier transforms, Laplace transform
techniques and their applications; transformation and properties of continuous signals and systems, convolution,
transfer functions and state variable system representations.
Core Curriculum/Core Requirements:
Prerequisites: MAT 258 or MAT 259 and a grade of C- or better in ECE 210.
Course Typically Offered: Fall
Credits: 3",MAT 258 or MAT 259 and a grade of C- or better in ECE 210.,Fall,3
ECE 316,**Random Signal Analysis**,"This course introduces the fundamental concepts of random signal analysis based on probability theory and random
processes. It presents the mathematical and engineering tools to analyze and interpret random events occurring in
natural phenomena, games, sciences, and engineering.
Core Curriculum/Core Requirements:
Prerequisites: MAT 127
Course Typically Offered: Fall
Credits: 3",MAT 127,Fall,3
ECE 342,**Electronics I**,"Investigates semiconductor fundamentals of the p-n junction, BJT and MOSFET. Static and low frequency dynamic
models are developed and utilized in design and analysis. Explores basic electronic circuit building blocks based on
diodes, BJT’s MOSFET’s and fully-compensated op-amps. Digital efforts are concentrated in the CMOS and pseudo-
NMOS areas.
Core Curriculum/Core Requirements: Writing Intensive
Prerequisites: ECE 214 and at least a C- in ECE 210
Course Typically Offered: Fall
Credits: 4",ECE 214 and at least a C- in ECE 210,Fall,4
ECE 343,**Electronics II**,"Introduces design and analysis of semiconductor circuits. Analog networks include amplifiers, power supplies and
oscillators. Digital efforts are concentrated in the CMOS and pseudo-NMOS areas with a brief look at the BJT logic.
Explores basic concepts of frequency response, feedback and data conversion. Lec 3, Lab 3. (Spring.)
Core Curriculum/Core Requirements:
Prerequisites: ECE 342.
Course Typically Offered: Spring
Credits: 4",ECE 342.,Spring,4
ECE 394,**Electrical and Computer Engineering Practice**,"Work experience in electrical engineering and/or computer engineering. May be repeated for credit for a total of 9
completions and 27 total credits.
(Pass/Fail Grade Only.)
Core Curriculum/Core Requirements:
Prerequisites: Sophomore standing and permission.
Course Typically Offered: Fall, Spring, Summer
Credits: 1-3",Sophomore standing and permission.,"Fall, Spring, Summer",1-3
ECE 401,**Electrical Engineering Design Project**,"First of a three semester sequence of courses involving the design, implementation and reporting of an engineering
device, system or software package by an individual student or small group. Part one: project selection, feasibility studies
and proposal writing.
Core Curriculum/Core Requirements:
Prerequisites: ECE 342 and either ECE 314 or ECE 351; Electrical Engineering Majors
Course Typically Offered: Fall, Spring, Summer
Credits: 2",ECE 342 and either ECE 314 or ECE 351; Electrical Engineering Majors,"Fall, Spring, Summer",2
ECE 403,**Electrical and Computer Engineering Design Project**,"Third of a three semester sequence of courses involving the design, implementation and reporting of an engineering
device, system or software package by an individual student or small group. Part three: written and oral presentation of
the completed project.
Core Curriculum/Core Requirements: Writing Intensive and Capstone
Prerequisites: ECE 402 or ECE 406
Course Typically Offered: Fall & Spring
Credits: 2",ECE 402 or ECE 406,Fall & Spring,2
ECE 405,**Computer Engineering Design Project**,"First of a three semester sequence of courses involving the design, implementation and reporting of an engineering
device, system or software package by an individual student or small group. Part one: project selection, feasibility
studies and proposal writing.
Core Curriculum/Core Requirements:
Prerequisites: Computer Engineering Majors, ECE 271 and any two of the following courses - ECE, 331, ECE 342, ECE
471, or ECE 473.
Course Typically Offered: Fall, Spring, Summer
Credits: 2","Computer Engineering Majors, ECE 271 and any two of the following courses - ECE, 331, ECE 342, ECE","Fall, Spring, Summer",2
ECE 414,**Feedback Control Systems**,"Analysis and design of continuous control systems using transfer function and state variable system representations.
Covers signal flow graphs and Mason’s gain formula, decomposition of transfer functions, controllability and
observability, root locus techniques, Routh-Hurwitz criterion, Nyquist criterion, controller design in time and frequency
domains, State feedback, phase lead and lag controllers, PID type controllers.
Core Curriculum/Core Requirements:
Prerequisites: ECE 314
Course Typically Offered: Spring
Credits: 3",ECE 314,Spring,3
ECE 417,**Mobile Robotics**,"This course focuses on Mobile Robots: the robots like a self-driving car that move around. This is in contrast to Robotic
arms installed in factories for automatic production. In this course, the students will focus on getting a taste of and
understanding the basics of a wide range of robotics technology, including mathematical fundamentals, algorithms and
programming. The students will learn the basic algorithms for robotic perception (understanding the world around the
robot), mapping (creating a model of the environment around the robot), localization (tracking the position of the robot
in the environment), planning and control (robotic decision-making to achieve a desired outcome).
Core Curriculum/Core Requirements:
Prerequisites: MAT 258 or MAT 262 and COS 125 or COS 135 or COS 220 or ECE 177 or MEE 125 or Instructor
Permission
Corequisites: ECE 316 or STS 332 or CHE 350
Course Typically Offered: Spring
Credits: 3",MAT 258 or MAT 262 and COS 125 or COS 135 or COS 220 or ECE 177 or MEE 125 or Instructor,Spring,3
ECE 435,**Network Engineering**,"Focuses on the engineering aspects of data networks including physical media and interconnections, signals and noise,
modulation, multiplexing, frame and packet transmission, routing, network design and network management. Problem
solving and diagnostic methods, legal and professional issues, ethics and policies, and security aspects of interconnected
networks are discussed. Students gain hands-on experience and complete networking projects.
Core Curriculum/Core Requirements:
Prerequisites: COS 331 or ECE 331 or ECE 471
Course Typically Offered: Spring
Credits: 3",COS 331 or ECE 331 or ECE 471,Spring,3
ECE 444,**Analog Integrated Circuits**,"Considers topics in the internal circuit design and system applications of analog integrated circuits. Concerns addressed
include temperature and power supply sensitivity, gain, bandwidth, stability and I/O characteristics. Specific topics
include current sources, differential amplifiers, level shifters, op-amps, regulators and phase-locked loops. Lec 3.
Core Curriculum/Core Requirements:
Prerequisites: ECE 314 and ECE 342
Course Typically Offered: Spring
Credits: 3",ECE 314 and ECE 342,Spring,3
ECE 450,**Power Electronics**,"This course is an introduction to switch-mode power conversion. This course covers analysis and control of dc-dc
converters, buck converters, boost converters, buck-boost converters, forward converters, flyback converters, dc-ac
inverters for motor drives, interfacing renewable energy sources with utility, ac-dc rectifiers, and introduction to power
semiconductor devises and magnetic components.
Core Curriculum/Core Requirements:
Prerequisites: ECE 314
Course Typically Offered: Fall
Credits: 3",ECE 314,Fall,3
ECE 453,**Microwave Engineering**,"Topics include: rectangular and cylindrical waveguides, transmission line models, impedance matching, Smith chart
methods, microwave circuits and components, s-parameter measurement techniques and antennas. (Spring.)
Core Curriculum/Core Requirements:
Prerequisites: ECE 351.
Course Typically Offered: Fall
Credits: 4",ECE 351.,Fall,4
ECE 456,**Electric Drives Lab**,"This lab is an introduction to electronic drives and their control. The lab course will introduce characterization of DC
motors, and current, torque, and speed control of DC motors. The lab will also introduce characterization of induction
motors and V/f speed control. Lastly the lab will introduce control of permanent magnet AC motors.
Core Curriculum/Core Requirements:
Prerequisites: ECE 314
Corequisites: ECE 455
Course Typically Offered: Fall
Credits: 1",ECE 314,Fall,1
ECE 457,**Nanoscience**,"An introduction to nanoscience that details the basic principles and recent developments of nanoscale science and
technology. Students will learn both the fundamental concepts of nanoscale science and its application to the
development of new materials, processes technology and devices. Scientific explanations for the basis of nanoscale
derived properties will be illustrated by specific research examples. Topics will include: nanoscale materials, micro/nano
fabrication, nano instrumentation, atomic manipulations and nanorobotics. CHY 477 and ECE 457 are identical courses.
Core Curriculum/Core Requirements:
Prerequisites: CHY 122 or CHY 131 and PHY 122 and MAT 258
Course Typically Offered: Fall
Credits: 3",CHY 122 or CHY 131 and PHY 122 and MAT 258,Fall,3
ECE 464,**Microelectronics Science and Engineering**,"The science and engineering of CMOS and deep sub-micron semiconductor device fabrication. Semiconductor process
steps including: diffusion, oxidation, reactive ion etching, chemical etching, surface cleaning, lithography, ion
implantation, thin film deposition and chemical-mechanical polishing. A CMOS process flow is outlined. Computer
simulation is utilized to provide insight into ion implantation, diffusion and lithography. Lec 3
Core Curriculum/Core Requirements:
Prerequisites: PHY 122 and CHY 121 or 131;
Corequisites: MAT 258
Course Typically Offered: Spring
Credits: 3",PHY 122 and CHY 121 or 131;,Spring,3
ENG 429,**Topics in Literature and Language**,"Studies in the various topics concerning literature connected to faculty research interests (for example, utopian
literature, the graphic novel, revenge in literature) or in issues pertaining to questions of language and literature, such as
modern grammar, history of the English language, Old and Middle English, or theories of semiotics and linguistics
brought to literary analysis. Specific topic varies from year to year. May be repeated for credit as long as the topic is
different.
Core Curriculum/Core Requirements:
Prerequisites: ENG 271 plus 6 hours of 300-level literature courses or instructor permission
Course Typically Offered: Fall, Spring, Summer
Credits: 3",ENG 271 plus 6 hours of 300-level literature courses or instructor permission,"Fall, Spring, Summer",3
ENG 440,**American Seminar**,"A seminar on an American writer or writers or a focused epoch or movement in American literature. Topics vary,
depending on the professor. Student research and writing will be emphasized.
Core Curriculum/Core Requirements: Writing Intensive
Prerequisites: ENG 271 plus 6 hours of 300-level literature courses or instructor permission
Course Typically Offered: Fall, Even Years
Credits: 3",ENG 271 plus 6 hours of 300-level literature courses or instructor permission,"Fall, Even Years",3
ENG 459,**British Seminar**,"A seminar on a British writer or writers or a focused epoch or movement in British literature. Topics vary, depending on
the professor. Student research and writing will be emphasized.
Core Curriculum/Core Requirements: Writing Intensive
Prerequisites: ENG 271 plus 6 hours of 300-level literature courses or instructor permission
Course Typically Offered: Alternate Years
Credits: 3",ENG 271 plus 6 hours of 300-level literature courses or instructor permission,Alternate Years,3
ENG 460,**Major Authors**,"An in-depth seminar of from one to three major writers. Topics vary, depending on the professor. Student research and
writing will be emphasized. May be repeated for credit.
Core Curriculum/Core Requirements: Writing Intensive
Prerequisites: ENG 271 plus 6 hours of 300-level literature courses or instructor permission
Course Typically Offered: Spring, Even Years
Credits: 3",ENG 271 plus 6 hours of 300-level literature courses or instructor permission,"Spring, Even Years",3
ENG 471,"**Literature, Gender, and Gender Theory**","Introduction to gender theory and issues of gender as reflected in the reception, interpretations, and transmission of
literary texts. Emphasis on cultural assumptions surrounding gender, which involve both women and men.
Core Curriculum/Core Requirements: Writing Intensive
Prerequisites: ENG 271 plus 6 hours of 300-level literature courses or instructor permission
Course Typically Offered: Fall, Odd Years
Credits: 3",ENG 271 plus 6 hours of 300-level literature courses or instructor permission,"Fall, Odd Years",3
ENG 472,**Advanced Creative Writing Workshop**,"A workshop at the advanced level, bringing together writers working in various creative genres. Each writer chooses one
genre to focus on for an intensive semester-long project. The workshop will provide the space to explore current
techniques and the artistic effects they have on audience. Students will give and receive feedback, revise work, and
achieve command of craft, critique, and the transformative power of the written word.
Prerequisites: 300-level writing course or permission of instructor.
Course Typically Offered: Fall and Spring
Credits: 3",300-level writing course or permission of instructor.,Fall and Spring,3
ENG 496,**English Career Internship**,"Students pursue internships in workplaces such as businesses, non-profits, and other organizations. Course meetings
provide students with faculty mentorship, opportunities to troubleshoot their internship work with peers, and related
course content. Topics covered may include diversity/equity/justice in the workplace, social justice in the community,
correlation between academic courses and the workplace, and career exploration/preparation. For each topic, strategies
for improving workplace communication are also covered. Each student will design their internship in consultation with
their host organization and the course instructor such that it meets their specific goals. Internship work will vary, but
typically includes activities such as research, ideation, communication, writing, public relations, editing, content
development, community organizing, and other related activities.
Core Curriculum/Core Requirements: Capstone
Prerequisites: Department Consent
Course Typically Offered: Fall, Spring, Summer
Credits: 3",Department Consent,"Fall, Spring, Summer",3
ENG 497,**Independent Study in English**,"Advanced study and research in literature and/or theory not covered by other courses.
Core Curriculum/Core Requirements:
Prerequisites: Senior Standing and permission of the instructor. May not be repeated.
Course Typically Offered: Variable
Credits: 1-3",Senior Standing and permission of the instructor. May not be repeated.,Variable,1-3
ENV 102,**Atlantic Salmon Conservation Projects**,"Students in this course work with local watershed councils, state and federal agencies in the recovery of the endangered
Atlantic salmon. As part of these projects, students will learn about the life history of the Atlantic salmon, its freshwater
environment, the threats to its survival, and the processes underway to facilitate its recovery. Students learn how to
measure water quality parameters, assess salmonid habitat, and the use of macroinvertebrates as biological indicators of
water and habitat quality. Students may take the course more than once for additional credit with permission of the
instructor.
Credits: 2",None,Unknown,2
ENV 105,**Intro to Trees and Wildflowers of Maine**,"A non-technical approach to the identification of commonly encountered trees and wildflowers of Maine. Students are
introduced to basic plant structures and the techniques used for plant identification. Upon completion of this course a
student should have an appreciation of the diversity of plant life in Maine, a knowledge of the local flora and the various
habitats in which different species occur, and the ability to identify additional plants that he or she may encounter in the
future. May not be taken by students who have previously received credit for BIO 229.
Course Typically Offered: Summer
Credits: 2",None,Summer,2
ENV 244,**Scientific Writing & Presentation**,"This course will help you to further develop your communication skills primarily by focusing on biological and
environmental topics. You will strive to be both a skillful consumer and provider of scientific and technical information
related to issues, problems, and solutions in those disciplines. You will compare how information is presented to a lay
audience versus the scientific community and practice those written, verbal, and visual skills. This course will help you
to develop your communication skills through practice and revision. However, you need to realize that clear, effective
communication requires continuous practice, well beyond a one-semester course.
Core Curriculum/Core Requirements: Writing Competency
Prerequisites: ENG 101 and ENG 111 or CMJ 103 or permission of instructor
Course Typically Offered: Fall
Credits: 3
Finance",ENG 101 and ENG 111 or CMJ 103 or permission of instructor,Fall,3
FIN 106,**Introduction to Personal Finance**,"The Intro to Personal Finance course is designed to provide students with a comprehensive understanding of personal
financial management. The course will cover financial planning techniques and the life cycle of financial goals, including
the impact of age, education, and geographic location on personal income. Students will also learn how to prepare a
basic tax return, develop personal financial statements, and construct a cash budget. The course will cover a range of
topics including automobile and housing decisions, consumer loans and credit, life and health insurance, investment
planning, and retirement and estate planning. By the end of the course, students will have a strong foundation in
personal financial management and be well-equipped to make informed decisions about their finances.
Course Typically Offered: Spring
Credits: 3",None,Spring,3
FIN 325,**Small Business Finance**,"This course explores the financial operations, management, and investment planning of small businesses and startups.
Students will gain an understanding of the principles of entrepreneurial finance, the role of the financial manager, and
the stages of a successful venture’s life cycle. They will learn how to develop a business idea, organize and finance a new
venture, and prepare and use financial statements, including balance sheets, income statements, and cash flow
statements. In addition, students will evaluate operating and financial performance using financial performance
measures, financial ratios, and cash burn rate measures and manage cash flow at various stages in a venture’s life cycle.
They will also learn about the types and costs of financial capital, securities law considerations when obtaining venture
financing, and how to project financial statements and value early-stage ventures using various methods. By the end of
this course, students will have the skills and knowledge needed to make qualitative and quantitative decisions when
managing a small business or startup.
Prerequisites: ACC 314 or permission
Course Typically Offered: Spring
Credits: 3",ACC 314 or permission,Spring,3
FIN 350,**Business Finance**,"Introduces the principles of finance including time value of money, security valuation, capital budgeting and
measurement of risk. Emphasis is on financial decision-making in the corporate environment.
Core Curriculum/Core Requirements:
Prerequisites: A grade of C- or better in ACC 201, ECO 120, ECO 121, and in one of the following: MAT 115, MAT 116,
or MAT 126; junior standing.
Course Typically Offered: Fall & Spring
Credits: 3","A grade of C- or better in ACC 201, ECO 120, ECO 121, and in one of the following: MAT 115, MAT 116,",Fall & Spring,3
FIN 352,**Financial Institutions**,"Analyzes the operations and economic roles of financial institutions, including commercial, savings and investment
banks. Particular attention is paid to the changing nature of this industry, regulation and deregulation and management
of risk.
Core Curriculum/Core Requirements:
Prerequisites: A grade of C- or better in FIN 350; junior standing.
Course Typically Offered: Fall & Spring
Credits: 3",A grade of C- or better in FIN 350; junior standing.,Fall & Spring,3
FIN 353,**Investment Strategy**,"Examines the construction and management of investment portfolios.
Core Curriculum/Core Requirements:
Prerequisites: A grade of C- or better in FIN 350 and STS 215 or STS 232.
Course Typically Offered: Fall & Spring
Credits: 3",A grade of C- or better in FIN 350 and STS 215 or STS 232.,Fall & Spring,3
FIN 455,**International Corporate Finance**,"Applies the concepts and principles of corporate finance to the multinational corporation. Focuses on gaining an
understanding of the international financial environment, the measurement and management of foreign exchange risk,
global financing activities and foreign direct investment.
Core Curriculum/Core Requirements:
Prerequisites: A grade of C- or better in MGT 343, FIN 350.
Course Typically Offered: Fall
Credits: 3","A grade of C- or better in MGT 343, FIN 350.",Fall,3
FIN 490,**Special Topics in Finance**,"Study of various aspects of functional areas of finance. Topics vary depending on faculty and student interests. May be
repeated for credit if the topics differ.
Core Curriculum/Core Requirements:
Prerequisites: FIN 350 and Junior Standing
Course Typically Offered: Variable
Credits: 1-3
First-Year Experience",FIN 350 and Junior Standing,Variable,1-3
FYS 101,**Coastal Campus First Year Seminar**,"This course is intended to be an orientation to the academic community at UMM. The course will introduce students to
the mission of UMM and our vision of the campus’s role in Downeast Maine and beyond, will help them integrate into
the UMM community as they build relationships with peers and with faculty/staff and will provide knowledge and skills
useful in making a successful transition to college life in Machias.
Course Typically Offered: Fall
Credits: 1-3
Food Science and Nutrition",None,Fall,1-3
FSN 101,**Introduction to Food and Nutrition**,"A survey of food and nutrition principles, including the influence of food patterns on health and physical performance;
description of a balanced diet; study of the nutrients, interrelationships, sources, effects of processing and storage, food
safety, fads, controversies.
Core Curriculum/Core Requirements: Applications of Scientific Knowledge
Course Typically Offered: Fall, Spring, Summer
Credits: 3",None,"Fall, Spring, Summer",3
FSN 103,**Science of Food Preparation**,"An exploration of food and food preparation through the study of the relationship between food structure, composition
and nutritive value, and the preparation of food and food products.
Core Curriculum/Core Requirements:
Prerequisites: FSN 101
Course Typically Offered: Spring
Credits: 3",FSN 101,Spring,3
FSN 121,**Brewing with Food Science**,"This course is designed to utilize the process of making beer as a model to engage students in thinking about the biology,
chemistry and processing aspects of the foods they consume. The course will focus on the process of beer making as well
as the ingredients that go into beer and their functions. Other topics will include the history of beer (from world and
U.S. perspectives), styles of beer and a beer judge’s perspective of beer.
Core Curriculum/Core Requirements: Application of Scientific Knowledge
Course Typically Offered: Fall
Credits: 3",None,Fall,3
FSN 150,**Play with your food**,"Explore the world of food from the mindset of a food enthusiast and a scientist. Students will be able to get a taste of
diverse topics around food and food science by investigating a different theme each week. Each class, students will
anticipate outcomes of the lab activity and conclude with the observations of their results.
Course Note: This course is designed for first year students and returning sophomores. All students participate in seven
two-hour academic lab classes during the first half of the fall semester. First year students are required to participate in
the RLE bridge week before the start of the semester. This is optional for sophomores.
Prerequisites: First-year or sophomore standing.
Course Typically Offered: Fall
Credits: 1",First-year or sophomore standing.,Fall,1
FSN 230,**Nutritional and Medical Terminology**,"Fundamentals of vocabulary for nutritionists and other health professionals. Web-based.
Core Curriculum/Core Requirements:
Prerequisites: Sophomore Standing
Course Typically Offered: Fall
Credits: 1",Sophomore Standing,Fall,1
FSN 235,**Introduction to Sports Nutrition**,"This class covers nutritional needs, nutritional assessment, and items of interest through the stages of development from
the child to the elite athlete. The student will learn about the micronutrient and macronutrient needs and how they affect
performance along with learning about disordered eating, vegetarian diets and more. Students will develop an
understanding of healthy food choices and nutrition principles across a broad range of athletic abilities and ages.
Although the focus of this class is on sports nutrition, the skills learned are transferable to other disciplines.
Prerequisites: FSN 101
Course Typically Offered: Fall
Credits: 3",FSN 101,Fall,3
FSN 265,**Application of Nutrition Principles**,"The course will apply basic nutrition knowledge to food consumption for individuals. The scientific evidence base for
dietary guidance from the United States government will be discussed. Students will use dietary guidance to create
eating plans to improve human health and prevent disease.
Core Curriculum/Core Requirements:
Prerequisites: FSN 101 and BIO 100
Course Typically Offered: Spring
Credits: 3",FSN 101 and BIO 100,Spring,3
FSN 290,**Career Pathways in Human Nutrition and Dietetics**,"This course will focus on exposing students to career options with their degree in Food Science and Human Nutrition
and concentration in Human Nutrition and Dietetics. Students will develop knowledge and skills to succeed in pursuing
their career choices.
Core Curriculum/Core Requirements:
Prerequisites: FSN 101, Human Nutrition and Dietetics concentration or permission, Sophomore standing;
Course Typically Offered: Spring
Credits: 1","FSN 101, Human Nutrition and Dietetics concentration or permission, Sophomore standing;",Spring,1
FSN 301,**Life Cycle Nutrition**,"Principles of nutrition applied to needs of individuals throughout life. Study of relationship among nutrition, growth,
development, and aging with emphasis on physical and psychosocial influences on nutritional status. Lec 3.
Core Curriculum/Core Requirements: Writing Intensive Requirement.
Prerequisites: Junior Standing and a grade of C- or better in BMB207 or CHY 121; BIO 208 or BIO 200, and FSN 265.
Course Typically Offered: Fall
Credits: 3","Junior Standing and a grade of C- or better in BMB207 or CHY 121; BIO 208 or BIO 200, and FSN 265.",Fall,3
FSN 305,**Foods Laboratory**,"The Foods Laboratory will focus on principles of quantity cooking, recipe modification and standardization, food
preservation, and food processing. Course will include field trips during class hours.
Core Curriculum/Core Requirements:
Prerequisites: FSN 103
Corequisites: FSN 202
Course Typically Offered: Fall
Credits: 1",FSN 103,Fall,1
FSN 340,**Food Processing Laboratory**,"An introduction to thermal processing, freezing, dehydration, extrusion and curing as applied to food products in the
laboratory. Lab 3
Core Curriculum/Core Requirements:
Corequisites: FSN 330.
Course Typically Offered: Fall
Credits: 1",None,Fall,1
FSN 396,**Field Experience in Food Science and Human Nutrition**,"An approved program of work experience which contributes to the academic major and for which academic credit is
given. Students may work part time or full time for a semester in a job related to their professional career goals. May be
taken more than once with departmental approval.
(Pass/Fail Grade Only.)
Core Curriculum/Core Requirements:
Prerequisites: Junior standing and permission.
Course Typically Offered: Fall, Spring, Summer
Credits: 1 - 16",Junior standing and permission.,"Fall, Spring, Summer",1
FSN 401,**Community Nutrition**,"Examines human needs and delivery systems within community setting. Focus on designing, implementing, and
evaluating nutrition education programs or intervention projects. Field experience. Course will include field trips during
class hours.
Core Curriculum/Core Requirements: Capstone
Prerequisites: FSN 410 and a grade of C or better in FSN 301
Course Typically Offered: Spring
Credits: 4",FSN 410 and a grade of C or better in FSN 301,Spring,4
FSN 406,**Nutritional Care of Older Adults**,"Overview of older adults’ nutritional challenges and common food-drug interactions. Students will conduct an
environmental scan of a community for nutrition services available to older adults and barriers to obtaining healthful
food. Students gain hands-on experience with the Nutrition-Focused Physical Exam, Mini-Mental State Examination,
the International Dysphasia Diet Standardization Initiative.
Core Curriculum/Core Requirements:
Prerequisites: FSN 301 or permission
Course Typically Offered: Fall and Spring
Credits: 1",FSN 301 or permission,Fall and Spring,1
FSN 412,**Medical Nutrition Therapy I**,"Develops skills in clinical nutrition assessment, therapeutic diet calculations, and nutrition support. Emerging areas of
nutrition in relation to disease prevention and treatment will be discussed.
Core Curriculum/Core Requirements:
Corequisites: FSN 410
Course Typically Offered: Fall
Credits: 3",None,Fall,3
FSN 415,**Food Safety Systems-Preventive Controls for Human Food**,"This class provides students with the knowledge and skills necessary to conduct a hazard analysis and create a food
safety plan for a food processing facility operating under the Current Good Manufacturing Practice, Hazard Analysis,
and Risk-based Preventive Controls for Human Food regulation (referred to as the Preventive Controls for Human Food
regulation or PC for short).
Course Note: Students will complete an online module (Part 1) as a prerequisite before classes start and then complete
Part 2 in person during the semester. After completing this class, students have the option to be awarded a certificate
from the Food Safety Preventive Controls Alliance (FSPCA) and will be a Preventive Controls Qualified Individual
(PCQI).
Prerequisites: FSN 236 and Food Safety Preventive Controls Alliance (FSPCA) Preventive Controls for Human Food
Blended Online Course.
Course Typically Offered: Spring
Credits: 1",FSN 236 and Food Safety Preventive Controls Alliance (FSPCA) Preventive Controls for Human Food,Spring,1
FSN 425,**Contemporary Issues in the Food Industry**,"A writing intensive and discussion based course on current topics and recent developments affecting the food industry.
Includes readings, research, and discussion. Students prepare position papers, a non-technical paper for a lay audience,
and a major research paper over the course of the semester.
Core Curriculum/Core Requirements: Writing Intensive
Prerequisites: FSN 330.
Course Typically Offered: Fall
Credits: 1",FSN 330.,Fall,1
FSN 430,**Counseling and Diet Therapy**,"This course covers counseling theory, techniques, and application of the nutrition care process to facilitate behavior
change for improved nutrition and health. Students will learn the counseling process, from interviewing and assessment,
to nutrition education. Topics also include nutrition counseling for wellness, disease prevention, and medical nutrition
therapy.
Core Curriculum/Core Requirements:
Prerequisites: FSN 301
Course Typically Offered: Spring
Credits: 3",FSN 301,Spring,3
FSN 438,**Food Microbiology**,"Examines the importance of microorganisms in food processing, spoilage, and preservation; the role of microorganisms
in fermentation and production of protein, enzymes, and other products; food as a vehicle of infection and intoxication.",None,Unknown,N/A
FSN 439,**Food Microbiology Laboratory**,"This course contains a series of experiments to allow students to perform and observe fundamental principles and
practices of food microbiology. Students will work in the lab to execute the exact procedure utilized by the USDA/FDA
for the detection and enumeration of microorganisms in food. FSN 439 and FSN 529 cannot both be taken for credit.
Core Curriculum/Core Requirements:
Prerequisites: BMB 305 and Food Science Concentration
Corequisites: FSN 438
Course Typically Offered: Spring, Odd Years.
Credits: 2",BMB 305 and Food Science Concentration,"Spring, Odd Years.",2
FSN 440,**Utilization of Aquatic Food Resources**,"Utilization and food quality of wild and farmed aquatic animals including production, chemical/physical properties,
nutritional value, post-harvest changes, processing systems, regulatory issues, by-product utilization and food safety.",None,Unknown,N/A
FSN 450,**Food Biotechnology**,"Introduction to methods and tools applied to the production of biotechnology-derived foods and food ingredients.
Discussion of food safety, product quality, consumer acceptance, regulatory oversight and ethical issues regarding the
use of biotechnology to enhance the food supply. Lec 3.
Core Curriculum/Core Requirements:
Prerequisites: BIO 100 or permission.
Course Typically Offered: Spring, Even Years
Credits: 3",BIO 100 or permission.,"Spring, Even Years",3
FSN 475,**Sensory Evaluation Laboratory**,"A laboratory that provides training in the selection, design, execution, and analysis of sensory and consumer science
experiments. Training in sensory science-specific software and execution of web-based surveys and focus groups. FSN
475 and FSN 575 may not both be taken for credit.
Core Curriculum/Core Requirements:
Corequisites: FSN 585
Course Typically Offered: Spring Alternating Years
Credits: 1",None,Spring Alternating Years,1
FSN 482,**Food Chemistry**,"Study of the composition, structure, and properties of foods and chemical changes occurring during processing and
utilization. Lec 3. FSN 482 and FSN 580 cannot both be taken for credit.
Core Curriculum/Core Requirements:
Prerequisites: BMB 322 or BMB 360 or CHY 252
Course Typically Offered: Fall, Odd Years
Credits: 3",BMB 322 or BMB 360 or CHY 252,"Fall, Odd Years",3
FSN 485,**Introduction to Food Engineering Principles**,"Principles of biological and physical sciences related to food processing systems. General concepts of fluid flow, mass
and energy balances, heat transfer, refrigeration, freezing, and psychrometrics. Overview of current practices in food
engineering, with specific food industry examples. Course will include field trips during class hours.
Core Curriculum/Core Requirements:
Prerequisites: FSN 330 and junior standing within the FSN major, or permission.
Course Typically Offered: Spring, Even Years
Credits: 3","FSN 330 and junior standing within the FSN major, or permission.","Spring, Even Years",3
FSN 486,**Food Engineering Laboratory**,"Principles of biological and physical sciences related to food processing systems, concepts of materials and energy
balances, thermodynamics, fluid mechanics, and heat transfer, use of engineering principles in design of the processes
and equipment for processing and preservation of food products.
Core Curriculum/Core Requirements:
Corequisites: FSN 485.
Course Typically Offered: Spring, Even Years
Credits: 1",None,"Spring, Even Years",1
FAS 101,**Introduction to the French cultures of North America**,"Introduces students to the French cultures of the United States, emphasizing the peoples of Maine and the Northeast
region. Examines the French cultures of Canada, the French heritage cultures of the Northeast and the new French
speaking migrants to Maine. Taught in English; no knowledge of the French language is presumed.
Core Curriculum/Core Requirements: Social Context and Institutions and Cultural Diversity and International
Perspectives
Course Typically Offered: Fall
Credits: 3",None,Fall,3
FAS 120,"**People, Places and Pasts**","Introduces the cultural geography of Franco America. Investigates how heritage links to place with particular emphasis
on gender, class, and ethnicity. Includes a field trip to a Franco American community. Run as a seminar, with no
prerequisites or knowledge of French or the Franco American community required.
Core Curriculum/Core Requirements: Population and the Environment
Course Typically Offered: Spring
Credits: 3",None,Spring,3
FAS 170,"**Transnational Beat, Jack Kerouac**","Jack Kerouac has often been studied as the quintessential American writer. Yet Jack Kerouac was the son of French
Canadian immigrants, spoke only French until he was six, wrote an early draft of his famous On the Road in French,
sprinkled passages in French throughout all his writing and cited French writers as important inspirations. This course
will explore the ways in which Kerouac straddle cultures and how this transnationalism infects, determines and
interrupts both the content and the style of his writings. We will read excerpts of Kerouac’s lesser-known writings, some
of his writings in French (in translation) and of course parts of On the Road. This class will run as a seminar; no prior
knowledge of French is required.
Core Curriculum/Core Requirements: Western Cultural Tradition and Cultural Diversity and International
Perspectives
Course Typically Offered: Spring
Credits: 3",None,Spring,3
FAS 200,**SL: Primary Sources in Franco American Studies**,"This service-learning course prepares students to build print or digital information resources using primary source
materials in Franco American Studies. Course readings introduce students to theories and methods of archival practice,
and to ethical issues surrounding the creation and use of human records. Students engage these issues in the context of
Franco American writing and scholarship, and consider the ways archives and archival materials impact an exploration
of Franco American cultural identity. FAS 101 is recommended but not required.
Core Curriculum/Core Requirements: Cultural Diversity and International Perspectives and Social Context and
Institutions
Course Typically Offered: Fall and Summer
Credits: 3",None,Fall and Summer,3
FAS 329,**Topics in Franco American Studies**,"Focuses on themes and issues drawn from, or related to, the history, traditions, and contemporary experience of the
Franco American community of Maine and the northeast region.
Core Curriculum/Core Requirements:
Prerequisites: FAS 101 or permission.
Course Typically Offered: Variable
Credits: 3",FAS 101 or permission.,Variable,3
FAS 400,**Internship in Franco American Studies**,"This Franco American Studies course provides opportunities for students to complete and reflect upon an internship
with archives and archival materials. Students with an interest in cultural heritage preservation, library and information
studies, archival science, public history, or Franco American Studies will undertake various duties in the discovery,
organization, cataloging, and overall stewardship of Franco American cultural materials for the completion of an
internship. In partnership with their internship cohort and instructor, they will use this course to evaluate and reflect
upon these duties, the materials they encounter, and the learned skills they can deploy in their professional lives.
Specific internship duties will change from semester to semester; the course’s structure of evaluation and reflection will
not. This internship course is open to all students and requires the completion of tasks in person at one or another UMS
campus, at a separate agreed upon location, at a distance, or any combination of these in close consultation with the
instructor.
Core Curriculum/Core Requirements:
Prerequisites: Any FAS course or permission of the instructor
Course Typically Offered: Spring and Summer
Credits: 1-2
French",Any FAS course or permission of the instructor,Spring and Summer,1-2
FRE 102,**Elementary French II**,"Continued study of the basics of the French language with equal emphasis on developing reading, comprehension,
speaking and writing skills. For students with no previous study of French or fewer than two years in high school.
Core Curriculum/Core Requirements: Cultural Diversity and International Perspectives
Prerequisites: FRE 101 or equivalent.
Course Typically Offered: Spring
Credits: 3 - 4",FRE 101 or equivalent.,Spring,3
FRE 201,**Intermediate French I**,"An integrated approach. Audio-visual materials and reading texts of a literary and/or cultural nature will be employed to
strengthen comprehension, reading, writing, and speaking. Includes a systematic but gradual review of the essentials of
French grammar.
Core Curriculum/Core Requirements: Cultural Diversity and International Perspectives
Prerequisites: FRE 102 or equivalent.
Course Typically Offered: Fall
Credits: 3 - 4",FRE 102 or equivalent.,Fall,3
FRE 305,**French Conversation and Composition: Social Issues**,"Systematic training in the correct usage of spoken and written French through a broad range of conversational situations
and writing topics focusing on social issues.
Core Curriculum/Core Requirements: Writing Intensive
Prerequisites: FRE 202 or any FRE 300 level course or higher or permission
Course Typically Offered: Fall
Credits: 3",FRE 202 or any FRE 300 level course or higher or permission,Fall,3
FRE 306,**French Conversation and Composition: Global Issues**,"Systematic training in the correct usage of spoken and written French through a broad range of conversational situations
and writing topics focusing on global issues. Continued training in the correct usage of spoken and written French.
Core Curriculum/Core Requirements: Writing Intensive
Prerequisites: FRE 202 or any FRE 300 level course or higher or permission
Course Typically Offered: Spring
Credits: 3",FRE 202 or any FRE 300 level course or higher or permission,Spring,3
FRE 309,**Readings in French Literature**,"Practice in reading French. Also prepares students for literature and civilization courses at the 400 level. Discussion in
French.
Prerequisites: FRE 202 or any FRE 300 level course or higher or permission
Course Typically Offered: Fall, Odd Years
Credits: 3",FRE 202 or any FRE 300 level course or higher or permission,"Fall, Odd Years",3
FRE 310,**Readings in Francophone Literature**,"Practice in reading and discussion in French with an emphasis on the French-speaking world beyond France.
Prerequisites: FRE 202 or any FRE 300 level course or higher or permission
Course Typically Offered: Fall, Even Years
Credits: 3",FRE 202 or any FRE 300 level course or higher or permission,"Fall, Even Years",3
FRE 320,**French Pronunciation**,"A formal study of the French sound system with considerable practice in phonetic transcription. Practical and remedial
work in pronunciation.
Core Curriculum/Core Requirements:
Prerequisites: FRE 202 or any FRE 300 level course or higher or permission
Course Typically Offered: Variable
Credits: 3",FRE 202 or any FRE 300 level course or higher or permission,Variable,3
FRE 350,**Multidisciplinary Readings in French**,"Intended to be taken in conjunction with a course from another department, this course supplements the content areas
of the course to which it is attached and promotes increased proficiency in French through reading and discussion in
French. May be repeated for credit.
Prerequisites: Permission.
Course Typically Offered: Variable
Credits: 1",Permission.,Variable,1
FRE 390,**Topics in French**,"May include the study of literature, culture, cinema, the arts and media as expressed in Francophone countries. Topics
vary. May be repeated for credit.
Core Curriculum/Core Requirements:
Prerequisites: FRE 202 or equivalent.
Course Typically Offered: Variable
Credits: 1-3",FRE 202 or equivalent.,Variable,1-3
FRE 400,**Advanced French Grammar**,"An exposition of grammatical and syntactical principles through conceptual presentations along with demonstrations
and practice through exercises. Designed to enhance French language competency. This course may be offered online.
Prerequisites: FRE 305 or FRE 306 or permission.
Course Typically Offered: Fall
Credits: 3",FRE 305 or FRE 306 or permission.,Fall,3
FRE 401,**Translation and Comparative Stylistics**,"An exposition of the principles of translation and comparative stylistics with practice via exercises and the translation of
texts in both English and French.
Core Curriculum/Core Requirements: Writing Intensive
Prerequisites: FRE 400 or permission.
Course Typically Offered: Spring, Even Years
Credits: 3",FRE 400 or permission.,"Spring, Even Years",3
FRE 407,**19th Century French Literature**,"Readings of major 19th century figures, including Balzac, Sand, Hugo, Flaubert, Zola, and Baudelaire, with particular
attention to social and philosophical themes as well as concepts of language and genre.
May be repeated for credit, the course content may vary.
Prerequisites: FRE 309 or FRE 310 or any FRE 400 level or higher course or permission
Course Typically Offered: Variable
Credits: 3",FRE 309 or FRE 310 or any FRE 400 level or higher course or permission,Variable,3
FRE 413,**Advanced Composition and Stylistics**,"An exposition of the fundamentals of French stylistics with practice of these principles via compositions and exercises.
Designed to enhance competence in written idiomatic French.
Core Curriculum/Core Requirements: Writing Intensive
Prerequisites: FRE 400 or permission.
Course Typically Offered: Spring, Odd Years
Credits: 3",FRE 400 or permission.,"Spring, Odd Years",3
FRE 430,**French Film Survey**,"A survey of French cinema from its origins to the present, with an emphasis on understanding film as a narrative form.
Prerequisites: FRE 309 or FRE 310 or any FRE 400 level or higher course or permission
Course Typically Offered: Variable
Credits: 3",FRE 309 or FRE 310 or any FRE 400 level or higher course or permission,Variable,3
FRE 463,**Quebec Poetry**,"A survey of Quebec poetry from the 19th century to the present, focusing on language, theme, socio-historical and
political context, ideology and Quebec identity.
Prerequisites: FRE 309 or FRE 310 or any FRE 400 level or higher course or permission
Course Typically Offered: Variable
Credits: 3",FRE 309 or FRE 310 or any FRE 400 level or higher course or permission,Variable,3
FRE 465,**North American French Novel**,"A survey of francophone novels written in North America in the 19th and 20th centuries, focusing on the history and
cultural identity of Acadia, Quebec, and New England’s Franco Americans.
Prerequisites: FRE 309 or FRE 310 or any FRE 400 level or higher course or permission
Course Typically Offered: Variable
Credits: 3",FRE 309 or FRE 310 or any FRE 400 level or higher course or permission,Variable,3
FRE 490,**Advanced Topics in French**,"Advanced Topics in French and French-Canadian literature or linguistics may include: contemporary cinema,
surrealism, contemporary French thought, modern French critical theory, linguistics, sociolinguistics, semiotics,
symbolism, literature of commitment, images of women, and women writers. Topics vary. May be repeated for credit.
Prerequisites: FRE 309 or FRE 310 or any FRE 400 level or higher course or permission
Course Typically Offered: Variable
Credits: 1-3",FRE 309 or FRE 310 or any FRE 400 level or higher course or permission,Variable,1-3
FRE 498,**Independent Projects II**,"No description available.
Course Typically Offered: Spring
Credits: 1-3
General Engineering",None,Spring,1-3
GEE 105,**Introduction to Engineering**,"An introduction to University life, and the different programs available in the Maine College of Engineering and
Computing. Emphasis on building skills in the use of information and University resources. (Pass/Fail Grade Only.)
Core Curriculum/Core Requirements:
Prerequisites: Engineering Undecided and General Engineering Undecided first semester, first-year student.
Course Typically Offered: Fall
Credits: 1","Engineering Undecided and General Engineering Undecided first semester, first-year student.",Fall,1
GEE 230,**Introduction to Engineering Leadership and Management**,"Introduction to principles of leadership and management with applications to the engineering work environment.
Topics include: definition of leadership and management, motivation, importance of communication, decision making,
team building, self-assessment, professional responsibility and ethics. Guest speakers will emphasize the importance of
leadership and management skills to career advancement and the competitiveness of the U.S. economy.
Core Curriculum/Core Requirements:
Course Typically Offered: Spring
Credits: 1",None,Spring,1
GIS 101,**Geospatial Careers**,"Students will develop important career skills and meet and interact with professionals in a variety of geospatial fields.
Geospatial professionals will visit class each week to share their education and work experiences, offer advice for
aspiring professionals, and discuss strategies for gaining experience in the field. Assignments will help students reflect
on their career aspirations, make connections with working GIS professionals, and prepare for an exciting and rewarding
career.
Course Typically Offered: Fall
Credits: 1",None,Fall,1
GIS 102,**Our Digital Earth**,"Students will use cutting-edge online mapping technology, as well as field experiments, to learn about earth systems
(hydrosphere, atmosphere, biosphere and geosphere), their dynamic interactions, and their role in environmental
issues. We will explore important earth processes such as weather and climate, ocean currents, volcanoes and plate
tectonics, applying scientific and geospatial inquiry methods to collect data, create maps and graphs, and conduct
experiments.
Core Curriculum/Core Requirements: Scientific Inquiry
Credits: 4",None,Unknown,4
GIS 300,**Geographic Information Systems (GIS) I**,"Understanding the fundamentals of a GIS through lecture, readings and computer activities. Students will learn to use a
specific GIS software system and to define and complete a simple GIS project using existing data. This computer-
intensive course includes a detailed discussion of what a GIS is, why GIS is being increasingly used today, sample
applications, basic map concepts, how geographic and descriptive data are stored in the computer, and the steps in a
typical GIS project. Project discussions will focus on defining project objectives, building and managing the digital
database, identifying the needed data, locating and acquiring the data in digital form, performing the analysis, and
presenting results.
Course Typically Offered: Fall
Credits: 4",None,Fall,4
GIS 312,**Municipal Applications of Geographic Information Systems**,"This hands-on course provides the basic skills needed to use geographic information systems software, data and analysis
to manage municipal land records, support decision-making in local government and create zoning maps. Students will
primarily use ArcGIS software, the industry standard; the class will also explore low- and no-cost GIS software
appropriate for municipal applications. Students complete a service project for a real-world client, applying course skills
and content. The class will include streaming lectures, hands-on lab exercises and real-world assignments and projects.
Students must have a computer that meets or exceeds the system requirements for ArcGIS software and has a broadband
internet connection, or they must do required exercises and assignments in the laboratory. A one-year student software
license is provided.
Prerequisites: GIS 300, or permission of instructor.
Credits: 3","GIS 300, or permission of instructor.",Unknown,3
GIS 400,**Geographic Information Systems II**,"This is an intermediate course for students who have had some introduction to GIS. The course focuses on grid-based
data models for visualization, modeling and analysis. Assessment will be based on problem sets, lab work and a final
project. Readings, assignments, activities and discussions will cover: the raster data model, generating and working with
grid data, georeferencing images and grids, basic remote sensing technologies, visualizing raster data sets, interpolation
methods for generating continuous surface data, mathematical operations with grid data for spatial analysis, map
algebra and grid-based modeling, basic modeling, evaluating and documenting error and uncertainty, ethics and
accountability in spatial analysis, modeling and visualization.
Prerequisites: GIS 300 or permission of instructor.
Course Typically Offered: Spring
Credits: 4",GIS 300 or permission of instructor.,Spring,4
GIS 401,**Special Topics in Geographic Information Systems (GIS)**,"This special topics course gives students hands-on experience using the procedures, hardware, and software of GIS
including the following: designing a field study; gathering and storing various forms of GIS data; data management,
manipulation, summarization and analysis; presentation of results. Specific offerings will permit the students to
participate in studies of a variety of regional sites or areas of interest, such as the Roosevelt International Park on
Campobello Island, coastal trail systems of Downeast Maine, etc. Whenever possible the specific topic will be designed
and coordinated with local regional agencies.
Prerequisites: Permission of instructor.
Course Typically Offered: Variable
Credits: 2-4",Permission of instructor.,Variable,2-4
GIS 424,**Advanced Projects in Geographic Information Systems**,"Students pursue individual, advanced service-learning or advanced academic projects in GIS, meeting in class for
critiques, trouble-shooting labs and seminars relevant to project topics or methods. Project topics may vary widely.
Students will be expected to work closely with a community or faculty client to assess and respond to their needs, answer
questions and provide them with maps, data and documentation. Through this work, students learn to plan, manage,
execute and document a multi-faceted GIS project, and acquire skills with direct applications to their future careers.
Core Curriculum/Core Requirements: Capstone and Service Learning and Writing Intensive in major
Prerequisites: GIS 300 and GIS 400, or permission of instructor.
Course Typically Offered: Variable
Credits: 4","GIS 300 and GIS 400, or permission of instructor.",Variable,4
GIS 426,**Community Applications in Geographic Information Systems**,"Students work together under the instructor’s guidance for a single community client to perform a professional-quality
service project using geographic information systems (GIS) as a decision-support and planning tool. Projects might
include a town’s comprehensive plan, environmental conservation planning, economic development, recreation
planning, emergency response management or similar applications where GIS can assist communities in setting
priorities, making choices or planning for the future. Students will be expected to work closely with clients and/or
community residents to assess and respond to their needs, answer questions and provide them with maps, data and
documentation. In most cases, students will present their findings to the clients or their constituents. Through this work,
students learn to plan, manage, execute and document a multi-faceted GIS project, skills with direct applications to the
workforce.
Core Curriculum/Core Requirements: Capstone and Service Learning and Writing Intenstive in Major
Prerequisites: GIS 300 and GIS 440, or permission of instructor.
Course Typically Offered: Fall - Alternate Years
Credits: 4","GIS 300 and GIS 440, or permission of instructor.",Fall - Alternate Years,4
GIS 429,**Geographic Information Systems Internship**,"Geospatial technology is now embedded in nearly every field and discipline using a wide array of applications.
Increasingly, employers expect practial skills in applying geospatial tools to solve real-world problems. This course
provides students with experience working with geospatial data, software, hardware and techniques in the workplace.
Interns apply for positions (paid or unpaid) in a work site outside the traditional classroom environment to conduct
projects using geospatial technology required for the internship. Academic credit for an approved work experience is
determined by the student’s faculty sponsor and the university coordinator after an examination of the following criteria:
nature of the work to be performed, the proposed learning objectives, the number of weeks involved and the anticipated
hours per week. Studetns must apply to the coordinator for cooperative education/internship before registering for the
class. Students must log 120 hours to earn the required three credits and must demonstrate satisfactory performance
and application of geospatial technology via a student report on the internship experience and supervisor evaluation and
documentation.
Prerequisites: GIS 300, acceptance by internship supervisor and approval by GIS director and director of cooperative
education/internships. GIS 312 or GIS 400 is recommended.
Course Typically Offered: By Arrangement
Credits: 3","GIS 300, acceptance by internship supervisor and approval by GIS director and director of cooperative",By Arrangement,3
GEO 100,**World Geography**,"Introduces students to the major world cultural regions and their characteristics, development and interaction. It
focuses particularly on the relationship between cultural groups and the environment within and between each region.
Students will be challenged to acquire factual knowledge of cultural regions necessary for geographic literacy and to
critically evaluate explanations of these patterns.
Core Curriculum/Core Requirements: Cultural Diversity and International Perspectives and Population and the
Environment Requirements.
Course Typically Offered: Fall
Credits: 3",None,Fall,3
GEO 212,**Geography of Maine**,"This course provides a geographical perspective on the historical development of Maine over the last 500 years. The
course begins with European contact in the early 1500s, and then examines the evolution of Maine as a borderland
during the colonial period, the American settlement of Maine in the late eighteenth and early nineteenth centuries, the
growth of industrial manufacturing and tourism in the late nineteenth and early twentieth centuries, and the de-
industrialization and development of a service economy in Maine today. The course pays particular attention to
environmental, cultural, and cross-border issues. (GEO 212 and HTY 212 are identical courses.)
Core Curriculum/Core Requirements: Population and the Environment
Course Typically Offered: Fall
Credits: 3",None,Fall,3
GEO 275,**Geography of Globalization**,"Examines changing demographic, economic, political, and cultural connections across the globe over the past 500 years;
their representation through maps; and our current awareness of the globe and the Earth’s environment. (GEO 275 and",None,Unknown,N/A
GEO 311,**Geography of Climate Change**,"Introduces students to theories of environmental sustainability transitions and resource use in the context of climate
change.
Core Curriculum/Core Requirements:
Prerequisites: Any ANT or GEO course or permission
Course Typically Offered: Variable
Credits: 3",Any ANT or GEO course or permission,Variable,3
GEO 349,**Early Modern North America in Atlantic Perspective**,"Reflecting the increasing globalization of modern society, this course employs an Atlantic perspective to understand the
international history of early modern North America. Focuses on the geography of the European empires that shaped
North America, beginning with the Spanish and the French, and then focusing on the British and the revolt of the
American colonies. (GEO 349 and HTY 349 are identical courses.)
Course Typically Offered: Variable
Credits: 3",None,Variable,3
GER 101,**Elementary German I**,"The basics of the German language. Emphasis on developing reading, comprehension, speaking and writing skills. For
students with no previous study of German or fewer than two years in high school.
Core Curriculum/Core Requirements: Cultural Diversity and International Perspectives
Course Typically Offered: Fall
Credits: 3",None,Fall,3
GER 102,**Elementary German II**,"Continued study of the basics of the German Language. Emphasis on developing reading, comprehension, speaking and
writing skills. For students with no previous study of German or fewer than two years in high school.
Core Curriculum/Core Requirements: Cultural Diversity and International Perspectives
Prerequisites: GER 101 or equivalent.
Course Typically Offered: Spring
Credits: 3",GER 101 or equivalent.,Spring,3
GER 204,**Intermediate German II**,"A continuation of GER 203. Designed to strengthen reading, writing, speaking and comprehension skills.
Core Curriculum/Core Requirements: Cultural Diversity and International Perspectives
Prerequisites: GER 203 or equivalent.
Course Typically Offered: Spring
Credits: 3
Hebrew",GER 203 or equivalent.,Spring,3
HBR 101,**Beginning Modern Hebrew**,"A systematic study of the basics of the Hebrew language. Equal emphasis is placed on developing reading, listening
comprehension, speaking and writing skills. For students with minimal or no previous knowledge of Modern Hebrew.
Core Curriculum/Core Requirements: Cultural Diversity and International Perspectives
Course Typically Offered: Fall
Credits: 3",None,Fall,3
HTY 103,**Creating America to 1877**,"Examines interactions of the many peoples who created the United States. Topics include Native Americans, the
American Revolution, and Civil War, and how colonization, immigration, gender, race, politics, class, and geography
shaped the nation.
Core Curriculum/Core Requirements: Western Cultural Tradition and Social Contexts and Institutions
Course Typically Offered: Fall, Spring, Summer
Credits: 3",None,"Fall, Spring, Summer",3
HTY 104,**United States History Since 1877**,"A survey of main themes of U.S history from 1877 to the present. The course may include an emphasis on political,
social, economic, intellectual, and technological aspects of the Gilded Age, the Progressive Era, WWI, the interwar era,
WWII, the Cold War, and post-Cold War era.
Core Curriculum/Core Requirements: Western Cultural Tradition and Social Contexts and Institutions
Course Typically Offered: Fall, Spring, Summer
Credits: 3",None,"Fall, Spring, Summer",3
HTY 105,**History of Ancient and Medieval Europe**,"This survey explores the political, economic, social and intellectual developments in Europe from antiquity to 1715,
emphasizing those features which help to explain our present-day civilization.
Core Curriculum/Core Requirements: Western Cultural Tradition and Social Contexts and Institutions
Course Typically Offered: Variable
Credits: 3",None,Variable,3
HTY 107,**East Asian Civilization**,"A survey of China’s and Japan’s social, economic, cultural and political life from prehistoric times to the present.
Whenever applicable, Korea and Vietnam will be discussed. Emphasis on key periods in each country, especially changes
in the 19th and 20th centuries.
Core Curriculum/Core Requirements: Social Contexts and Institutions and Cultural Diversity and International
Perspectives
Course Typically Offered: Fall
Credits: 3",None,Fall,3
HTY 108,**India: Identities and Changes**,"A survey of the social, economic, cultural and political life of India from prehistoric times to the present. Key periods,
especially since the later half of the 19th century, and main themes will be emphasized.
Core Curriculum/Core Requirements: Cultural Diversity and International Perspectives and Social Contexts and
Institutions
Course Typically Offered: Spring
Credits: 3",None,Spring,3
HTY 110,**Introduction to Modern Latin America**,"Second of a two-part survey that introduces students to the major developments in Latin American history. Begins with
the struggle for independence in the early nineteenth century and ends with the shift to neoliberalism that occurred in
the late twentieth century. Thematically, the course will pay particular attention to the issues liberalism and
modernization, and how these ideological currents shaped race, class, and gender relations in Latin America.
Core Curriculum/Core Requirements: Western Cultural Tradition and Cultural Diversity and International
Perspectives
Course Typically Offered: Variable
Credits: 3",None,Variable,3
HTY 112,**Introduction to Africa**,"A survey of Africa’s social, economic and political history from 1800 to the present. Emphasis on African and European
interaction, pan-Africanist currents, and the national histories of Nigeria, South Africa, Congo and Ghana.
Core Curriculum/Core Requirements: Social Contexts and Institutions and Cultural Diversity and International
Perspectives
Credits: 3",None,Unknown,3
HTY 115,**World History to 1500**,"The first half of the world history sequence covers the time from the first emergence of Homo Sapiens to the
establishment of regular, ongoing, contact between the Americas, Europe, Africa, and Asia. This lengthy period saw the
biological development and worldwide dispersal of human beings, the emergence of agriculture, cities, writing,
organized religions, complex social organization and political institutions, and the creation of distinct cultural traditions.
The course features cultural interactions and comparisons. This course takes a western perspective to look at global
historic events.
Core Curriculum/Core Requirements: Western Cultural Tradition
Prerequisites: ENG 101
Course Typically Offered: Every Fall and Spring
Credits: 3",ENG 101,Every Fall and Spring,3
HTY 116,**World History since 1500**,"This course examines world history from the 16th century to the present. This much shorter period saw enormous
increases in trade, cultural, political and military interaction among all regions of the world. A major theme of this era is
colonialism, the rise of European state, economic, and cultural power, and the reactions of the non-Western world to
that power. This course takes a western perspective to look at global historic events.
Core Curriculum/Core Requirements: Western Cultural Tradition
Prerequisites: ENG 101
Course Typically Offered: Every Fall and Spring
Credits: 3",ENG 101,Every Fall and Spring,3
HTY 199,**Problems in History**,"An analysis of a selected controversial or contemporary historical problem. In some cases the specific topic and
methodology may be chosen jointly by interested students and an instructor.
Core Curriculum/Core Requirements:
Course Typically Offered: Variable
Credits: 3",None,Variable,3
HTY 202,**Medieval Civilization**,"What were the Middle Ages in the middle of? How did “medieval” become synonymous with “ignorant” and “barbaric”?
These questions will be on our minds as we survey European history from the late Roman Empire through the fifteenth
century, examining developments in political, religious, and cultural fields. Even as we aspire to cover huge swaths of
geography and history, we will also pause to investigate individual case studies and telling details. Eschewing caricature
and conventional wisdom, we will explore the many varieties of medieval civilization, emphasizing the complex lessons
and legacies that this period offers for the modern world.
Core Curriculum/Core Requirements: Cultural Diversity and International Perspectives and Western Cultural
Tradition
Course Typically Offered: Fall
Credits: 3",None,Fall,3
HTY 210,**History of Maine**,"A survey of Maine’s social, economic, and political life, from primitive times to the present. After a brief study of Native
American life preceding white settlement, the periods of colonial, provincial, and state history are covered.
Core Curriculum/Core Requirements: Western Cultural Tradition and Social Contexts and Institutions
Course Typically Offered: Fall & Summer
Credits: 3",None,Fall & Summer,3
HTY 212,**Geography of Maine**,"This course provides a geographical perspective on the historical development of Maine over the last 500 years. The
course begins with European contact in the early 1500s, and then examines the evolution of Maine as a borderland
during the colonial period, the American settlement of Maine in the late eighteenth and early nineteenth centuries, the
growth of industrial manufacturing and tourism in the late nineteenth and early twentieth centuries, and the de-
industrialization and development of a service economy in Maine today. The course pays particular attention to
environmental, cultural, and cross-border issues. (GEO 212 and HTY 212 are identical courses.)
Core Curriculum/Core Requirements: Population and the Environment
Course Typically Offered: Variable
Credits: 3",None,Variable,3
HTY 213,**History of the Maine Woods**,"This course will survey the history of the Maine woods from postglacial times to the present. Topics include alterations in
the forest ecology, Native American and colonial settlement, and changing economic, industrial, and recreational uses of
the woods. The course will also explore the varieties of spiritual and literary interpretations ascribed to the forest
environment.
Core Curriculum/Core Requirements: Western Cultural Tradition and Population and Environment
Course Typically Offered: Variable
Credits: 3",None,Variable,3
HTY 220,**North American Indian History**,"An introductory history of North American Indians, from before European contact to the present. Within a broad
chronological framework, the course will look at critical themes in American Indian history; American Indians prior to
contact; cultural contact; treaty making, treaty rights, sovereignty; impact of government policies on Native populations;
and contemporary issues.
Core Curriculum/Core Requirements: Social Contexts and Institutions and Cultural Diversity and International
Perspectives
Course Typically Offered: Spring
Credits: 3",None,Spring,3
HTY 221,**History and Comics**,"This course provides a concise introduction to the field of comics studies, and then relies on the comics medium to
acquaint students with some of the major topics and themes that are commonly encountered in the discipline of history.
Comics are highly accessible and foster active engagement, making it a powerful medium through which to experience
the discipline of history. In particular, we will be examining comics as historical documents, but also as a medium for
historical analysis. Students will develop the intellectual tools, as they relate to the field of comics studies, required to
interpret and criticize the content and meaning of a range of comics materials from the past and present. While it is
impossible to cover the whole of the discipline of history, students will be introduced to a wide and varied selection of
subject matter, including politics and political discourse, armed conflicts and mass atrocities, nature and the
environment, race and ethnicity, Indigenous peoples, labor and the working class, and gender.
Core Curriculum/Core Requirements: Western Cultural Tradition and Artistic and Creative Expression
Course Typically Offered: Variable
Credits: 3",None,Variable,3
HTY 232,**Womanhood in America**,"Examines the changing experiences of American women from colonial times to the present. Emphasis on what women
did and what they were told to do, the experiences of different groups of women, and the ways in which women worked
to change their situation.
Core Curriculum/Core Requirements: Western Cultural Tradition and Cultural Diversity and International
Perspectives
Course Typically Offered: Variable
Credits: 3",None,Variable,3
HTY 235,"**Heresy, Witchcraft, and Reform**","This course will examine the definition and repression of heresy and witchcraft in Europe from late antiquity through the
seventeenth century. Focusing on issues surrounding gender, belief, and otherness, we will spend time reading and
thinking about the meanings of religious dissent and orthodoxy in premodern contexts. Our investigation will center on
the ways in which efforts to reform the Church were closely connected to campaigns against its imagined internal
enemies.
Core Curriculum/Core Requirements: Western Cultural Tradition and Social Context and Institutions
Course Typically Offered: Variable
Credits: 3",None,Variable,3
HTY 241,"**History of Globalization, 1900-Present**","An introductory history of globalization. Explores the major political, economic, cultural and technological features of
the twentieth century that have helped to create today’s global society. Emphasizes global changes and their effects on
everyday life.
Core Curriculum/Core Requirements: Social Contexts and Institutions and Cultural Diversity and International
Perspectives
Course Typically Offered: Spring
Credits: 3",None,Spring,3
HTY 261,**New England and Eastern Canada Since 1815: A Transnational**,"Region
This course examines the historical development of the geographical areas now referred to as New England and Eastern
Canada from 1815, the end of the Napoleonic Wars and the War of 1812, the last major Anglo-American conflict, to the
present. An emphasis will be placed on exploring New England and Eastern Canada as a transnational region in the
making, where there have been more historical similarities than differences in spite of the gradual hardening of borders
between countries, states, and provinces. The course will follow a rough chronology, and cover topics such as building
borders, political institutions, and identities, economic pursuits like agriculture, forestry, and fishing, sporting cultures,
women’s suffrage, civil rights, environmental movements, and indigenous resurgences.
Core Curriculum/Core Requirements: Population and Environment and Social Context and Institutions
Course Typically Offered: Alternating
Credits: 3",None,Alternating,3
HTY 275,**Geography of Globalization**,"Examines changing demographic, economic, political, and cultural connections across the globe over the past 500 years;
their representation through maps; and our current awareness of the globe and the Earth’s environment. (GEO 275 and",None,Unknown,N/A
HTY 278,**American Military History**,"America’s experience with warfare, from the colonial period through the Vietnam era. How American wars have been
fought, and the complex interrelationship between American society and the military, including economic, political and
social factors.
Core Curriculum/Core Requirements: Western Cultural Tradition and Social Contexts and Institutions
Course Typically Offered: Variable
Credits: 3",None,Variable,3
HTY 281,**Military History of Modern Asia**,"The course explores the origins and historical developments in the military and strategic history of the Asia Pacific
region. Students will begin by examining the regional strategic situation that existed in the aftermath of World War II in
East Asia. Students will then move on to consider the origins of the Cold war in East Asia, the Chinese and Japanese
Grand Strategy, and the modern history of the divided Korean nation. Students will also discuss the partition of British
India in 1974 and the making of two countries (India and Pakistan), the historical rivalry between India and Pakistan,
overt nuclearization in South Asia as well as evolving forces of nationalism and religious extremism in this region.
Students will also concentrate on the transformations of Indian democracy, and the rise and fall of dictatorships in
Pakistan. Students will be exposed to a wide variety of historical materials, including recently published historical works
in history and strategic studies, as well as films and documentaries to frame and understand Asia Pacific history.
Core Curriculum/Core Requirements: Cultural Diversity and International Perspectives
Course Typically Offered: Alternating years
Credits: 3",None,Alternating years,3
HTY 310,"**Slavery, Politics, and Memory in American History**","This course follows a chronological path through the rise and development of African slavery in colonial North America,
the impact of the Revolution on systems of bondage and ideas about freedom, the development of these ideas in the
antebellum United States, antislavery and proslavery movements, the coming of emancipation during the Civil War, and
the legacy of slavery and redefinition of freedom during Reconstruction. It also focuses on how this history has been
remembered, commemorated, erased, and distorted to serve various present-day concerns.
Core Curriculum/Core Requirements: Cultural Diversity and International Perspectives, Ethics
Prerequisites: Three credits of History or permission of instructor.
Course Typically Offered: Alternating
Credits: 3",Three credits of History or permission of instructor.,Alternating,3
HTY 312,"**Furs, Frontiers, and Fame: North American Exploration**","This course examines the identities, practices, and spaces of exploration in North America from the late fifteenth to the
twentieth centuries. Different political, economic, scientific, and cultural motives for the exploration of Canada and the
United States over time will be compared and contrasted. The experiences of Spanish, French, English, Russian,
American, and Canadian explorers and expeditions will be situated in local, national, imperial, and global contexts. The
course will broadly explore the themes of cross-cultural encounter, exploration and science, textual and visual
representation, and the public commemoration of explorers and exploration.
Prerequisites: Three credits of History or permission of instructor.
Course Typically Offered: Fall
Credits: 3",Three credits of History or permission of instructor.,Fall,3
HTY 330,"**Robber Barons, Reformers and Radicals 1877-1914**","Traces the transformation of the United States into a modern nation by exploring themes of industrialization,
urbanization, immigration, politics, and imperial outreach. Particularly focuses on the contest of power between so-
called “Robber Barons”, or industrial leaders, and the reformers and radicals who challenged their vision for the nation.
Prerequisites: Three credits of History or permission of instructor.
Course Typically Offered: Variable
Credits: 3",Three credits of History or permission of instructor.,Variable,3
HTY 349,**Early Modern North America in Atlantic Perspective**,"Reflecting the increasing globalization of modern society, this course employs an Atlantic perspective to understand the
international history of early modern North America. Focuses on the geography of the European empires that shaped
North America, beginning with the Spanish and the French, and then focusing on the British and the revolt of the
American colonies. (GEO 349 and HTY 349 are identical courses.)
Prerequisites: Three credits of History or permission of instructor.
Course Typically Offered: Variable
Credits: 3",Three credits of History or permission of instructor.,Variable,3
HTY 365,**The American Immigrant Experience**,"Writing Intensive course that examines the many kinds of immigrant experiences in the American colonies and the
United States from 1600 to the present day, drawing on first-person accounts and historians’ interpretations. Considers
the influence of age, sex, legal status, race, religion, occupation, and class, as well as whether immigrants came
voluntarily, as free persons, or by force, as slave labor.
Core Curriculum/Core Requirements: Writing Intensive
Prerequisites: Three credits of History or permission of instructor.
Credits: 3",Three credits of History or permission of instructor.,Unknown,3
HTY 390,**A Sense of Place**,"A course offering students the opportunity to participate in a program emphasizing study and travel. Periodic trips have
been planned to American or European locales in order that participants gain a better understanding of historic events
and/or the people associated with these locales.
Prerequisites: 3 credits of history or permission of instructor
Course Typically Offered: Spring
Credits: 1-3",3 credits of history or permission of instructor,Spring,1-3
HTY 398,**Historical Issues**,"An exploration of selected contemporary historical issues not covered in existing courses. In some cases the specific topic
and methodology may be chosen jointly by interested students and an instructor.
Core Curriculum/Core Requirements:
Prerequisites: Three credits of History or permission.
Course Typically Offered: Fall, Spring, Summer
Credits: 1-3",Three credits of History or permission.,"Fall, Spring, Summer",1-3
HTY 403,**Early Middle Ages**,"Europe from late antiquity to about 950, considering the social, economic, political, and intellectual developments
during Merovingian and Carolingian times, emphasizing the early medieval agricultural revolution and reconstructing
the factors affecting the lives of ordinary people.
Prerequisites: Three credits of History or permission.
Course Typically Offered: Variable
Credits: 3",Three credits of History or permission.,Variable,3
HTY 404,**Late Middle Ages**,"Social, economic, political, and intellectual history of Europe from 950 to the Renaissance, focusing on the medieval
frontier period and the late medieval era of environmental crisis and economic contraction.
Prerequisites: Three credits of History or permission.
Course Typically Offered: Variable
Credits: 3",Three credits of History or permission.,Variable,3
HTY 407,"**The Age of Monarchs and Revolution: Europe, 1648-1815**","Covers the later part of Early Modern European history and the early years of modern Europe: 1648-1815. Discusses the
concepts and significant social and political events and issues, such as absolutist monarchies, feudalism, nobility, the
Church, peasantry, the Enlightenment, nationalism, liberalism, the French Revolution, and the Napoleonic Empire.
Prerequisites: Three credits of History or permission.
Corequisites: Not Regularly Offered
Course Typically Offered: Fall
Credits: 3",Three credits of History or permission.,Fall,3
HTY 409,**European Society and Culture in the Age of Total War**,"Europe in the age of the two world wars, focusing on the causes and consequences of the wars themselves, concurrent
political and social problems, and the intellectual and cultural contexts.
Prerequisites: Three credits of History or permission of instructor.
Course Typically Offered: Not Regularly Offered
Credits: 3",Three credits of History or permission of instructor.,Not Regularly Offered,3
HTY 411,**The Holocaust**,"The Nazi persecution and extermination of European Jews (1933-1945) including the exploration of modern anti-
Semitism, Nazi ideology, the persecution of German Jews after 1933, and the extermination of six million European
Jews in Nazi occupied Europe during the Second World War.
Prerequisites: Three Credits of History or permission.
Course Typically Offered: Fall
Credits: 3",Three Credits of History or permission.,Fall,3
HTY 427,**Vikings!**,"Marauding barbarians with a lust for blood and plunder, the Vikings retain their grip on the popular imagination. To
what extent are our images of the medieval Norse grounded in historical reality? This course will begin by asking what
archaeological finds, runestones, skaldic poetry, and foreign chroniclers can tell us about the people of Viking Age
Scandinavia. We will then explore how different societies and cultural groups have shaped and reshaped images of the
Vikings to suit different agendas. Our investigation will range from thirteenth-century Iceland, where medieval Christian
writers composed vernacular sagas about pagan heroes, to contemporary America, where Viking imagery appears on
everything from football helmets to comic books.
Prerequisites: Three credits of History or permission.
Course Typically Offered: Variable
Credits: 3",Three credits of History or permission.,Variable,3
HTY 433,**Greek and Roman Mythology**,"The study of classical myths as the poetic expression of the Greek and Roman spirit, as the depiction of everything
considered sacred, and as the embodiment of the basic patterns of the human psyche. Discusses the major theories of
myth. Uses modern psychology and anthropology to show how the myths reveal secrets of our emotional, intellectual,
and spiritual lives.
Core Curriculum/Core Requirements:
Prerequisites: Three credits in History or instructor permission.
Course Typically Offered: Variable
Credits: 3",Three credits in History or instructor permission.,Variable,3
HTY 437,**History of Modern Japan**,"Survey of social, economic, cultural and political development in Japan from the last period of feudalism to the present
day. Social and political structures, value changes, the rise of militarism and fascism, the effects of the Pacific War,
popular movements, modernization problems and progress, and relations with the United States and the rest of the
world will be discussed.
Prerequisites: Three credits of History or permission.
Course Typically Offered: Variable
Credits: 3",Three credits of History or permission.,Variable,3
HTY 442,**The United States and Vietnam: A History**,"Focuses on key periods in the historical development of the United States and Vietnam and trace the history of their
relations since the beginning of World War II. The economic, social, political, ideological, and cultural origins of the
conflict, the conduct of the war and the aftermath in Vietnam, East Asia, and the United States will be examined.
Prerequisites: Three credits of History or permission.
Course Typically Offered: Variable
Credits: 3",Three credits of History or permission.,Variable,3
HTY 449,**History of South Africa**,"Examines the political, economic, and social history of South Africa from 1652 to the present. Emphasis on race relations
from the establishment of the Cape Colony to the fall of Apartheid. Explores European colonization, the formation of the
Zulu Empire, the South African War, and the birth of the New South Africa.
Prerequisites: Three credits of History or permission.
Course Typically Offered: Alternate Years
Credits: 3",Three credits of History or permission.,Alternate Years,3
HTY 450,**History of the British Empire**,"Examines the history of the British Empire from the late 15th century to the end of the 20th century. Emphasis on the
19th century, especially the period of rapid growth c. 1875-1914, in Africa and Asia.
Prerequisites: Three credits of History or permission.
Course Typically Offered: Not Regularly Offered
Credits: 3",Three credits of History or permission.,Not Regularly Offered,3
HTY 456,**History of Modern Britain**,"The political, socio-economic, and constitutional aspects of British history from 1700 to the present, emphasizing
economic growth and the development of democracy.
Prerequisites: Three credits of History or permission.
Course Typically Offered: Not Regularly Offered
Credits: 3",Three credits of History or permission.,Not Regularly Offered,3
HTY 460,**Modern Canada**,"Canada’s history from Confederation to the present, emphasizing political, social, and economic developments and
Canada’s relations with the United States.
Prerequisites: Three credits of History or permission.
Course Typically Offered: Variable
Credits: 3",Three credits of History or permission.,Variable,3
HTY 461,**Colonial British America to 1763**,"Examines the founding and development of English-speaking colonies in the New World. Themes include the trans-
Atlantic context of colonization, Native Americans, the growth of slavery, and religious and regional variation in colonial
America.
Core Curriculum/Core Requirements: writing Intensive
Prerequisites: Three credits of History or permission.
Course Typically Offered: Variable
Credits: 3",Three credits of History or permission.,Variable,3
HTY 463,"**The Early Republic, 1789-1840**","Explores the shaping of American society by people and events between the years 1789-1840. While paying due
attention to political and economic changes during this period, the focus will be on the lives and experiences of ordinary
people: their families, work, homelife, communities, attitudes and expectations.
Prerequisites: Three credits in History or instructor permission.
Course Typically Offered: Variable
Credits: 3",Three credits in History or instructor permission.,Variable,3
HTY 464,**America at the Crossroads: The Era of Civil War Reconstruction**,"1840-1876
Problems and processes involved in territorial expansion, economic growth, the slavery issue, civil war, and the
reconstruction of American society.
Prerequisites: Three credits of History or permission.
Course Typically Offered: Not Regularly Offered
Credits: 3",Three credits of History or permission.,Not Regularly Offered,3
HTY 465,**American Landscapes**,"Investigates the shaping of American landscapes and interpretation of those landscapes in history, fiction and art. In
particular, the course explores the ways in which Americans used idealizations of the physical environment to define
certain cultural attributes and to explain social transformations.
Prerequisites: Three credits of History or permission.
Course Typically Offered: Not Regularly Offered
Credits: 3",Three credits of History or permission.,Not Regularly Offered,3
HTY 468,**America Since 1945**,"Changes in American politics, economics, society, and culture including the Cold War and McCarthyism, protest
movements of the 1960s, Watergate, the energy crisis and economic recession, affluence and poverty in the 1980s.
Prerequisites: Three credits of History or permission.
Course Typically Offered: Variable
Credits: 3",Three credits of History or permission.,Variable,3
HTY 475,**History of Modern Warfare**,"The course explores the historical developments in the evolution of modern warfare and military thought over the last
two centuries. Students will begin by examining the theoretical writings of classical military theorists and different
outstanding historical cases of military innovation in modern warfare. Later, students will consider many topical
segments from literature and films of major wars and will also examine the changing nature of war by analyzing new
war-fighting domains such as cyberwar and space as the final frontier. In this class, students will be engage in activities
designed to improve your reading, writing, and presentation skills. Students will also be provided an opportunity to
study these materials in-depth and will be encouraged to conduct research on your own. By the end of the course,
students will be able to analyze the evolution of modern war across the different military domains over the last two
centuries.
Course Typically Offered: Alternating Years
Credits: 3",None,Alternating Years,3
HTY 477,**The American Worker**,"Examines changes in the world of work during successive phases of capitalist development since the Revolutionary War.
Focus on skilled and unskilled labor; the evolving factory system; public policies and effects of technological change;
ethnicity, race, and gender on worker responses. Assesses contemporary workplace issues from an historical perspective.
Prerequisites: Three credits of History or permission.
Course Typically Offered: Variable
Credits: 3",Three credits of History or permission.,Variable,3
HTY 479,**North American Environmental History**,"Environmental history is the study of past interactions between humans and nature, and this course examines
environmental historical processes across the North American continent over time. While it is impossible to cover the
entirety of North America’s environmental past, in-depth explorations of various major themes, including biological
exchanges, water and waterways, urbanization and industrialization, and energy production, will thoroughly introduce
students to a wide variety of subject matter.
Core Curriculum/Core Requirements: Ethics and Population and the Environment
Prerequisites: Three credits of History or permission.
Course Typically Offered: Variable
Credits: 3",Three credits of History or permission.,Variable,3
HTY 481,**Amerindians of the Northeast: A History**,"Considers Amerindian history from a regional perspective, with emphasis on intersocietal and interethnic relations
between the 16th and 19th centuries. It encompasses the Algonquian and Iroquoian speaking peoples from the Atlantic
seaboard to the upper Great Lakes and from the Ohio Valley to the Hudson Bay.
Core Curriculum/Core Requirements:
Prerequisites: Three credits of History or permission.
Course Typically Offered: Variable
Credits: 3",Three credits of History or permission.,Variable,3
HTY 498,**Senior Seminar in History**,"Intensive reading, research, and writing under the close supervision of an instructor on a selected problem in American
or European history. Required of History majors.
Core Curriculum/Core Requirements: Writing Intensive and Capstone
Prerequisites: Restricted to history majors with senior standing.
Course Typically Offered: Fall & Spring
Credits: 3
Honors",Restricted to history majors with senior standing.,Fall & Spring,3
HON 112,"**Civilizations: Past, Present and Future II**","The second course in the Honors Civilizations sequence. (Offered in the Spring semester.)
Core Curriculum/Core Requirements: Completion of any of these courses (HON 111 , 112, 211 or 212) satisfies
either the General Education Western Cultural Tradition or the Cultural Diversity and International Perspectives
requirement. Completion of any two satisfies the Western Cultural Tradition, Cultural Diversity and International
Perspectives, and Ethics requirements. Completion of three satisfies the Western Cultural Tradition, Cultural Diversity
and International Perspectives, Social Context and Institutions, and Ethics requirements. Completion of all four satisfies
the Ethics requirement and all areas of the Human Values and Social Context requirements for 16 of the total 18 credits
required in those areas. In addition, HON 211 and HON 212 each are designated Writing Intensive. Successful
completion of HON 111 and HON 112 with a grade of C or better in each, satisfies the University’s basic composition
requirement (ENG 101.)
Prerequisites: Enrollment in the Honors College
Course Typically Offered: Spring
Credits: 4",Enrollment in the Honors College,Spring,4
HON 155,**Genome Discovery II: From DNA to Genes**,"Provides laboratory experience working on DNA sequence from a bacteriophage isolated during the previous semester.
Topics include bioinformatics, genome annotation, open reading frame and RNA identification, BLAST analysis,
phylogenetics and submission to a genomic database. In addition students will gain skills in designing and running
computational experiments, reading the scientific literature, writing scientific papers, and making oral presentations.
(HON 155 and BMB 155 are identical courses)
Core Curriculum/Core Requirements:
Prerequisites: HON 150
Course Typically Offered: Spring
Credits: 3",HON 150,Spring,3
HON 170,**Currents and Context**,"An opportunity for students to develop and enhance their awareness and understanding of events throughout the region,
the country, and the world as well as to improve dialogue about these. In doing so, students will employ up-to-date
information sources to explore issues including, but not limited to cultural conflicts; the roles of intergovernmental and
nongovernmental organizations (IGOs and NGOs); the three branches of American government; the economy; the
environment; and political debates of global, regional, and local concern. May be repeated once for credit.
Core Curriculum/Core Requirements: Social Contexts and Institutions
Prerequisites: Enrollment in the Honors College or permission.
Course Typically Offered: Fall & Spring
Credits: 1",Enrollment in the Honors College or permission.,Fall & Spring,1
HON 180,**A Cultural Odyssey**,"An opportunity for students to extend their cultural education in the context of opportunities available at the University
of Maine and in the surrounding area. Various arts events including dance, music, theatre, poetry, and visual art will be
explored and analyzed. May be repeated once for credit. Required for all students in the Honors College.
Core Curriculum/Core Requirements: Artistic and Creative Expression
Prerequisites: Enrollment in the Honors College or permission.
Course Typically Offered: Fall & Spring
Credits: 1",Enrollment in the Honors College or permission.,Fall & Spring,1
HON 188,**Cultural Connections**,"An opportunity for students to explore cultural opportunities available at the University of Maine and in the surrounding
area. Students will attend and react to arts events including dance, music, theatre, poetry, and visual art. Required for
all students in the Honors College who do not complete HON 180.
Core Curriculum/Core Requirements:
Credits: 0",None,Unknown,0
HON 190,**Honors Summer Readings: Basic**,An individually arranged program of readings during the summer. For students wanting to supplement their work in,None,Unknown,N/A
HON 211,"**Civilizations: Past, Present and Future III**","The third course in the Honors Civilizations sequence. (Offered in the Fall semester.)
Core Curriculum/Core Requirements: Writing Intensive
Prerequisites: Enrollment in the Honors College
Course Typically Offered: Fall
Credits: 4",Enrollment in the Honors College,Fall,4
HON 212,"**Civilizations: Past, Present and Future IV**","The fourth course in the Honors Civilizations sequence. (Offered in the Spring semester.)
Core Curriculum/Core Requirements: Writing Intensive
Prerequisites: Enrollment in the Honors College
Course Typically Offered: Spring
Credits: 4",Enrollment in the Honors College,Spring,4
HON 290,**Honors Summer Readings: Intermediate**,"Guided summer readings and reports, individually adapted to the student’s program of study. For students wanting to
supplement their readings in HON 211 and HON 212.
Core Curriculum/Core Requirements:
Prerequisites: permission.
Course Typically Offered: Summer
Credits: 1",permission.,Summer,1
HON 308,**Visiting Scholar in Ethics Tutorial**,"An opportunity for students, through careful reading, thorough research, and measured discussion to determine the
John M. Rezendes Visiting Scholar in Ethics to be brought to campus for the following year. Students in the tutorial will
develop and refine criteria for the decision, analyze evidence presented about the candidates, deliberate using those
criteria, and correspond and negotiate with viable candidates to determine availability and suitability.
Core Curriculum/Core Requirements: Ethics
Prerequisites: Junior standing in Honors College with three first- or second-year Honors courses and permission.
Course Typically Offered: Not Regularly Offered
Credits: 3",Junior standing in Honors College with three first- or second-year Honors courses and permission.,Not Regularly Offered,3
HON 309,**The Honors Read Tutorial**,"An opportunity through careful reading, analytic and synthetic writing and extensive discussion, to select, from among
eight texts nominated by the University community, the “Honors Read” for incoming students in the Honors College a
year hence. The tutorial will include developing and refining criteria for the decision, analysis and reaction to the texts
incorporating those criteria and preparing a summative letter of transmittal to be included with the texts delivered to the
incoming students.
Core Curriculum/Core Requirements: Artistic and Creative Expression
Prerequisites: Enrollment in the Honors College
Course Typically Offered: Fall
Credits: 3",Enrollment in the Honors College,Fall,3
HON 349,**Tutorial Alternative Portfolio**,"Presentation of materials documenting a pre-approved and completed Tutorial Alternative. Supervised by an Honors
College associate and the Dean of the Honors College.
(Pass/Fail Grade Only.)
Core Curriculum/Core Requirements:
Prerequisites: Permission.
Course Typically Offered: Fall & Spring
Credits: 0",Permission.,Fall & Spring,0
HON 350,**Honors Seminar**,"Topics in such subject areas as the arts, philosophy, history of science, the study of society, etc. Specific topics vary.
Core Curriculum/Core Requirements:
Prerequisites: Permission.
Course Typically Offered: Spring
Credits: 3",Permission.,Spring,3
HON 396,**Honors Independent Study**,"A tutorially conducted study of a topic outside the student’s major field. May be repeated once for credit, with
permission.
Core Curriculum/Core Requirements:
Prerequisites: Enrollment in the Honors College
Course Typically Offered: Fall, Spring, Summer
Credits: 1-3",Enrollment in the Honors College,"Fall, Spring, Summer",1-3
HON 397,**Honors Specialized Study**,"A tutorially conducted study in the student’s major field, usually resulting in the choice of a thesis topic or initiation of
thesis research. May be repeated once for credit, with permission.
Core Curriculum/Core Requirements:
Prerequisites: Enrollment in the Honors College
Course Typically Offered: Fall, Spring, Summer
Credits: 1-3",Enrollment in the Honors College,"Fall, Spring, Summer",1-3
HON 450,**Honors Distinguished Lecture Series**,"A series of lectures by a distinguished lecturer or lecturers, involving collateral reading and group discussions.
Core Curriculum/Core Requirements:
Course Typically Offered: Not Regularly Offered
Credits: 1-3",None,Not Regularly Offered,1-3
HON 498,**Honors Thesis/Research I**,"Tutorially directed research for the senior thesis or project. Required of all four-year students graduating with a degree
with Honors.
Core Curriculum/Core Requirements:
Prerequisites: Enrollment in the Honors College and HON 391
Course Typically Offered: Fall, Spring, and occasionally in Summer
Credits: 3",Enrollment in the Honors College and HON 391,"Fall, Spring, and occasionally in Summer",3
HON 499,**Honors Thesis/Research II**,"The completion of the senior project begun in HON 498. Required of all four-year students graduating with a degree
with Honors.
Core Curriculum/Core Requirements: Writing Intensive
Prerequisites: Enrollment in the Honors College and HON 498
Course Typically Offered: Fall, Spring, and occasionally in Summer
Credits: 3
Human Centered Design",Enrollment in the Honors College and HON 498,"Fall, Spring, and occasionally in Summer",3
HCD 251,**Interactive Systems Design and Development**,"This course provides opportunities to identify, design, build, and evaluate interactive systems using human-centered
design principles and engineering. Emphasis is placed on usability, accessibility, and user-centered design strategies for
creating foundational interactive experiences. The students will learn technical skills such as basic control systems using
microcontrollers, sensors and actuators, and advanced concepts from wearable and ubiquitous computing domains.
Technical concepts will be introduced in a hands-on, project-based environment. The course will be structured as a
series of independent explorations, each on a different prototyping methodology. The course will bring design thinking
concepts and user-driven prototypes, including rapid sketched paper prototypes, lo-fi monochromatic wireframes, and
high-fidelity interactive mockups.
Prerequisites: COS 125 or COS 135 or NMD 211 or instructor permission
Course Typically Offered: Spring
Credits: 3
Human Technology Interfaces",COS 125 or COS 135 or NMD 211 or instructor permission,Spring,3
HTI 490,**Capstone Preparation**,"A customized course for preparation and development of the capstone project for the major in Interdisciplinary Studies
in Multimodal Interaction. HTI 490 may be taken for a maximum of 9 credits. Capstone project completion occurs in",None,Unknown,N/A
HTI 495,**Work Experience**,"This course focuses on work in a laboratory, business, or other approved organization, where the work undertaken
involves hands-on, direct experiential learning. Students learn and practice professional skills that help integrate their
experience in the VEMI Lab with their program of study. Student also enhance their skills in collaboration and
teamwork. Along with their capstone experience, work experience becomes part of the required portfolio of their work
in the major.
Course may be repeated for credit with 18 total credits and 4 completions.
Prerequisites: Interdisciplinary Studies in Multimodal Interaction major and permission
Course Typically Offered: Fall and Spring
Credits: 1-9",Interdisciplinary Studies in Multimodal Interaction major and permission,Fall and Spring,1-9
HTI 499,**Capstone in Interdisciplinary Studies in Multimodal Interaction**,"The final phase of the capstone sequence, in which students conclude their extended research project, as developed in",None,Unknown,N/A
IND 398,**Independent Study and/or Research**,"This course allows students the opportunity to pursue in depth or in alternative ways areas of study not otherwise readily
available. Students contemplating such an approach must consult with their faculty advisors well in advance of the
development of a prospectus, which should outline the purpose of the study and describe the proposed learning
outcomes, methodology, and evaluation techniques. An approved application for independent study must be filed with
the Registrar’s Office at the time of registration for courses. The student may enroll in only one such course per semester
and may accumulate a total of 12 cr toward a degree through independent study. Exceptions to these restrictions may be
made with the approval of the Vice President for Academic Affairs. May be taken pass/fail at the option of instructor.
Prerequisites: Applicants must have at least junior standing in a degree program with a cumulative grade point
average of 3.0 or above in their major.
Course Typically Offered: Variable
Credits: .5 - 4",Applicants must have at least junior standing in a degree program with a cumulative grade point,Variable,N/A
IND 498,**Independent Study and/or Research**,"This course allows students the opportunity to pursue in depth or in alternative ways areas of study not otherwise readily
available. Students contemplating such an approach must consult with their faculty advisors well in advance of the
development of a prospectus, which should outline the purpose of the study and describe the proposed learning
outcomes, methodology, and evaluation techniques. An approved application for independent study must be filed with
the Registrar’s Office at the time of registration for courses. The student may enroll in only one such course per semester
and may accumulate a total of 12 cr toward a degree through independent study. Exceptions to these restrictions may be
made with the approval of the Vice President for Academic Affairs. May be taken pass/fail at the option of instructor.
Prerequisites: Applicants must have at least junior standing in a degree program with a cumulative grade point
average of 3.0 or above in their major.
Course Typically Offered: Variable
Credits: 1 - 6
Innovations",Applicants must have at least junior standing in a degree program with a cumulative grade point,Variable,1
INV 121,**Fundamentals of Innovation**,"Regardless of one’s field of study, students need to be able to identify problems and generate solutions, communicate
these solutions effectively, and test and implement them successfully. In this course, you will use the Innovation
Engineering process and system, that incorporates skills and teaches students how to rapidly innovate and solve
everyday problems. This course is designed to provide a complete overview of the Innovation Engineering system.
Core Curriculum/Core Requirements: Artistic & Creative Expressions and Social Context & Institutions
requirements.
Course Typically Offered: Fall & Spring
Credits: 3",None,Fall & Spring,3
INV 282,**Advanced Innovation Skills**,"This course will provide students with advanced skills in innovation and a systematic approach to creativity,
communication, bringing their idea to reality (commercialization) and systems thinking. In the first set of advanced
skills (create), students are provided with theories behind and practice using tools to generate meaningfully unique
ideas. These tools engage creative stimulus, diversity, and mining for technology and economic, social and cultural
trends. The second set of skills (communicate), combines elements of several disciplines: the clarity of professional
writing, the precision of technical writing, and the expressiveness of creative writing. The third set (commercialize), how
do you quantify its risks and benefits? How can you reduce the unknown quantities in your process of creating and
realizing? Students learn to apply principles of the scientific method and design of experiments for evaluating ideas and
making them real. The fourth set of skills (Systems), students will learn how visually map the system, measure variation,
and analyze system.
Core Curriculum/Core Requirements: Writing Intensive and Quantitative Literacy
Prerequisites: INV 121
Course Typically Offered: Fall & Spring
Credits: 4",INV 121,Fall & Spring,4
INV 401,**Systems: Innovation Engineering IV**,"In this course, students will learn how to apply the tools and strategies learned in earlier courses into a system approach
to innovation. Through this process, students will learn to lead systems for building alignment, collaboration and
capacity to generate and implement new ideas in a wide range of organizations. The course will also cover the
fundamentals of systems thinking, tools for measuring the performance of a system, and practice developing innovation
strategies.
Core Curriculum/Core Requirements:
Prerequisites: INV 180 and INV 282 and INV 392
Course Typically Offered: Spring
Credits: 3",INV 180 and INV 282 and INV 392,Spring,3
INV 406,**Make It Real: Innovation Engineering VI**,"Students will have an opportunity during a full semester to take their own idea from proposal stage to prototype and
beyond. Projects may be individual or team-based. (Pass/Fail Grade Only)
Core Curriculum/Core Requirements:
Prerequisites: INV 405 or permission.
Course Typically Offered: Spring
Credits: 3",INV 405 or permission.,Spring,3
INV 471,**Special Topics in Innovation**,"Provides opportunities for reflective and theoretical approaches to topics in innovation. Topics might include:
innovation and medicine, finding money for innovation, innovations and development in the third world, universal
design and innovation, innovations in aquaculture.
Core Curriculum/Core Requirements:
Prerequisites: Permission.
Course Typically Offered: Spring
Credits: 3",Permission.,Spring,3
INV 480,**Internship in Innovation**,"With submission of proposal approved by the curriculum committee and director of the Innovation Engineering
academic program, students working as interns with public or private sector organizations on projects aimed at
innovation may register for credit hours. May be repeated for credit up to six credit hours.
Core Curriculum/Core Requirements:
Prerequisites: Permission.
Course Typically Offered: Fall
Credits: 1-6",Permission.,Fall,1-6
INT 125,**Experiential Program Innovation Central**,"This course is designed to provide an overview of experiential learning pathways for students at a 21-century land grant
research institution. Students work in teams on a semester long project designed to train them on design thinking, and
enhance communication and problem solving skills. Students will learn more about the research and experiential
learning at the following University centers and will be trained on various topics including project initiation,
management, implantation, and reporting Advanced Manufacturing Center (AMC), Advanced Structures and Composite
Center (ASCC), Center for Undergraduate Research (CUGR), Center for Innovation in Teaching and Learning (CITL),
Foster Center for Student Innovation, and Innovative Media Research and Commercialization Center (IMRC).
Core Curriculum/Core Requirements: Application of Scientific Knowledge and Ethics
Course Typically Offered: Fall and Spring
Credits: 3",None,Fall and Spring,3
INT 192,**Introduction to Career Development**,"A 1 credit experiential course focused on assisting students with exploring and identifying their career interests and goals
through the utilization of a structured career development process.
Core Curriculum/Core Requirements:
Course Typically Offered: Fall
Credits: 1",None,Fall,1
INT 193,**Introduction to Career Exploration and Development**,"An experiential course designed to assist Early College students with exploring and identifying career interests and goals
through the utilization of a structured career development process
Core Curriculum/Core Requirements:
Prerequisites: Early College Students
Course Typically Offered: Fall, Spring, Summer
Credits: 2",Early College Students,"Fall, Spring, Summer",2
INT 196,**(University Wide) Academic and Career Exploration Internship**,"Internship for students seeking to explore their academic and career interests. Prior approval of the internship is
required and will be based on a detailed written plan and documentation presented by the student and approved by the
Career Center Director or the student’s Faculty Advisor or Academic Dean. Open to students in all majors as well as
students with undeclared majors.
Core Curriculum/Core Requirements:
Prerequisites: Permission.
Course Typically Offered: Fall, Spring, Summer
Credits: 0-3",Permission.,"Fall, Spring, Summer",0-3
INT 398,"**(BEN, CHE, CHY, ECE) Undergraduate Research Participation**","Research topics chosen by students in consultation with faculty members. Students submit a final report describing their
research and present an oral seminar.
Core Curriculum/Core Requirements:
Course Typically Offered: Summer
Credits: 1-3",None,Summer,1-3
INT 421,**(CHB) Directed Study in Biomedical Engineering**,"A self-directed study opportunity coordinated by the biomedical engineering minor faculty.
Core Curriculum/Core Requirements:
Prerequisites: INT 121 or permission; engineering majors only.
Course Typically Offered: Spring, Summer
Credits: 1-3",INT 121 or permission; engineering majors only.,"Spring, Summer",1-3
INT 494,**Field Experience**,"Students participate in a political or governmental organization. Readings and reports required in addition to meetings
with faculty sponsor and/or other field experience participants. Six credit hours maximum for any single field
experience registration. Majors within the department may not receive more than a total of 12 credit hours toward
graduation for any combination of internships and field experience, and not more than 6 credit hours may be used
toward the department major.
Core Curriculum/Core Requirements:
Prerequisites: Junior or Senior standing.
Course Typically Offered: Fall, Spring, Summer
Credits: Ar
International Affairs",Junior or Senior standing.,"Fall, Spring, Summer",N/A
INA 101,**Introduction to International Affairs**,"Provides a common introduction to the interdisciplinary study of the field. Examines the core principles and concepts of
the study of international affairs, the historical emergence and development of the contemporary global system, and the
interaction between political actors and economic forces (especially between states and markets).
Core Curriculum/Core Requirements: Social Contexts and Institutions
Course Typically Offered: Every years
Credits: 3",None,Every years,3
INA 310,**Camden Conference Course**,"This course accompanies the Camden Conference held each spring. The topic changes yearly. The course prepares for the
year’s topic with background readings and discussions. Students attend the conference and normally meet with
conference participants. Subsequent meetings analyze the ideas presented during the conference.
Course Typically Offered: Spring
Credits: 3",None,Spring,3
INA 401,**Advanced Topics in International Affairs**,"Offers an advanced examination of a selected topic in international affairs. Specific topics will normally change,
depending on visiting faculty, faculty research, and student interests. (May be repeated if topics vary).
Core Curriculum/Core Requirements:
Prerequisites: Junior or Senior Standing or permission
Course Typically Offered: Not regularly offered
Credits: 3
Judaic Studies",Junior or Senior Standing or permission,Not regularly offered,3
JST 205,**Jewish History and Antisemitism from Antiquity to the Founding of**,"the State of Israel
This course is a history of antisemitism, describing its manifestations from pre-Christian Alexandria to the founding of
the State of Israel. Students will be exposed to several academic and popular theories of antisemitism, exploring debates
about its proper scope and development, and integrate these ideas with a study of the arc of Jewish history, read closely
together in primary sources.
Core Curriculum/Core Requirements: Cultural Diversity and International Perspectives and Ethics
Course Typically Offered: Spring
Credits: 3",None,Spring,3
JST 383,**Topics in Judaic Studies**,"Topics in Judaic Studies
Core Curriculum/Core Requirements:
Course Typically Offered: Variable
Credits: 3
Kinesiology and Physical Education",None,Variable,3
KPE 201,**Athletic Training-Clinical Skills I**,"Lab based class with first clinical experience. Focuses on the critical thinking and application of injury prevention and
immediate care of injuries and illnesses. Direct supervision by trained personnel during clinical experience.
Core Curriculum/Core Requirements:
Prerequisites: KPE 250 and KPE 100.
Course Typically Offered: Fall
Credits: 3",KPE 250 and KPE 100.,Fall,3
KPE 202,**Athletic Training-Clinical Skills II**,"Introduction to assessing muscle strength, range of motion, and girth measurements. Students build on assessing a
patient’s level of fitness learned in KPE 253. Clinical experience continues focus on immediate patient care and
incorporates course content to patient care. Direct supervision of trained personnel during clinical experience.
Core Curriculum/Core Requirements:
Prerequisites: KPE 100 and KPE 253.
Course Typically Offered: Spring
Credits: 3",KPE 100 and KPE 253.,Spring,3
KPE 237,**Swimming Skills**,"This course is designed to introduce beginners or non-swimmers to basic swimming and water safety skills. Students
will progress through activities aimed at increasing comfort and confidence in the water. The overarching goal of this
course is to help students develop into safe swimmers that can competently use a variety of strokes. This course is not
appropriate for students who are already strong swimmers.
Core Curriculum/Core Requirements:
Course Typically Offered: Fall & Spring
Credits: 3",None,Fall & Spring,3
KPE 238,**Swim Instruction and Safety**,"This course provides students with the necessary skills to safely oversee swimming and other aquatic and water-based
activities, as well as basic instructional skills to teach introductory swim lessons, and essential first aid skills. Successful
students will acquire lifeguard, basic swim instructor, first aid, and CPR/AED certification through this course. This
course is intended for those who will be working with participants or learners in and around water during swimming,
boating, and other aquatic activities. Students must be able to swim 300 yards, tread water for 2 minutes and dive 10
feet prior to taking this course. There is a required course fee for this course that covers associated certification fees.
Prerequisites: KPE major or permission of instructor.
Course Typically Offered: Spring
Credits: 3",KPE major or permission of instructor.,Spring,3
KPE 253,**Lifetime Fitness for Health**,"The course is designed to encourage personal awareness and responsibility for the maintenance of health and physical
well-being through the seven dimensions of wellness; physical, intellectual, social, environmental, occupational,
spiritual, and emotional. Instruction on the role of physical activity and other health behaviors on the well-being of the
human body will be emphasized. Special emphasis will be directed towards developing a healthy balance between
demands of school, work and social lives and their impacts on short and long-term health and fitness goals. Specific
topics of instruction over the semester will include an introduction to wellness and fitness, aerobic and muscular fitness,
flexibility and back health, body composition and weight management, nutrition, stress, and other relevant topics
pertaining to health.
Core Curriculum/Core Requirements: Applications of Scientific Knowledge
Course Typically Offered: Fall and Spring
Credits: 3",None,Fall and Spring,3
KPE 262,**Methods of Teaching Physical Activity**,"Methods of teaching physical activity to all age groups and ability levels. Teaching models and practical application of
models will be stressed. Teaching effectiveness techniques, theories, principles, instructional design and methods of
evaluation will be examined.
Core Curriculum/Core Requirements:
Prerequisites: ATR or KPE major or permission.
Course Typically Offered: Fall, Spring, Summer
Credits: 3",ATR or KPE major or permission.,"Fall, Spring, Summer",3
KPE 264,**Team Sports and Invasion Games**,"This is a required skills class for KPE teacher candidacy majors. Students will learn specific skills and sequential
teaching activities for selected team sports including basketball, lacrosse, team handball, and soccer. Emphasis will be
placed on teaching content specific pedagogy while using a sport education / invasion game instructional model.
Core Curriculum/Core Requirements:
Prerequisites: KPE Majors only.
Course Typically Offered: Fall
Credits: 3",KPE Majors only.,Fall,3
KPE 266,**Teaching Dance and Creative Movement**,"This course is designed to introduce students to the instruction of creative movement, dance, and educational
gymnastics. Students will acquire the tools needed to incorporate the basic principles of these activities into a physical
education curriculum. The elements of creative and cultural dancing, as well as educational gymnastics, will be
highlighted through guided exploration. Students will engage in problem solving through movement, learn and develop
a variety of dances, and design developmentally appropriate creative movement lessons for learners of all ages. To
complete this experience, students will develop authentic assessments to evaluate the effectiveness of instruction and
promote life-long physical literacy through creative movement, dance, and educational gymnastics activities.
Core Curriculum/Core Requirements: Artistic and Creative Expression
Prerequisites: KPE Major or permission.
Course Typically Offered: Spring
Credits: 3",KPE Major or permission.,Spring,3
KPE 270,**Motor Development and Learning**,"The understanding and application of major principles in the development and learning of motor behavior from
conception through adolescence. The effects of development in the cognitive and affective domains upon the motor
domain.
Core Curriculum/Core Requirements:
Prerequisites: ATR or KPE major or permission.
Course Typically Offered: Fall & Spring
Credits: 3",ATR or KPE major or permission.,Fall & Spring,3
KPE 280,**Introduction to Paddling Instruction and Safety**,"This course covers the fundamentals of paddling skills, paddling instruction, and safety in fresh water. Students will
learn a variety of paddling strokes and boat maneuvering skills in a number of paddling disciplines including canoeing,
stand up paddleboarding, and kayaking. In addition, students will learn about and practice swift water rescue, trip
planning, on-water group management, equipment management, and safety procedures. Instructing paddling skills is
the focus for the second half of the course, and students will spend considerable time practicing and reflecting on their
instruction and leadership skills.
Core Curriculum/Core Requirements:
Prerequisites: KPE Major or Minor or permission.
Course Typically Offered: Spring
Credits: 3",KPE Major or Minor or permission.,Spring,3
KPE 286,**Introduction to Outdoor Leadership and Facilitation**,"This course focuses on the study and practice of outdoor leadership theory, styles, and techniques applied to education
and recreation settings. It is designed to be an introduction to outdoor leadership and facilitation skills, and to create a
foundation of knowledge to be built upon in future coursework. Course content will include outdoor leadership theories
and applications; individual leadership abilities and assessment; and group development, communication, and decision
making.
Core Curriculum/Core Requirements:
Prerequisites: Outdoor Leadership minor or concentration or permission
Course Typically Offered: Fall and Spring
Credits: 1",Outdoor Leadership minor or concentration or permission,Fall and Spring,1
KPE 301,**Athletic Training-Clinical Skills III**,"Through hands-on experience under the direct supervision of a certified athletic trainer, the student will focus on
evaluating and treating athletic injuries using assessment skills, therapeutic modalities skills necessary for the
profession. Focuses on lower extremity evaluations using theories and problem solving skills while in an athletic training
setting.
Core Curriculum/Core Requirements:
Prerequisites: KPE 202, KPE 386 and KPE 388.
Course Typically Offered: Fall
Credits: 3","KPE 202, KPE 386 and KPE 388.",Fall,3
KPE 302,**Athletic Training-Clinical Skills IV**,"Focus in on evaluation and treatment using assessment skills, therapeutic modalities and rehabilitation exercises for
head, cervical/thoracic spine and upper extremity injuries. The student will develop competency and proficiency in these
skills while working in an athletic training setting and will be under the direct supervision of a certified athletic trainer.
Core Curriculum/Core Requirements:
Prerequisites: KPE 301, KPE 385, and KPE 387
Course Typically Offered: Spring
Credits: 3","KPE 301, KPE 385, and KPE 387",Spring,3
KPE 304,**Assessment Technology and Data Management for Physical & Health**,"Education and Exercise Prescription
This course introduces physical and health education pre-service teachers and exercise science majors to technology,
data literacy, and statistics with a focus on the tools used in physical and health education and exercise prescription
settings. Students will become familiar with coding and formatting techniques in Microsoft Excel, statistical methods
including probability, measures of central tendency, t-tests, and Pearson correlation, and practical application of
technologies and concepts using real data. Students will be challenged to identify, justify, and apply technology,
assessment tools, and statistical methods in meaningful and innovative ways with the aim of enhancing outcomes in
health and human movement settings.
Core Curriculum/Core Requirements: Quantitative Literacy
Prerequisites: KPE Major or Permission
Course Typically Offered: Fall and Spring
Credits: 3",KPE Major or Permission,Fall and Spring,3
KPE 308,**Anatomy and Injuries of the Upper Extremity**,"Familiarize students with human musculoskeletal anatomy and common injuries to the upper extremity. They will also
learn basic strength and range of motion skills for assessing the upper extremity.
Core Curriculum/Core Requirements:
Prerequisites: KPE 250
Course Typically Offered: Spring
Credits: 3",KPE 250,Spring,3
KPE 344,**Principles of Coaching**,"Supplies an appreciation and background in the art of coaching. Deals with the complex problems facing those that
accept the challenge of handling our youth of today in a sport setting. The complete role of the effectiveness of the coach
will be surveyed. Field trips to study experienced coaches will be required.
Core Curriculum/Core Requirements:
Prerequisites: Sophomore standing.
Course Typically Offered: Fall
Credits: 3",Sophomore standing.,Fall,3
KPE 364,**Elementary School Physical Education**,"Specifically designed for the elementary physical educator for the purpose of studying the movement education
curriculum used in elementary schools. Emphasis will focus on effective teaching techniques, instructional planning and
on the progression of skills used in games, dance and gymnastics. A laboratory teaching experience will be implemented
at a local elementary school.
Core Curriculum/Core Requirements:
Prerequisites: KPE 262 and permission.
Course Typically Offered: Spring
Credits: 3",KPE 262 and permission.,Spring,3
KPE 367,**Adapted Physical Education**,"Helps teachers, coaches, and recreation personnel meet state and federal requirements for equal opportunities for
handicapped persons. Content includes etiology and characteristics for handicapping conditions; implications for
teaching; direct experience with handicapped persons. Students complete KPE 237 or pass program swim test in order
to take this course
Core Curriculum/Core Requirements:
Prerequisites: KPE 237 or pass program swim test
Course Typically Offered: Fall & Spring
Credits: 3",KPE 237 or pass program swim test,Fall & Spring,3
KPE 378,**Physiology of Exercise**,"Develops an understanding of the integration and regulation of physiological functions during physical activity. Through
investigation of factors affecting human performance, and the coordinated adjustment of body functions to the stress of
exercise, students will become more aware of the theoretical and practical applications of exercise science.
Core Curriculum/Core Requirements:
Prerequisites: BIO 208
Course Typically Offered: Fall, Spring, Summer
Credits: 3",BIO 208,"Fall, Spring, Summer",3
KPE 383,**Organization and Administration in Athletic Training**,"Designed to prepare the student with knowledge, skills and values necessary for the entry-level certified athletic trainer
who is interested in developing and/or administering an athletic training room or other health care facility. Topics such
as budgeting, leadership, planning a facility and professional development will be covered.
Core Curriculum/Core Requirements: Writing Intensive
Prerequisites: KPE 201.
Course Typically Offered: Spring
Credits: 3",KPE 201.,Spring,3
KPE 384,**Practicum in Kinesiology and Physical Education**,"Leadership experiences under staff supervision in the service program. Limited opportunities also exist in local public
schools.
Core Curriculum/Core Requirements:
Prerequisites: Instructor Permission
Course Typically Offered: Fall, Spring, Summer
Credits: 1-3",Instructor Permission,"Fall, Spring, Summer",1-3
KPE 386,**Evaluation of Lower Extremity Injuries and Conditions**,"Provides theories and techniques for the assessment and evaluation of athletic related injuries specific to the lower
extremity. Students are expected to have an understanding of musculoskeletal, neurological and vascular anatomy as
well as the biomechanics and injuries specific to the lower extremity. Determination of severity and referral protocols
will be presented in reference to management and treatment. Lec 3.
Core Curriculum/Core Requirements:
Prerequisites: KPE 307 or permission
Course Typically Offered: Spring
Credits: 3",KPE 307 or permission,Spring,3
KPE 387,**Therapeutic Exercise for Musculoskeletal Injuries**,"Addresses flexibility, strength, proprioception, coordination, cardiovascular, and ergonomic needs as they relate to a
patient with musculoskeletal problems. Patient assessment and the use of exercise equipment, program development,
and progressions will be discussed. The student will practice these skills in a lab setting.
Core Curriculum/Core Requirements:
Prerequisites: KPE 307 or permission.
Course Typically Offered: Fall
Credits: 4",KPE 307 or permission.,Fall,4
KPE 396,**Outdoor Leadership Field Experience**,"Students in this course will experience first-hand outdoor leadership opportunities in immersive, field-based settings led
by expert faculty. Course content will focus on practical outdoor leadership skills in diverse environments and settings,
including the back-country. Working with community partners, students will have the opportunity to practice their
outdoor leadership skills in the field in authentic programmatic settings. Overnight travel and outdoor activity
participation is required. The exact activities covered will depend on the season the course is offered. This course is
typically offered as a two-week intensive and there is a course fee. This course is for students in the Outdoor Leadership
Minor or concentration.
Core Curriculum/Core Requirements:
Prerequisites: Permission
Course Typically Offered: Spring
Credits: 3",Permission,Spring,3
KPE 401,**Athletic Training Seminar**,"The highest level athletic training course. Students will prepare for the National Athletic Trainers’ Association Board of
Certification athletic training certification exam. The student is required to complete 150 hours in a clinical setting under
the supervision of an Approved Clinical Instructor or Clinical Instructor. Will include completion of skills proficiencies
as required by the National Athletic Trainers’ Association Education Council as well as mentoring Levels 1 and 2 Athletic
Training Students. Students will discuss recent sports medicine research.
Core Curriculum/Core Requirements:
Prerequisites: Senior standing; ATR or KPE major or permission of Athletic Training Education Director.
Course Typically Offered: Fall
Credits: 3",Senior standing; ATR or KPE major or permission of Athletic Training Education Director.,Fall,3
KPE 425,**Health Promotion and Disease Prevention**,"Provides specific content in health promotion and disease prevention and explores current public health issues. Program
planning, needs assessment, intervention strategies and evaluation models will be presented with the constructs of
epidemiological principles as they relate to increasing employee health and wellness and decreasing the incidence and
prevalence of chronic disease.
Core Curriculum/Core Requirements: Writing Intensive
Prerequisites: KPE Major, Junior standing or Instructor permission.
Course Typically Offered: Fall & Spring
Credits: 3","KPE Major, Junior standing or Instructor permission.",Fall & Spring,3
KPE 426,**Exercise Prescription and Leadership**,"Provides specific knowledge, skills and competencies needed to appropriately develop, prescribe, instruct and manage
various kinds of exercise programs for diverse populations.
Core Curriculum/Core Requirements:
Prerequisites: KPE 378.
Course Typically Offered: Fall & Spring
Credits: 3",KPE 378.,Fall & Spring,3
KPE 427,**Health Fitness Internship**,"Supervised experience in fitness, health promotion and in conducting recreation programs in camp, community, social
agency or institution situations.
Core Curriculum/Core Requirements: Capstone Experience
Prerequisites: KPE 426 and a 2.75 Cumulative GPA
Course Typically Offered: Fall, Spring, Summer
Credits: 3-6",KPE 426 and a 2.75 Cumulative GPA,"Fall, Spring, Summer",3-6
KPE 483,**The Comprehensive School Health Program**,"Examines the components of a school health program. Includes policies, procedures and activities designed to promote
health of students and staff. Components that will be addressed include: health instruction, curriculum development,
school health services, environment and promotion. Designed for those seeking teacher certification in health.
Core Curriculum/Core Requirements:
Course Typically Offered: Spring
Credits: 3",None,Spring,3
KPE 484,**Methodology of Teaching Health Education**,"Focuses on the appropriate methodology necessary for teaching health education (K-12). Content, curriculum, and
evaluation models will be presented within a theoretical framework that emphasizes critical inquiry and practical
application. Designed for those seeking teacher certification in health.
Core Curriculum/Core Requirements:
Prerequisites: KPE 483
Course Typically Offered: Fall
Credits: 3",KPE 483,Fall,3
LST 101,**Introduction to Labor Studies**,"Introduction to the field of Labor Studies, an interdisciplinary area of study encompassing the labor movement and
labor organizations, work and the labor market, social class, employment law and relations, labor economics, diversity in
work and the labor movement, and the sociology of work.
Core Curriculum/Core Requirements: Social Contexts and Institutions
Course Typically Offered: Fall
Credits: 3",None,Fall,3
LST 201,**Work and Labor in a Global Economy**,"Provides a critical analysis of U.S. labor and the workplace from a labor studies perspective, which comprises an
academic area of study encompassing: work, employees, the labor movement and organizations, employment law and
relations, labor economics, and the sociology of work. Topics include: a historical overview of labor, social class and
work, the role of conflict, power, and inequality, including gender, race, and class, the evolution of employment law and
labor relations, organization and role of unions, workforce diversity and demographics, labor and contemporary issues
involving technology, corporations, politics, and the global economy.
Core Curriculum/Core Requirements: Social Contexts and Institutions
Prerequisites: ECO 120 or HTY 104 or POS 100 or SOC 101 or permission of instructor.
Course Typically Offered: Spring
Credits: 3",ECO 120 or HTY 104 or POS 100 or SOC 101 or permission of instructor.,Spring,3
LAT 101,**Elementary Latin I**,"Fundamentals of the Latin language.
Core Curriculum/Core Requirements:
Course Typically Offered: Fall
Credits: 3",None,Fall,3
LAT 102,**Elementary Latin II**,"Fundamentals of the Latin language.
Core Curriculum/Core Requirements:
Prerequisites: LAT 101 or equivalent.
Course Typically Offered: Spring
Credits: 3
Leadership Studies",LAT 101 or equivalent.,Spring,3
LDR 200,**Leadership Ethics**,"An interdisciplinary examination of moral and ethical theory as applied to leadership in a wide variety of contexts.
Extensive consideration given to ethical challenges faced by past, present, and future leaders in applied settings. Topics
may include: self-interest; ambition; duties of leaders and followers; virtue; relativism; utilitarianism; consequentialism;
“dirty-hands” problems; partiality; cross-cultural differences.
Core Curriculum/Core Requirements: Ethics and the Writing Intensive
Prerequisites: LDR 100 or permission
Course Typically Offered: Fall and Spring
Credits: 3",LDR 100 or permission,Fall and Spring,3
LDR 210,**Leadership and Sports**,"Examines the exercise of leadership in sports settings. Pays special attention to team dynamics, the role of culture and
organization in teams, strategic management practices in sports applications, and the ethical challenges of highly
competitive environments.
Core Curriculum/Core Requirements:
Prerequisites: LDR 100 or permission
Course Typically Offered: Fall
Credits: 3",LDR 100 or permission,Fall,3
LDR 300,**Advanced Leadership Theory and Practice**,"An advanced interdisciplinary examination of the study of leadership from theoretical, empirical, and applied
perspectives, with special emphasis on case studies from Maine’s unique legacy of exemplary public leaders. Significant
attention to the practical development of applied leadership skills through group exercises, case studies, self-reflection
assignments, and problem-based learning.
Prerequisites: LDR 100 or permission
Course Typically Offered: Fall and Spring
Credits: 3",LDR 100 or permission,Fall and Spring,3
LDR 330,**Crisis Leadership and Decision Making**,"Examines processes of decision-making during crisis moments. Pays special attention to individual psychology,
organizational culture, and cognitive biases. Explores decision-making during crisis moments through historical and
contemporary case studies.
Core Curriculum/Core Requirements:
Prerequisites: LDR 100 or permission of the instructor or at least three credits from the following courses: MSL 101,","LDR 100 or permission of the instructor or at least three credits from the following courses: MSL 101,",Unknown,N/A
LDR 340,**Inclusive Leadership**,"Examines the role of diversity, equity, inclusion, and justice in leadership development. Analyzes and evaluates best
practices for building and managing inclusive organizations. Pays special attention to individual and institutional
processes that can promote or inhibit inclusive leadership.
Prerequisites: LDR 100 or permission of the instructor
Course Typically Offered: Spring, Alternating years
Credits: 3",LDR 100 or permission of the instructor,"Spring, Alternating years",3
LDR 350,**Topics in Leadership Studies**,"Offers an in-depth examination of a selected topic in leadership studies.
Core Curriculum/Core Requirements:
Prerequisites: LDR 100 or permission
Course Typically Offered: Fall and Spring
Credits: 3",LDR 100 or permission,Fall and Spring,3
LDR 370,**Leadership through Advocacy and Lobbying**,"Provides an intensive exploration of public affairs leadership through the art and craft of public advocacy and lobbying.
Immersion in the strategies, tactic, methods, techniques, regulations, and ethics of those who advocate public policy
options to elected officials.
If this course was taken under as a topics course in LDR 350, it cannot be repeated for credit.
Core Curriculum/Core Requirements:
Prerequisites: LDR 100 or POS 100 or permission of the instructor and LDR 370 cannot be taken for credit after
passing LDR 350 with the topic: Leadership through Advocacy & Lobbying
Credits: 3",LDR 100 or POS 100 or permission of the instructor and LDR 370 cannot be taken for credit after,Unknown,3
LDR 390,**Contemporary Leadership and the Art of Political Strategy**,"Detailed case studies of contemporary and historical leaders through their involvement in major events. Special focus is
given to the ways in which diverse leaders confront risk, as well as determinants of leadership success and failure.
Application of leadership lessons to contemporary situations. f this course was taken under as a topics course in LDR
350, it cannot be repeated for credit.
Prerequisites: LDR 100 or POS 100 or permission of the instructor.
Course Typically Offered: Spring
Credits: 3",LDR 100 or POS 100 or permission of the instructor.,Spring,3
LDR 395,**Bipartisan Leadership: Lessons for William S. Cohen’s Career in**,"Public Service
Examination of the rise of political polarization and gridlock in contemporary American politics. Analyzes prospects for
bipartisan coalition building by investigating original archival documents related to William S. Cohen’s career in the
House, Senate, and as Secretary of Defense. Special attention is paid to Cohen’s efforts to cross party lines in pursuit of
common interests. If this course was taken under as a topics course in LDR 350, it cannot be repeated for credit.
Core Curriculum/Core Requirements: Writing Intensive
Prerequisites: LDR 100 or POS 100 or permission of the instructor
Course Typically Offered: Fall
Credits: 3",LDR 100 or POS 100 or permission of the instructor,Fall,3
LDR 499,**Leadership Engagement Practicum**,"Students participate in a fieldwork practicum or internship with a substantial leadership component, while examining
and reflecting upon their leadership skills and knowledge in an applied setting. Includes project assignments that
synthesize academic and applied experiences.
Core Curriculum/Core Requirements:
Prerequisites: LDR 300 or Permission of the instructor
Course Typically Offered: Fall and Spring
Credits: 3
Liberal Arts and Sciences",LDR 300 or Permission of the instructor,Fall and Spring,3
LAS 102,**Reclaiming Academic Success**,"Orientation to campus resources, including people, and to the academic community, with special emphasis on the values
and habits that characterize appreciation for higher education (such as curiosity, openness to new ideas, respect for
people who hold different points of view, an appreciation for careful methods of discovery and proof, and a willingness to
share ideas for the benefit of the community). This course will stress access to resources, self-evaluation, and personal
assessments to develop learning strategies for success in college and life. Students will identify and understand tools
that will facilitate a successful college experience.
Core Curriculum/Core Requirements:
Prerequisites: Permission
Credits: 1",Permission,Unknown,1
LAS 195,**LAS Internship**,"Supervised internship experience for College of Liberal Arts and Sciences (CLAS) majors. Prior approval of the
internship is required and will be based on a detailed written plan and documentation approved by the student’s Faculty
Advisor. Open to students in all CLAS majors. Work must be related to the student’s educational and career goals. Credit
will not be awarded for work completed prior to registration for this course. Applications can be obtained in the CLAS
Dean’s office (Pass/Fail Grade Only).
Core Curriculum/Core Requirements:
Prerequisites: Approval by CLAS Faculty Advisor.
Course Typically Offered: Fall, Spring, Summer
Credits: 1-3",Approval by CLAS Faculty Advisor.,"Fall, Spring, Summer",1-3
LBR 101,**Introduction to Information Literacy for STEM Fields**,"This course provides students a foundation in navigating information resources used in an academic environment.
Emphasis on developing research and critical thinking skills in STEM fields. Students enrolled in LBR 101 cannot receive
credit for LBR 102.
Core Curriculum/Core Requirements:
Course Typically Offered: Fall
Credits: 1",None,Fall,1
LBR 102,**Introduction to Information Literacy**,"This course provides students a foundation in navigating information resources used in an academic environment.
Emphasis on developing research and critical thinking skills. Students enrolled in LBR 102 cannot receive credit for",None,Unknown,N/A
MES 101,**Introduction to Maine Studies**,"An interdisciplinary approach to the study of Maine through sources in history, literature, political science, Native
American studies, Franco American studies, and other fields. The unifying theme is the significance of locality in
understanding the interaction between the landscape and the people. How does the Maine landscape shape people’s
choices? How do the people use the state’s landscape and resources? How do social, demographic, cultural, and
environmental factors shape this relationship throughout history? The activities examined include farming, fishing,
lobstering, and lumbering. How have commercial interests intersected with environmental concerns? The cultures
considered include Native American, early Anglo settlers, later Irish and Franco immigrants, and more recent
immigration and refugee communities.
Core Curriculum/Core Requirements: Population and the Environment and Writing Intensive
Course Typically Offered: Fall, Spring, Summer
Credits: 3",None,"Fall, Spring, Summer",3
MES 102,**My Maine Experience**,"An interdisciplinary approach to the study of Maine which combines lecture and experiential learning to allow students
to explore the variegated landscapes and cultures of Maine and to better understand the interactions between the people
of Maine and the environment of Maine.
Core Curriculum/Core Requirements:
Course Typically Offered: Fall and Spring
Credits: 1",None,Fall and Spring,1
MES 298,**Topics in Maine Studies**,"This introductory level course looks at special topics related to the study of Maine from one or more disciplinary
perspectives. Specific topics vary by summer, and courses are often combined with other departments. Class topics,
descriptions, and other specific information can be found on the course search page. Students may repeat this course
twice if the specific topic is different each time.
Core Curriculum/Core Requirements:
Course Typically Offered: Fall, Spring, and Summer
Credits: 3",None,"Fall, Spring, and Summer",3
MES 301,"**Rachel Carson, Maine, and the Environment**","In this course, students will take a chronological approach to the study of Rachel Carson’s life and work, reading her
books in the order in which they were written, with attention to the role of “place,” specifically the Maine coast, in
fostering her achievement as a nature writer and in shaping her vision as an environmentalist. Some of the questions
the course will pose and attempt to answer are: what role did the Maine coast play in enabling Carson to understand the
importance of the conservation of “wild” spaces? In what ways did Carson’s experience of the Maine coast contribute to
her knowledge and understanding of the sea - a central theme in her work - in all its physical and metaphorical
dimensions? And how did Carson’s establishment of a permanent home on the coast of Maine facilitate her
development as a science and nature writer?
Core Curriculum/Core Requirements: Population and the Environment and Writing Intensive
Course Typically Offered: Variable
Credits: 3",None,Variable,3
MES 498,**Advanced Topics in Maine Studies**,"An advanced, interdisciplinary study of Maine Studies topics. May be taken more than once for degree credit if the topic
differs. (This course is identical to MES 520.)
Core Curriculum/Core Requirements:
Prerequisites: Junior or Senior standing or permission.
Course Typically Offered: Fall, Spring, Summer
Credits: 1-3
Management",Junior or Senior standing or permission.,"Fall, Spring, Summer",1-3
MGT 101,**Introduction to Business**,"This course is designed to introduce students to the contemporary business world. It includes the basic understanding
of a business plan and the dynamics of core business areas. By the end of the course, students will have a clearer
understanding of the different career trajectories within the world of business, their role within the global market
system, and the social, economic, political, and environmental responsibility that comes with the profession of business.
Core Curriculum/Core Requirements:
Prerequisites: 1st year or Sophomores or permission
Course Typically Offered: Fall and Spring
Credits: 3",1st year or Sophomores or permission,Fall and Spring,3
MGT 212,**Business Communications**,"A course designed to develop effective communication skills in the areas of writing, speaking, and listening. Emphasis is
placed on appropriate formats for business communications including grammatical style, clarity, and conciseness of
messages. A second focus in communication is on social media and its applicable marketing and online engagement
strategies.
Prerequisites: ENG 101 or permission of instructor
Course Typically Offered: Spring
Credits: 3",ENG 101 or permission of instructor,Spring,3
MGT 219,**Legal Issues in Small Business**,"Legal Issues in Small Business is a comprehensive course that provides students with an understanding of the legal
aspects of starting, operating, and managing a small business. The course covers topics such as business structures,
contracts, intellectual property, and liability. Students will learn about small business owners’ legal requirements and
responsibilities and how to identify and manage legal risks that can affect business operations.
Prerequisites: ENG 101 and MGT 111
Course Typically Offered: Fall and Spring
Credits: 3",ENG 101 and MGT 111,Fall and Spring,3
MGT 290,**Introduction to Topics in Management**,"Introduces student to aspects of the Management discipline. Special topics may include areas relevant to any aspect of
management at an introductory level. This course may be repeated for credits.
Prerequisites: Business Major or Minor
Course Typically Offered: Not Regularly Offered
Credits: 1-3",Business Major or Minor,Not Regularly Offered,1-3
MGT 313,**Managerial Decision Making**,"This course provides an examination of the issues of decision making including personal style, the external environment
and internal political, cultural and ethical forces that affect the decision-making process in organizations. It goes beyond
the understanding level of the introductory management courses to the level of application. Students develop both
strategic and tactical problem-solving skills using cases and decision-making formulae. Prerequisite: Junior level or
permission of instructor.
Prerequisites: Junior standing or permission of instructor
Course Typically Offered: Summer
Credits: 3",Junior standing or permission of instructor,Summer,3
MGT 321,**Small Business Operations**,"This course offers a comprehensive understanding of small business operations and how to manage them effectively on a
daily basis. Topics covered include production, inventory management, quality control, customer service, logistics,
financial management, human resource management, and more. Through practical exercises and case studies, students
will gain hands-on experience in maximizing efficiency and profitability while navigating the challenges of a competitive
business environment. By the end of the course, students will be equipped with the skills and knowledge needed to
manage small business operations effectively and contribute to their long-term success.
Prerequisites: STS 132 and MGT 111
Course Typically Offered: Fall
Credits: 3",STS 132 and MGT 111,Fall,3
MGT 325,**Principles of Management and Organization**,"An introduction to the systems of management in business enterprises for both domestic and international
organizations. The focus is on concepts, methods, and techniques of planning, organizing, directing, leading, and
controlling the functions of the modern manager, and the impact of these processes upon effective interpersonal
relations. The course incorporates the environmental, social and governance (ESG) framework to introduce the
principles of global intercultural competencies.
Core Curriculum/Core Requirements:
Prerequisites: A grade of C- or better in ECO 120 and in PSY 100 and Sophomore Standing.
Course Typically Offered: Fall & Spring
Credits: 3",A grade of C- or better in ECO 120 and in PSY 100 and Sophomore Standing.,Fall & Spring,3
MGT 327,**Business and Society**,"Role of business in our society and the interactions it has with various segments of the society. Specific areas examined
include the legal environment; social responsibility of business, political, and social forces; and ethical dilemmas that
can occur.
Core Curriculum/Core Requirements:
Prerequisites: A grade of C- or better in MGT 325.
Course Typically Offered: Spring & Fall
Credits: 3",A grade of C- or better in MGT 325.,Spring & Fall,3
MGT 328,**Canadian/U.S. Business: A Comparison**,"A comparative review of the recent history of Canadian-U.S. business relations with primary emphasis on cross-border
trade issues and the impact of that bilateral trade on Maine’s business environment. Focus on energy, lumber, paper,
agricultural products, industrial production, freight/transportation, and foreign investments.
Core Curriculum/Core Requirements: Cultural Diversity and International Perspectives
Prerequisites: Junior standing.
Course Typically Offered: Fall
Credits: 3",Junior standing.,Fall,3
MGT 331,**Labor-Management Relations**,"An interdisciplinary survey of the labor-management systems of the private and public sectors. Considers the nature and
characteristics of labor-management relations from structural, historical, international, legal, psychological, and
economic perspectives.
Core Curriculum/Core Requirements: Social Contexts and Institutions
Prerequisites: Junior standing.
Course Typically Offered: Variable
Credits: 3",Junior standing.,Variable,3
MGT 335,"**Advanced Dispute Resolution: Negotiation, Mediation and**","Arbitration
This course will introduce students to a range of dispute resolution options that businesses use as alternatives to
litigation. Options that the course will explore are negotiation, mediation, arbitration, and collaborative law. Students
will have the chance to practice dispute resolution skills, and to use these skills in various role play
exercises/simulations. The class will focus on both the perspective of the business in disputes and of the neutral working
with parties who are trying to resolve a dispute. The course will also address the role of emotions, gender, race, and
culture in dispute resolution, as well as ethical issues. Cannot be repeated for credit if taken as a topics course in BUA
490.
Core Curriculum/Core Requirements:
Prerequisites: Sophomore standing
Course Typically Offered: Variable
Credits: 3",Sophomore standing,Variable,3
MGT 342,**Small Business Management**,"Study of how to manage growth oriented small businesses. Drawing on best practices from the literature and case
studies, all aspects of running a small business will be considered. These include, but not limited to, marketing,
financing, operations, human resources, and managing cash-flows.
Core Curriculum/Core Requirements:
Prerequisites: Junior or Senior Standing
Course Typically Offered: Spring
Credits: 3",Junior or Senior Standing,Spring,3
MGT 343,**Introduction to International Business**,"Examines international business in the current era of globalization. The course emphasizes the role of cultural
differences, government, laws, regulations, ethics and corporate social responsibility for the decision-making process of
international business. It introduces students to the international political economy, entry into foreign markets,
international business strategy, and the connections that exist between local and global issues.
Core Curriculum/Core Requirements:
Prerequisites: Business, Economics or Financial Economics Major or Business Administration or Management Minor
and Junior Standing and a grade of C- or better in ECO 120 and in ECO 121
Course Typically Offered: Fall & Spring
Credits: 3","Business, Economics or Financial Economics Major or Business Administration or Management Minor",Fall & Spring,3
MGT 396,**Field Experience/Internship in Management**,"Students may earn from one to six credit hours for a pre-planned, supervised field experience in business relevant to the
student’s educational development and career goals. Credit will not be awarded for work experience acquired prior to
registration for this course.
(Pass/Fail Grade Only.)
Core Curriculum/Core Requirements:
Prerequisites: Sophomore Standing
Course Typically Offered: Fall, Spring, Summer
Credits: 1-6",Sophomore Standing,"Fall, Spring, Summer",1-6
MGT 406,**Sustainable Small Business Strategies**,"This capstone course for the Small Business Management degree program allows students to apply the principles of
sustainable business practices and community building to a real-world business scenario. Students will develop a
comprehensive understanding of sustainable development and its importance for businesses and society and explore the
environmental, social, and economic impacts of business activities. The course will cover sustainable development,
corporate social responsibility, environmental management, green marketing, sustainable finance, and sustainability
reporting.
Core Curriculum/Core Requirements: Writing Intensive and Capstone
Prerequisites: MGT 342 and Senior standing; or permission of instructor
Course Typically Offered: Spring
Credits: 3",MGT 342 and Senior standing; or permission of instructor,Spring,3
MGT 460,**Leadership**,"Students will examine various perspectives of leadership theory and practice in business settings. Topics include
leadership and teambuilding, culture, communication, decision making, crisis, self-awareness, ethics, creating a vision,
and styles of leadership.
Core Curriculum/Core Requirements:
Prerequisites: Senior Status, at least a C in MGT 325
Course Typically Offered: Variable
Credits: 3","Senior Status, at least a C in MGT 325",Variable,3
MGT 490,**Special Topics in Business Administration**,"Study of various aspects of functional areas of accounting, finance, management, marketing, decision sciences,
international business and other business-related topics. Topics vary depending on faculty and student interests. May be
repeated for credit if the topics differ.
Core Curriculum/Core Requirements:
Prerequisites: Junior standing and permission.
Course Typically Offered: Variable
Credits: 1-3",Junior standing and permission.,Variable,1-3
SMS 100,**Introduction to Ocean Science**,"A non-laboratory survey of the broad field of marine science, stresses the interconnections among aspects of
oceanography, marine biology and ecology, living marine resources and human interactions with the marine
environment. Practical applications of basic scientific principles are stressed.
Core Curriculum/Core Requirements: Applications of Scientific Knowledge and Population and the Environment
Course Typically Offered: Fall
Credits: 3",None,Fall,3
SMS 103,**Oceanography**,"This interdisciplinary course is an introduction to a variety of physical, chemical, geological and biological aspects of
marine and oceanic environments. In particular, we will examine how physical processes shape biological patterns and
interactions in the oceans. Students will become familiar with local benthic and pelagic marine communities, their
ecology and their animals and plants. Topics will include ocean circulation, larval biology, plate tectonics, formation of
ocean basins, ocean structure and chemistry, waves, tides, biology of marine life, food webs, productivity, ecology of
marine communities and human effects on the oceans. Through the process of scientific inquiry, students will learn to
recognize patterns, formulate and test hypotheses and collect data in the field and laboratory using a variety of hands-on
oceanographic techniques.
Core Curriculum/Core Requirements: Scientific Inquiry
Course Typically Offered: Fall
Credits: 4",None,Fall,4
SMS 108,**Beaches and Coasts**,"An introduction to coastal landforms, including beaches, salt marshes, tidal flats and sea cliffs, their origins, global
distribution, and associated nearshore processes. Human impacts to the coastal zone, including coastal erosion, land
loss and management, and human responses to sea-level change are considered. Course may have field trips during class
times. Lec 3. (This course is identical to ERS 108.)
Core Curriculum/Core Requirements: Applications of Scientific Knowledge and Population and the Environment
Course Typically Offered: Spring
Credits: 3",None,Spring,3
SMS 111,**Concepts in Oceanography Laboratory**,"This course will support SMS 110: Concepts in Oceanography through laboratories on physical, chemical, and biological
oceanography topics. Labs will include studies of marine organism from the Gulf of Maine, computer-based labs using
online data, and use of laboratory equipment to measure various parameters. May not be used for credit in the Marine
Science major. (Offered at the Fredrick Hutchinson Center, Belfast through the Continuing Education Division.) Course
will include field trips during class hours and on weekends.
Core Curriculum/Core Requirements: Lab in the Basic or Applied Sciences requirement when taken with SMS
110.
Course Typically Offered: Summer
Credits: 1",None,Summer,1
SMS 116,**Special Projects in Field Marine Biology**,"An introductory course to familiarize students with local marine environments and the organisms that occupy those
environments. Projects include collection of biological data from soft-bottom, salt marsh and rocky shore that are
followed by basic analysis in the computer lab. Students learn about sampling, experimental design and hypothesis
testing, read scientific papers and write at least one paper related to results from a sampling study or experiment.
Course Typically Offered: Varible
Credits: 3",None,Varible,3
SMS 150,**Cruise a River - Get Data**,"This course is designed to introduce students to the basics of data collection and analysis. Students will be working
directly with marine science data collected at the Darling Marine Center during Boot Camp and supplemented with
additional data during the fall semester. Students will also be exposed to the basic oceanography, biology, and ecology of
the Damariscotta estuary and how to use that information to ask questions based on the collected data
Prerequisites: First Year Marine Science majors
Course Typically Offered: Fall
Credits: 1",First Year Marine Science majors,Fall,1
SMS 203,**Introduction to Integrative Marine Science**,"Focusing on key topics in Marine Science research, students explore the nature of inquiry, elements of experimental
design, data presentation, elementary statistics, and interpretation of scientific papers. Hands on activities introduce
basic concepts in the biology of marine organisms, observational skills, data literacy and experimentation.
Core Curriculum/Core Requirements:
Prerequisites: Marine Science Majors only; Grade of C- or higher in SMS 100 and BIO 100 or permission.
Corequisites: SMS 201, may be waived with permission.
Course Typically Offered: Spring
Credits: 1",Marine Science Majors only; Grade of C- or higher in SMS 100 and BIO 100 or permission.,Spring,1
SMS 204,**Integrative Marine Science II: Physics and Chemistry of Marine**,"Systems
Integrates basic principles of physics and chemistry with an understanding of the marine environment and how marine
organisms function in their environment. The lectures, with integrated laboratory exercises and computer simulations in
physics and chemistry, are designed to stimulate critical thinking and provide students with specific skills relevant to
studying marine habitats. The first half of the semester will focus on physics; topics include swimming strategies and
physics of fluids; waves, and propagation of sound and light in the ocean. The second half of the semester will focus on
water quality in coastal marine ecosystems; topics include the role of water quality in marine ecosystems and
measurement of marine water quality. Data collection, analysis, and presentation skills are emphasized.
Core Curriculum/Core Requirements:
Prerequisites: MAT 122 or MAT 116 and SMS 203 and PHY 111 (or PHY 121) and CHY 121/123, all with a grade of C-
or better, or permission.
Course Typically Offered: Spring
Credits: 3","MAT 122 or MAT 116 and SMS 203 and PHY 111 (or PHY 121) and CHY 121/123, all with a grade of C-",Spring,3
SMS 211,**Introduction to Aquaculture**,"Principles and practices of aquaculture from international, national and local perspectives. Includes field trip. (Students
may not take both SMS 211 and AVS 211 for credit).
Core Curriculum/Core Requirements: Applications of Scientific Knowledge
Prerequisites: BIO 100
Course Typically Offered: Fall
Credits: 3",BIO 100,Fall,3
SMS 212,**Introduction to Aquaculture**,"This course is intended for students who are pursuing an Aquaculture certificate (Early College) or a concentration in
Aquaculture (Associate of Arts). It provides an introduction to basic concepts in both freshwater- and marine-based
aquaculture, as well as hands-on opportunities for learning about physical and biological systems used to culture
selected shellfish, finfish, algae, and crustacean species. Students will observe aquaculture in practice through field trips
to local hatcheries, nursery and growout sites.
Course Typically Offered: Fall
Credits: 3",None,Fall,3
SMS 230,**Introduction to Marine Policy and Fisheries Management**,"This course focuses on the human dimensions of ocean conservation and management, with emphasis on marine
fisheries management in the United States. Students will be introduced to a variety of tools and policy approaches for
managing complex marine ecosystems. Discussion and readings will highlight current and historical challenges facing
oceans management, as well as the role of scientists and other stakeholders in marine conservation. Potential issues
addressed include ecosystem-based management, fishing communities, collective action dilemmas, bycatch and gear
technology, marine protected areas and habitat, marine mammal and protected species conservation, aquaculture policy,
and global climate change.
Core Curriculum/Core Requirements: Population and Environment
Course Typically Offered: Fall
Credits: 3",None,Fall,3
SMS 295,**Aquaculture Internship**,"This course provides students with hands-on experience at a work site such as a fish or shellfish hatchery, nursery field
site, and/or growout site where cultured finfish, shellfish, sea vegetables, or crustaceans are reared commercially or for
research purposes. Academic credit for an approved work experience is determined by the faculty sponsor. Prior to
undertaking the internship, students must provide the faculty sponsor with a written statement regarding the: 1) work to
be performed; 2) proposed learning objectives; and 3) number of hours per week. This formal approval process precedes
registration. Students must complete 40 hours of supervised work for each credit earned, and must demonstrate
satisfactory performance as judged by the work site supervisor. Students will produce a written report to be submitted
to the faculty supervisor that covers both broad and specific topics associated with the internship as well as how the
learning objectives were met.
Prerequisites: ENG 101, BIO 117, BIO 136
Course Typically Offered: Spring
Credits: 1-4","ENG 101, BIO 117, BIO 136",Spring,1-4
SMS 302,**Oceanography**,"An overview of geological, chemical, physical and biological oceanography and the way they interact. Topics include
plate tectonics and evolution of ocean basins, physical and chemical characteristics of sea water, atmosphere-ocean
coupling, two- and three-dimensional ocean circulation, waves and tides, sedimentation, planktonic organisms,
productivity, pelagic ecosystems, biological-physical coupling, and biogeochemical cycles. Lec 3.
Core Curriculum/Core Requirements:
Prerequisites: CHY 122 and MAT 126 and PHY 112 or PHY 122 and SMS 100 all with a grade of C- or better, or
permission.
Course Typically Offered: Fall
Credits: 3","CHY 122 and MAT 126 and PHY 112 or PHY 122 and SMS 100 all with a grade of C- or better, or",Fall,3
SMS 304,"**Integrative Marine Science IV: Comparative Physiology, Cellular**","and Molecular Biology
Illustrates the application of techniques and concepts in physiology, cellular and molecular biological techniques to the
study of marine systems. Hands-on activities will explore the nature of scientific inquiry, reading and interpretation of
the primary literature, elements of experimental design, and statistical analysis and presentation of student-generated
data.
Core Curriculum/Core Requirements:
Prerequisites: SMS 203
Course Typically Offered: Spring
Credits: 3",SMS 203,Spring,3
SMS 306,**Marine Field Ecology**,"An advanced course in ecology comparing the population and community dynamics of a variety of intertidal and subtidal
hard-and soft-bottom, planktonic, and coral reef communities. Topics include spatial relationships, competition, prey-
predator relationships, symbiosis, behavioral patterns, seasonal cycles, succession, larval strategies, and productivity.
Through field and laboratory work students learn to design and conduct experiments, analyze data, and write research
papers. Lecture 2 hours, laboratory 4 hours.
Prerequisites: BIO 215, BIO 245, BIO 315, BIO 328, and SMS 206 or permission of the instructor
Course Typically Offered: Every Fall
Credits: 4","BIO 215, BIO 245, BIO 315, BIO 328, and SMS 206 or permission of the instructor",Every Fall,4
SMS 308,**Conservation and Ecology of Marine Mammals**,"Examination of variations in ecological strategies in marine mammals and investigation of marine mammal conservation
and health issues. Lec 3.
Core Curriculum/Core Requirements:
Prerequisites: BIO 200 or SMS 201
Course Typically Offered: Fall
Credits: 3",BIO 200 or SMS 201,Fall,3
SMS 310,**Shellfish Mariculture**,"This course is designed for those interested in the culture of marine shellfish, including clams, oysters, quahogs, mussels,
and lobsters. The course takes advantage of the Shellfish Production Center at the university’s Marine Science Field
Station at the Downeast Institute in the town of Beals (25 miles west of the Machias campus). Hands-on activities
include rearing microalgae, conditioning broodstock, rearing planktonic larvae and early juveniles, and growing
juveniles in both field-based nursery and growout settings. Students will benefit from guest lectures from experts in the
field, as well as field trips to shellfish aquaculture businesses in the area.
Course Typically Offered: Every Spring
Credits: 4",None,Every Spring,4
SMS 321,**Introduction to Fisheries Science**,"Introduction to the assessment, management, conservation and exploitation of fisheries resources of commercial and
recreational importance. Lec 3.
Core Curriculum/Core Requirements:
Prerequisites: BIO 100 or SMS 100 or permission.
Course Typically Offered: Spring
Credits: 3",BIO 100 or SMS 100 or permission.,Spring,3
SMS 324,**Introduction to Research Diving**,"This course provides an introduction to research diving and satisfies the 100 hours of required training for scientific
divers as prescribed by the American Academy of Underwater Sciences (AAUS). This training is required to participate
in scientific diving activities at many universities, including UMaine, and at all AAUS member organizations throughout
the United States. Students will be instructed in advanced diving skills, dive rescue, oxygen administration, and
research diving techniques. Practical field diving activities will be a large focus of the course. Following successful
completion of course objectives, students will be eligible to participate in diving research projects as a scientific diver-in-
training or scientific diver. Students may also be eligible to apply for applicable recreational diving certifications.
Participation is not a guarantee for certification. The course is taught by the UMaine Diving Safety Officer (DSO),
selected UMaine faculty, and guest lecturers experienced in using scuba diving as a research tool. Field trips during class
time are required. Transportation to Orono to pool sessions will be provided.
Core Curriculum/Core Requirements:
Prerequisites: Permission; BIO 100 and SMS 100, and Sophomore or Graduate Student standing.
Course Typically Offered: Fall and Summer
Credits: 3","Permission; BIO 100 and SMS 100, and Sophomore or Graduate Student standing.",Fall and Summer,3
SMS 350,**Undergraduate Seminar**,"Literature review of topics selected from the current marine literature leading to the preparation and presentation of
written and oral papers. Emphasis on synthesizing information from other courses offered as part of the marine science
degree to provide an overall appreciation of the field of marine sciences. Course may have field trips during class times.
Core Curriculum/Core Requirements:
Prerequisites: Junior or senior standing.
Course Typically Offered: Fall
Credits: 1-3",Junior or senior standing.,Fall,1-3
SMS 354,**The Arctic Ocean: A Question-based Approach to Learning Marine**,"Sciences
The purpose of the course is to challenge students to apply their knowledge of the marine science to answer questions
about the ocean. The course is organized around the Arctic Ocean (AO). Students will work together to examine diverse
issues concerning the rapid changes that occur in this environment at multiple spatial, temporal and organizational
scales, and the global implications of these changes. Students will be encouraged to apply information from their
introductory coursework and readings from the primary literature. These questions are designed to connect the theme to
basic concepts from oceanography, marine biology, the Earth climate system and human-ocean interactions.
Core Curriculum/Core Requirements:
Prerequisites: SMS 100, CHY 121 and CHY 123 and Junior Standing
Course Typically Offered: Fall
Credits: 3","SMS 100, CHY 121 and CHY 123 and Junior Standing",Fall,3
SMS 375,**Introduction to Marine Science Data Analysis and Computer**,"Programming
An introduction to the exploration, management, analysis, and graphical visualization of large data sets used in marine
sciences and the computer programming tools that make this possible. Focuses on the widely used programming
language and data analysis package MATLAB. A hands-on skills-oriented course with no exams: uses explanatory
lectures, on-line and in-class tutorials/exercises and a student-driven term project.
Core Curriculum/Core Requirements:
Prerequisites: STS 232 and SMS 204 or permission.
Course Typically Offered: Fall
Credits: 3",STS 232 and SMS 204 or permission.,Fall,3
SMS 399,**Special Topics in Mariculture**,"This course allows students to experience a wide range of topics in marine aquaculture through numerous approaches
including classroom seminars where topics may range from the history of mariculture in the U.S. to the biology and
culture of salmonids, bivalves, or crustaceans. Additional options for students include hands-on activities involving
culturing organisms in UMM’s aquaculture research laboratory or attending outside seminars or conferences that
involve the culture of marine organisms. May be repeated for credit as topics vary. May be offered pass/fail at
instructor’s option.
Prerequisites: Permission of marine biologists.
Course Typically Offered: Variable
Credits: 2 - 4",Permission of marine biologists.,Variable,2
SMS 400,**Capstone Research Experience in Marine Science**,"Capstone research project or research paper for students obtaining the Bachelor of Science in Marine Science. Marine
Science majors must complete at least three credits of SMS 400 and one credit of SMS 404 to satisfy the Capstone
requirement for graduation. Students are advised to complete SMS 400 during the senior year.
Core Curriculum/Core Requirements: Together with SMS 404’ , ‘this course satisfies both the General Education
Writing Intensive requirement and the General Education Capstone Experience requirement. A minimum of 3 credits of",None,Unknown,N/A
SMS 401,**Critical Issues in Aquaculture**,"Current and historically important issues facing the development of the aquaculture industry. Issues related to
aquaculture will be researched by students who will present the issues in a series of debates. Course may have field trips
during class times. This course may be repeated for up to six credits total. Lec 1.
Core Curriculum/Core Requirements:
Prerequisites: SMS 211, SMS 409 and SMS 420.
Course Typically Offered: Fall and Spring
Credits: 1","SMS 211, SMS 409 and SMS 420.",Fall and Spring,1
SMS 404,**Capstone Seminar in Marine Science**,"Seminar required of all SMS students, preferably in the semester when SMS 400 is first elected. Students will discuss
selected special topics in marine sciences with emphasis on principles of scientific communication (e.g., process,
traditional and electronic styles of publication, ethics). Students will develop and present synopses of their SMS 400
projects in the seminar using IT tools (e.g. PowerPoint for oral presentations and preparation of poster displays.
Core Curriculum/Core Requirements: Together with SMS 400, this course satisfies both the Writing Intensive and
Capstone Experience. A minimum of 3 credits of SMS 400 & 1 credit of SMS 404 are needed to fulfill either
requirement.
Prerequisites: 12 credit hours of SMS courses and a minimum of 60 credit hours in all university courses (junior
standing); students are advised to complete SMS 400 and SMS 404 during their senior year.
Course Typically Offered: Fall & Spring
Credits: 1",12 credit hours of SMS courses and a minimum of 60 credit hours in all university courses (junior,Fall & Spring,1
SMS 422,**Biology of Fishes**,"A comprehensive course in evolution, morphology, physiology, life histories and ecology of fishes. Emphasis will be
integrating knowledge of functional and physiological design to understand how fish function and how they have
adapted to diverse environments. Course will include field trips during class hours and on weekends.
Core Curriculum/Core Requirements:
Prerequisites: BIO 200 or SMS 201.
Course Typically Offered: Fall
Credits: 3",BIO 200 or SMS 201.,Fall,3
SMS 423,**The Biology of Sharks**,"In this course students will develop a sound understanding of shark and elasmobranch biology. The course will take an
evolutionary and comparative physiological approach to the many orders of elasmobranchs. The course will explore five
major areas of shark biology and the current challenges to sharks in the modern world; shark evolution, shark ecology,
shark physiology, shark behavior and shark fisheries. We will also look at the current pressures humans exert on sharks,
particularly those caused by overfishing, and the issues surrounding captive sharks in public aquaria. By the end of the
course, the students should have a sound understanding of how sharks are adapted to their environments and why they
have remained one of the most successful groups of vertebrates over the last 420 million years. If this course was
taken as a topics course in SMS 491, it cannot be repeated for credit.
Core Curriculum/Core Requirements:
Prerequisites: SMS 322 or SMS 422
Course Typically Offered: Spring
Credits: 3",SMS 322 or SMS 422,Spring,3
SMS 430,**Microbes in the Marine Environment**,"This course examines the molecular building blocks of cells, structure and function of cells (Bacteria, Archaea, and
eukaryotes) and cellular metabolism in the context of the marine environment, with a primary focus on microbes.
Viruses and their role in evolution of microbes and nutrient cycling in the ocean are discussed. Basic molecular
information is integrated into understanding evolutionary processes and mechanism of microbial interaction with higher
organisms, symbiotic and pathogenic in the marine environment. Microbes in extreme environments are explored to
demonstrate how molecular and cellular adaptations play out in different marine environments. Biochemical and
microbial processes that are critical to the maintenance and function of the biosphere are examined, with examples from
marine environments. Overall, students in this course will learn how to ingrate across different spatial scales, from
molecules to ecosystems, and approaches, from cellular biology to evolution. If this course was taken as a topics course
in SMS 491, it cannot be repeated for credit.
Core Curriculum/Core Requirements:
Prerequisites: Junior Standing and BIO 100 and CHY 121
Course Typically Offered: Spring
Credits: 3",Junior Standing and BIO 100 and CHY 121,Spring,3
SMS 450,**Field Experience in Marine Sciences**,"An approved field, research or work experience that contributes to the academic major and for which academic credit is
given. The program of study is agreed upon by the student and the faculty advisor and may include independent research
or work experience in the public or private sector. May also be taken as a field or laboratory supplement to an SMS
lecture course and as such is required for certain courses offered as part of the Semester-by-the-Sea program. A written
report or reports are required. Course will include field trips during class hours.
(Pass/Fail Grade Only.)
Core Curriculum/Core Requirements:
Course Typically Offered: Fall, Spring, Summer
Credits: 1 - 16",None,"Fall, Spring, Summer",1
SMS 460,**Seminar in Marine Ecology**,"A seminar course whose primary objective is to explore marine ecological concepts, themes, and paradigms of student
interest. Students are assigned readings from primary literature and learn how to interpret those readings critically with
respect to methodological design, results, and ultimate theses.
Core Curriculum/Core Requirements: Satisfies Capstone and Writing Intensive when taken with SMS 461
Prerequisites: SMS 360, or permission of instructor.
Course Typically Offered: Spring - Alternate Years
Credits: 3","SMS 360, or permission of instructor.",Spring - Alternate Years,3
SMS 461,**Senior Seminar in Marine Biology**,"A course that will offer senior-level marine biology students interesting and challenging material of a topical nature.
Readings will draw from both primary and secondary sources. Content is discussed in group settings. Students will
investigate areas of particular interest to them through written and oral presentations.
Core Curriculum/Core Requirements: Capstone and Writing Intensive when taken with SMS 461
Prerequisites: Completion of all other requirements within Marine Biology or permission of instructor.
Course Typically Offered: Spring - Alternate Years
Credits: 3",Completion of all other requirements within Marine Biology or permission of instructor.,Spring - Alternate Years,3
SMS 480,**Semester-by-the-Sea: Biology of Marine Invertebrates**,"Emphasis will be on body plan and design of marine invertebrates, including investigating how body design facilitates
living in selected marine habitats. After a quick review of the marine phyla, lectures will discuss functional organization
of invertebrates’ bodies, including embryology and development. Emphasis in the lab sessions is on identification of
coastal Maine invertebrates. Lectures, labs and field trips are integrated into a single class experience that is taught one
entire day per week at the Darling Marine Center. NOTE: Because of overlap, BIO 353 and SMS 480 cannot both be
taken for degree credit. Course may have field trips during class times.
Core Curriculum/Core Requirements:
Prerequisites: SMS 100 and SMS 201 or BIO 200.
Course Typically Offered: Fall
Credits: 4",SMS 100 and SMS 201 or BIO 200.,Fall,4
SMS 487,**Semester-by-the-Sea: Marine Environmental Change**,"Examination of natural and human-accelerated change in the ocean environment through field measurements with
standard oceanographic techniques and laboratory experiments. Topics include influences of weather, tides, and
seasonal cycles; and the observed and predicted effects of warming, oxygen loss, sea level rise, acidification, and human
interventions in ocean systems for climate change mitigation. Course may have field trips during class times.
Prerequisites: SMS 100 or permission. Course cannot be taken for credit if taken as SMS 491 topic Marine
Environmental Change.
Course Typically Offered: Variable
Credits: 4",SMS 100 or permission. Course cannot be taken for credit if taken as SMS 491 topic Marine,Variable,4
SMS 491,**Problems in Marine Science**,"Undergraduate studies of current problems in marine science directed by individual faculty. May be experimental or
theoretical independent research or directed readings by an individual student. May be repeated for credit.
Core Curriculum/Core Requirements:
Prerequisites: Permission of instructor.
Course Typically Offered: Fall, Spring, Summer
Credits: Ar",Permission of instructor.,"Fall, Spring, Summer",N/A
MKT 200,**Marketing Management for the Small Business**,"An overview of marketing as an organizational and societal function stressing the application of marketing concepts and
principles in entrepreneurship and realistic business situations. Students learn to analyze, plan, implement and control
marketing strategies. Topics include product development and management, distribution, promotion, pricing,
marketing research, consumer behavior, and external environments.
Prerequisites: MGT 111
Course Typically Offered: Fall and Spring
Credits: 3",MGT 111,Fall and Spring,3
MKT 270,**Introduction to Marketing**,"Introduces students to the concepts, analyses, and activities that comprise marketing strategy and tactics, and provides
practice in market analysis and marketing planning. Topics include: marketing strategy (segmentation, targeting and
positioning), market environmental analysis, consumer behavior, marketing research, product management, pricing,
marketing communications, and channels of distribution.
Core Curriculum/Core Requirements:
Prerequisites: MGT 101; Business, Economics or Financial Economic Major or Declared Business and/or Marketing
Minor
Course Typically Offered: Fall & Spring
Credits: 3","MGT 101; Business, Economics or Financial Economic Major or Declared Business and/or Marketing",Fall & Spring,3
MKT 310,**Customer Relationship Management for Small Businesses**,"This course teaches students how to build, maintain, and grow loyal customer relationships in small businesses. Topics
covered include relationship selling, the sales process, effective communication, managing sales territories and teams,
ethical considerations, practical exercises, and case studies. By the end of the course, students will be equipped with the
skills and knowledge needed to create and implement customer-centric strategies that drive growth and success in small
businesses
Prerequisites: MKT 200 or permission of instructor
Course Typically Offered: Spring
Credits: 3",MKT 200 or permission of instructor,Spring,3
MKT 323,**Personal Selling**,"Insights into the theories, principles, methods and techniques of creative personal selling. Emphasis is placed on
interpersonal skills, ethics, and viewing sales in their natural setting as an event where both buyer and seller benefit.
Students learn those aspects of sales management that make it distinct from generic management.
Prerequisites: MAR 101 or permission of instructor
Course Typically Offered: Variable
Credits: 3",MAR 101 or permission of instructor,Variable,3
MKT 372,**Integrated Marketing Communication**,"This course is designed for students who want to understand integrated marketing communications and how all forms of
communications work to achieve organizational objectives and contribute to the “brand.” It examines a wide range of
consumer/customer communications-advertising, public relations, promotion, Internet, direct marketing, digital and
social media, event marketing, point-of-purchase, and other alternative media.
Core Curriculum/Core Requirements:
Prerequisites: A grade of C- or better in MKT 270.
Course Typically Offered: Fall
Credits: 3",A grade of C- or better in MKT 270.,Fall,3
MKT 374,**Personal Selling and Sales Management**,"An overview of professional selling, with an emphasis on the sales process, and an understanding of sales management.
It is designed for the student to gain a greater appreciation, understanding, and respect for sales, especially the concept
of relationship selling, and the techniques, policies and challenges involved in managing a sales force. The student will
also gain a better understanding of how sales fits into the overall marketing function and the organization as a whole.
Core Curriculum/Core Requirements:
Prerequisites: A grade of C- or better in MKT 270.
Course Typically Offered: Variable
Credits: 3",A grade of C- or better in MKT 270.,Variable,3
MKT 378,**Marketing Research**,"Considers marketing research as a tool for marketing decision making. Emphasis on problem formulation, research
design, research methodology, sampling, data analysis and interpretation.
Core Curriculum/Core Requirements:
Prerequisites: A grade of C- or better in MKT 270, STS 215 or STS 232; junior standing.
Course Typically Offered: Fall & Spring
Credits: 3","A grade of C- or better in MKT 270, STS 215 or STS 232; junior standing.",Fall & Spring,3
MKT 382,**Consumer Behavior**,"This course presents a comprehensive framework for understanding why and how people consume. It investigates the
pre-purchase, purchase and post-purchase stages of the consumption process. It draws on the social sciences to
understand the psychological, situational, technological, social and cultural factors influencing the consumption
process. Specific topics include perception, motivation, attitudes, values, self-concept, personality, lifestyle, consumer
decision-making process, shopping and buying, group influences, consumption subcultures, and global consumer
culture.
Core Curriculum/Core Requirements:
Prerequisites: A grade of C- or better in MKT 270 and Junior or Senior Standing.
Course Typically Offered: Fall and Spring
Credits: 3",A grade of C- or better in MKT 270 and Junior or Senior Standing.,Fall and Spring,3
MKT 476,**New Product Management**,"New products and services are vital to the success of all companies. However, innovation is risky and most new products
fail in the marketplace. The course focuses on the tools and techniques associated with selecting and analyzing market
opportunities. It also examines the processes involved in designing, testing, and introducing new products and services
that capitalize on those opportunities and fit company strategy. Both quantitative and qualitative approaches are
covered. In particular, the course covers new product development processes, product development project
management, market entry strategies, new product idea generation, and forecasting market demand. All types of
product development projects are considered from breakthrough products to new platforms to brand and line extensions
to product improvements in the context of both large corporations and small entrepreneurial firms.
Core Curriculum/Core Requirements:
Prerequisites: Junior Standing
Course Typically Offered: Variable
Credits: 3",Junior Standing,Variable,3
MKT 480,**Managerial Marketing**,"Emphasizes the integration of marketing, as an organization activity, with other activities of the business firm. Explores
problems encountered by top marketing executives in modern business.
Core Curriculum/Core Requirements: Writing Intensive
Prerequisites: A grade of C- or better in MKT 378 or MKT 382 and Senior Standing or by instructor permission.
Course Typically Offered: Spring and Fall
Credits: 3",A grade of C- or better in MKT 378 or MKT 382 and Senior Standing or by instructor permission.,Spring and Fall,3
MAT 101,**The Nature and Language of Mathematics**,"An opportunity for non-science majors to broaden their understanding of mathematics and to examine the connections
between mathematics and other areas of human understanding. Specific topics may vary from semester to semester and
are chosen to provide students with the opportunity to explore, through inquiry and discovery, the development,
structure, and application of mathematical systems.
Core Curriculum/Core Requirements: Quantitative Literacy
Course Typically Offered: Fall, Spring, Summer
Credits: 3",None,"Fall, Spring, Summer",3
MAT 103,**Elementary Algebraic Models in Our World**,"An introduction to the applications of algebra with a focus on data analysis and model building. Topics include graphs,
algebraic equations and functions. Primary attention will be given to using linear, quadratic and exponential functions
to represent and interpret real world applications. If MAT 103M was taken at UMM, credit cannot be earned for this
course.
Core Curriculum/Core Requirements: Quantitative Literacy
Prerequisites: If MAT 103M was taken at UMM, credit cannot be earned for this course.
Course Typically Offered: Fall, Spring, Summer
Credits: 3","If MAT 103M was taken at UMM, credit cannot be earned for this course.","Fall, Spring, Summer",3
MAT 107,**Elementary Descriptive Geometry**,"Designed to prepare students to teach the geometry included in a modern NCTM STANDARDS based K-8 curriculum.
Emphasis will be on geometric exploration activities, problem solving and informal deductive reasoning using many of
the manipulatives used to teach geometric concepts in grades K-8.
Core Curriculum/Core Requirements: Quantitative Literacy
Prerequisites: High school geometry required. Elementary Education, Child Development-Early Childhood
Education, and Art Education majors only.
Course Typically Offered: Fall and Spring
Credits: 3","High school geometry required. Elementary Education, Child Development-Early Childhood",Fall and Spring,3
MAT 108,**Elementary Numerical Mathematics From A Modern Perspective**,"Designed to prepare students to teach the non-geometric mathematics included in a modern NCTM STANDARDS based
K-8 curriculum. Emphasis will be on the structure of arithmetic, development of good number sense, basic number
theory, understanding probability and the use of descriptive statistics. Focuses on problem solving, and the development
of arithmetic and algebraic reasoning skills.
Core Curriculum/Core Requirements: Quantitative Literacy
Prerequisites: Major in Child Development, Art Education or Elementary Education or Rural Education
Course Typically Offered: Fall and Spring
Credits: 3","Major in Child Development, Art Education or Elementary Education or Rural Education",Fall and Spring,3
MAT 112,**Workshop**,"Optional Lab for MAT 111 - College Alegbra. If MAT 111M was taken at UMM, credit cannot be earned for this course.
Prerequisites: If MAT 111M was taken at UMM, credit cannot be earned for this course.
Corequisites: MAT 111.
Course Typically Offered: Fall, Spring, Summer
Credits: 1","If MAT 111M was taken at UMM, credit cannot be earned for this course.","Fall, Spring, Summer",1
MAT 115,**Applied Mathematics for Business and Economics**,"Topics in discrete mathematics, finite mathematics, and calculus with applications to business and economics. Topics
include linear functions and regressions, the mathematics of finance, probability, and differential calculus.
Core Curriculum/Core Requirements: Quantitative Literacy
Prerequisites: A grade of C or better in MAT 111, or no grade record in MAT 111 and a passing score on the Math
Placement Exam.
Course Typically Offered: Fall, Spring, Summer
Credits: 3","A grade of C or better in MAT 111, or no grade record in MAT 111 and a passing score on the Math","Fall, Spring, Summer",3
MAT 117,**Applications of Calculus**,"A three-credit continuation to the introduction to calculus (MAT 116) primarily intended for students in business, life
sciences, or social sciences. The focus is on applications and concepts, utilizing numerical, graphical and algebraic
approaches and uses of technology. Utilizing and expanding on the variety of problem solving approaches developed in",None,Unknown,N/A
MAT 122,**Pre-Calculus**,"Designed as a transitional course between high school algebra and college mathematics, particularly calculus. Topics
include a detailed study of polynomial, rational, exponential, logarithmic and trigonometric functions, stressing ideas
needed by those who will take calculus.
Core Curriculum/Core Requirements: Quantitative Literacy
Prerequisites: A grade of C or better in MAT 111, or no grade record in MAT 111 and a passing score on the Math
Placement Exam.
Course Typically Offered: Fall, Spring, Summer
Credits: 4","A grade of C or better in MAT 111, or no grade record in MAT 111 and a passing score on the Math","Fall, Spring, Summer",4
MAT 127,**Calculus II**,"Completes the study of single-variable calculus. Topics covered include inverse trigonometric functions, hyperbolic
functions, methods of integration, improper integrals, indeterminate forms, parametric equations, polar coordinates and
infinite series.
Departmental permission to enroll is required if previously completed MAT 117. Due to overlapping content, course repeat
rules are applicable for MAT 127 and MAT 137.
Core Curriculum/Core Requirements: Quantitative Literacy
Prerequisites: A grade of C or better in MAT 126 at the University of Maine or other system campuses. (Students who
have transferred an equivalent class to UMaine will need to contact the Math Department for registration and advising
where appropriate.)
Course Typically Offered: Fall, Spring, Summer
Credits: 4",A grade of C or better in MAT 126 at the University of Maine or other system campuses. (Students who,"Fall, Spring, Summer",4
MAT 137,**Honors Level Calculus II**,"A more challenging continuation of a single-variable calculus for students in mathematics, engineering, and the sciences.
Covers integral calculus of real functions of one variable including integration techniques and applications, differential
equations, infinite sequences and series, uniform convergence, and Taylor series. The topics covered are similar to those
in MAT 127, but theoretical concepts receive greater emphasis and problems of greater depth and scope are considered.
Due to overlapping content, course repeat rules are applicable for MAT 127 and MAT 137.
Core Curriculum/Core Requirements: Quantitative Literacy
Prerequisites: C or better in MAT 136 or department permission.
Course Typically Offered: Spring
Credits: 4",C or better in MAT 136 or department permission.,Spring,4
MAT 145,**Introduction to the History of Mathematics**,"The goal of this course is to provide students interested in teaching middle- or high-school level mathematics, or others
simply interested in the topic, the necessary understanding of the historical foundation of mathematics. The course will
explore the origins of mathematics from anthropological and sociological viewpoints. It will then use this as a base for
exploring the cultural development of basic numbering, arithmetic, basic statistics (mean, median, mode, etc.), simple
probability, basic geometry, measurement (area, volume, etc.), patterns, including symmetry and basic networks,
mathematical reasoning, and using mathematics to communicate. The development of these areas, all of which are
contained in the Maine State Learning Results for middle and secondary grades, will be explored from various cultural
perspectives including a selection from prehistoric, Native American, Egyptian, Mesopotamian, Ancient Greek, Roman,
Hindu, Islamic, Chinese, Korean, Japanese, and European cultures. The course is designed to be a survey course that will
allow for such a broad view of the development of mathematics.
Core Curriculum/Core Requirements: Quantitative Literacy
Prerequisites: MAT 103 or MAT 111 or demonstrated proficiency in pre-college mathematics (>= 500 on SAT MATH
exam, >= 530 on SAT MSS exam, >= 21 on ACT Math exam or >= 61 on the Aleks Math Placement Exam).
Course Typically Offered: Spring - Alternate Years
Credits: 3",MAT 103 or MAT 111 or demonstrated proficiency in pre-college mathematics (>= 500 on SAT MATH,Spring - Alternate Years,3
MAT 258,**Introduction to Differential Equations with Linear Algebra**,"An introduction to elementary linear algebra and ordinary differential equations including applications.
Due to overlapping content, credit previously earned for MAT 259 and MAT 262 will be removed upon completion of MAT
258. Both grades will appear on the transcript and will be utilized in GPA calculations. (Not open to students who have
already taken MAT 262 or MAT 259.)
Core Curriculum/Core Requirements:
Prerequisites: Grade of C or better in MAT 127 at UM or other system campus. Students with prior credit for MAT
259 and/or MAT 262 who nonetheless wish to enroll in MAT 258 should contact the Math Department.
Course Typically Offered: Fall and Spring
Credits: 4",Grade of C or better in MAT 127 at UM or other system campus. Students with prior credit for MAT,Fall and Spring,4
MAT 261,**Introduction to Abstract Mathematics**,"Topics covered typically include logic, basic set theory, relations and functions, sequences, limits, cardinality, and
algebraic and geometric structures, but may vary somewhat with the instructor. Class size will remain small, not to
exceed 20 students. The goal is to enable students to read, critique, construct, and write mathematical proofs. At least
40% of the student’s grade will be based on the quality of written work. Written assignments must present mathematical
arguments in a clear, logical manner, using standard mathematical notation as well as correct English grammar,
spelling, and punctuation. Students will be given considerable coaching and feedback with preliminary drafts so that
submitted final versions of their work will be of acceptable quality.
Core Curriculum/Core Requirements: Writing Intensive
Prerequisites: A grade of C or better in MAT 127 or permission.
Course Typically Offered: Fall & Spring
Credits: 3",A grade of C or better in MAT 127 or permission.,Fall & Spring,3
MAT 262,**Linear Algebra**,"An introduction to matrices, systems of linear equations, linear transformations, determinants, vector spaces,
orthogonality, eigenvalues and eigenvectors, with applications. Some use will be made of mathematical software.
Due to overlapping content, credit previously earned for MAT 258 will be removed upon completion of MAT 262. Both
grades will appear on the transcript and will be utilized in GPA calculations.
Core Curriculum/Core Requirements:
Prerequisites: C or better in MAT 127. Students with prior credit for MAT 258 who nonetheless wish to enroll in MAT
262 should contact the Math Department.
Course Typically Offered: Fall & Spring
Credits: 3",C or better in MAT 127. Students with prior credit for MAT 258 who nonetheless wish to enroll in MAT,Fall & Spring,3
MAT 329,**Problems Seminar II**,"Problem-solving in selected areas of mathematics. Material will be taken from various problem books, competitions and
mathematical periodicals. Recommended for students who wish to participate in the annual Putnam competition. May
be repeated for credit.
Core Curriculum/Core Requirements:
Prerequisites: A grade of C or better in MAT 261 or permission.
Course Typically Offered: Fall
Credits: 1",A grade of C or better in MAT 261 or permission.,Fall,1
MAT 345,**History of Mathematics**,"Offers an overview of the history of mathematics with an emphasis on the development of mathematical ideas. Designed
to foster an understanding of the expression of mathematical ideas in a variety of different cultural contexts as well as an
appreciation of the roots of modern mathematics.
Prerequisites: A grade of C or better in either MAT 261 or two MAT/STS classes numbered strictly higher than 228, or
Department permission.
Course Typically Offered: Spring
Credits: 3","A grade of C or better in either MAT 261 or two MAT/STS classes numbered strictly higher than 228, or",Spring,3
MAT 400,**Topics in Mathematics**,"Topics in mathematics not regularly covered in other courses. Content varies to suit current needs. May be repeated for
credit.
Core Curriculum/Core Requirements:
Prerequisites: Permission of department.
Course Typically Offered: Fall and Spring
Credits: 1-3",Permission of department.,Fall and Spring,1-3
MAT 401,**Capstone Seminar in Mathematics**,"Required of all mathematics and statistics majors. Students will be asked to draw upon and integrate their mathematics
course work by exploring mathematical topics in their historical and scientific context. Students are expected to exhibit
innovative problem-solving and thoughtful writing. Each student will be required to write a paper on the topic under
investigation and to present the results in a colloquium talk to the class.
Core Curriculum/Core Requirements: Capstone
Prerequisites: A grade of C or better in MAT 261, MAT 262 and senior standing.
Course Typically Offered: Spring
Credits: 3","A grade of C or better in MAT 261, MAT 262 and senior standing.",Spring,3
MAT 425,**Introduction to Real Analysis I**,"A study of functions of a real variable and the related topology of the real line. Concepts of limit, convergence, continuity
and differentiability are studied.
Core Curriculum/Core Requirements:
Prerequisites: A grade of C or better in MAT 228 and MAT 261.
Course Typically Offered: Fall
Credits: 3",A grade of C or better in MAT 228 and MAT 261.,Fall,3
MAT 451,**Dynamical Systems**,"A study of the nature and behavior of solutions of linear and nonlinear systems of differential and difference equations
through mathematical analysis and the use of available menu-driven PC software. For students in mathematics and the
sciences. Some knowledge of vectors and matrices and some familiarity with personal computers is recommended.
Core Curriculum/Core Requirements:
Prerequisites: A grade of C or better in MAT 258 or MAT 259 or permission.
Course Typically Offered: Variable
Credits: 3",A grade of C or better in MAT 258 or MAT 259 or permission.,Variable,3
MAT 452,**Complex Analysis**,"An introduction to functions of complex variables including differentiation, integration, series, mappings and
applications.
Core Curriculum/Core Requirements:
Prerequisites: A grade of C or better in MAT 228.
Course Typically Offered: Spring
Credits: 3",A grade of C or better in MAT 228.,Spring,3
MAT 454,**Partial Differential Equations II**,"A continuation of MAT 453.
Core Curriculum/Core Requirements:
Prerequisites: A grade of C or better in MAT 453.
Course Typically Offered: Variable
Credits: 3",A grade of C or better in MAT 453.,Variable,3
MAT 463,**Introduction to Abstract Algebra I**,"A study of algebraic systems characterized by specific axiom systems. Begins with a study of sets theory, functions, and
operations, and continues with topics selected from group theory, ring theory, and linear algebra.
Core Curriculum/Core Requirements:
Prerequisites: A grade of C or better in MAT 261 and MAT 262.
Course Typically Offered: Fall
Credits: 3",A grade of C or better in MAT 261 and MAT 262.,Fall,3
MAT 465,**Theory of Numbers**,"Elementary properties of integers including divisibility, prime and composite numbers, uniqueness of prime
factorization, Diophantine equations, congruences and continued fractions.
Core Curriculum/Core Requirements:
Prerequisites: A grade of C or better in MAT 261 or permission.
Course Typically Offered: Variable
Credits: 3",A grade of C or better in MAT 261 or permission.,Variable,3
MAT 471,**Differential Geometry**,"The application of multivariable calculus to the study of curves, surfaces and their higher-dimensional analogues.
Core Curriculum/Core Requirements:
Prerequisites: A grade of C or better in MAT 228 and in either MAT 258 or MAT 262.
Course Typically Offered: Variable
Credits: 3",A grade of C or better in MAT 228 and in either MAT 258 or MAT 262.,Variable,3
MAT 475,**Higher Geometry**,"Topics include: constructions, Euclidean properties, Ceva’s and Menelaus’ theorems with applications–Desargues’,
Pappus’ and Pascal’s theorems, isometries, axiometric approach to one of the geometries, algebraic models for geometry,
Klein’s Erlanger program, classical construction problems.
Core Curriculum/Core Requirements:
Prerequisites: A grade of C or better in MAT 228 or permission.
Course Typically Offered: Not Regularly Offered
Credits: 3",A grade of C or better in MAT 228 or permission.,Not Regularly Offered,3
MAT 486,**Biological Modeling and Simulation**,"Mathematical and computational models primarily from population biology and epidemiology, including deterministic
and stochasitc, discrete- and continuous-time, and spatial and network models. A software package such as Matlab or R
will be used for simulations and visualization, and for additional topics such as vectorized calculations, function
optimization, and differential equation solvers, which have a wide variety of applications in the sciences and
engineering. Some basic familiarity with probability is recommended.
Core Curriculum/Core Requirements:
Prerequisites: Permission
Credits: 3",Permission,Unknown,3
MEE 101,**Introduction to Mechanical Engineering**,"Introduces first-year and transfer students to the Mechanical Engineering Department. Topics include the curriculum,
the faculty, the department’s resources and the profession in general. Students will be introduced to typical problems in
Mechanical Engineering whose solution may require experimental, analytical or numerical techniques. A teamwork
approach will be emphasized. Lec 1.
(Pass/Fail Grade Only.)
Core Curriculum/Core Requirements:
Prerequisites: Mechanical Engineering majors only or permission.
Course Typically Offered: Fall
Credits: 1",Mechanical Engineering majors only or permission.,Fall,1
MEE 120,**Engineering Graphics and Computer Aided Design**,"An introduction to engineering graphics and computer-aided design (CAD) using a 3D solid modeling software package.
Topics include geometric construction, sketching, orthographic projection, isometric, sectional and detailed views,
geometric dimensioning and tolerancing, engineering drawings and assemblies. Drawing and CAD laboratory classes
will consist of short demonstrations, lectures and exercises and student work period. Lec ( 1 hour), Lab (2 hours)
Core Curriculum/Core Requirements:
Prerequisites: MEE major or permission
Course Typically Offered: Fall
Credits: 2",MEE major or permission,Fall,2
MEE 150,**Applied Mechanics: Statics**,"A study of force systems and equilibrium, structural models, friction, distributed forces. Designed to develop the ability
to analyze and solve engineering problems. Rec 3.
Core Curriculum/Core Requirements:
Prerequisites: MAT 126.
Course Typically Offered: Fall & Spring
Credits: 3",MAT 126.,Fall & Spring,3
MEE 230,**Thermodynamics I**,"Covers energy and energy transformations, the First and Second Laws applied to systems and to control volumes,
thermodynamic properties of systems, availability of energy. Rec 3.
Core Curriculum/Core Requirements:
Prerequisites: MAT 127.
Course Typically Offered: Fall & Spring
Credits: 3",MAT 127.,Fall & Spring,3
MEE 231,**Thermodynamics II**,"A continuation of MEE 230 and includes thermodynamics of mixtures, chemical thermodynamics, thermodynamics of
fluid flow, vapor and gas cycles, applicable to compressors, internal combustion engines and turbines. Computers used.
Rec 3
Core Curriculum/Core Requirements:
Prerequisites: MEE 125 or COS 220 or ECE 177 or equivalent; and a grade of C or better in MEE 230.
Course Typically Offered: Fall and Spring
Credits: 3",MEE 125 or COS 220 or ECE 177 or equivalent; and a grade of C or better in MEE 230.,Fall and Spring,3
MEE 252,**Statics and Strength of Materials**,"The basic principles of statics and their applications in strength of materials. Emphasis on equilibrium of various
systems, stresses and deformations of axially loaded members, connections, circular shafts, beams and columns. Rec 3
Core Curriculum/Core Requirements:
Prerequisites: MAT 127.
Course Typically Offered: Fall
Credits: 3",MAT 127.,Fall,3
MEE 270,**Applied Mechanics: Dynamics**,"Motion of particles and rigid bodies, impulse and momentum, work and energy and simple harmonic motion, force,
mass and acceleration. Rec 3.
Core Curriculum/Core Requirements:
Prerequisites: A grade of C or better in MEE 150; or MEE 252.
Corequisites: MAT 228
Course Typically Offered: Fall & Spring
Credits: 3",A grade of C or better in MEE 150; or MEE 252.,Fall & Spring,3
MEE 330,**Manufacturing Engineering**,"An introduction to manufacturing science and engineering for the product development cycle. The interplay between
part design, various manufacturing processes and final mechanical properties will be studied and analyzed.
Core Curriculum/Core Requirements:
Prerequisites: MEE 120
Course Typically Offered: Spring
Credits: 3",MEE 120,Spring,3
MEE 341,**Mechanical Laboratory I**,"An introduction to experiment design, data analysis, laboratory techniques, instrumentation, and calibration of
equipment. Application to thermodynamics, mechanics of materials, fluid mechanics. Practice in writing organized
reports to communicate clearly the objectives, methods, results, and conclusions of experimental work.
Core Curriculum/Core Requirements: Writing Intensive
Prerequisites: MAT 258 and a grade of C or better in MEE 251.
Corequisites: MEE 360
Course Typically Offered: Spring
Credits: 3",MAT 258 and a grade of C or better in MEE 251.,Spring,3
MEE 360,**Fluid Mechanics**,"An introduction to fluid mechanics including fluid statics, kinematics, Bernoulli equation, viscous flows, dimensional
analysis and similitude and external flows. Rec 3.
Core Curriculum/Core Requirements:
Prerequisites: A grade of C or better in MEE 230 and in MEE 270
Corequisites: MAT 258 or MAT 259
Course Typically Offered: Fall and Spring
Credits: 3",A grade of C or better in MEE 230 and in MEE 270,Fall and Spring,3
MEE 370,**System Dynamics and Introductory Control**,"This course introduces the students to the modeling and analysis of dynamic systems, including mechanical, electrical,
and electromechanical systems, to understand their behavior and be able to design control systems systematically. The
topics covered in this course include modeling of one-degree-of-freedom and two-degree-of-freedom mass-spring-
damper systems, Laplace transforms and transfer function representation, block diagrams, dynamic response of first
and second-order linear time-invariant systems, and design and analysis of feedback control systems.
Core Curriculum/Core Requirements:
Prerequisites: ECE 209, MAT 258, and a grade of C or better in MEE 270.
Course Typically Offered: Fall and Spring
Credits: 3","ECE 209, MAT 258, and a grade of C or better in MEE 270.",Fall and Spring,3
MEE 381,**Design II**,"Advanced concepts in mechanics of materials, stress concentration. Design of mechanical components subjected to static
and fatigue loads. Synthesis and selection of various machine components including shafts, bearing, gears and gear
trains, screws, fasteners and springs. Design project. Rec 3
Core Curriculum/Core Requirements:
Prerequisites: MEE 120 and a grade of C or better in MEE 251.
Course Typically Offered: Spring
Credits: 3",MEE 120 and a grade of C or better in MEE 251.,Spring,3
MEE 394,**Mechanical Engineering Practice**,"Full-time engineering work for at least 10 weeks (400 hours) with a company, government agency, organization,
laboratory, research group or research center. This can include engineering work at an academic institution, including
UMaine.
Core Curriculum/Core Requirements:
Prerequisites: Permission
Course Typically Offered: Fall, Spring and Summer
Credits: 3",Permission,"Fall, Spring and Summer",3
MEE 432,**Heat Transfer**,"The fundamental laws of heat transfer by conduction, convection and radiation. Applied to the study of engineering
problems via analytical, numerical, and graphical techniques. Rec 3. (Fall.)
Core Curriculum/Core Requirements:
Prerequisites: MAT 258 and MEE 360.
Course Typically Offered: Fall
Credits: 3",MAT 258 and MEE 360.,Fall,3
MEE 433,**Solar-Thermal Engineering**,"Applied analysis and design of thermal devices (non-photovoltaic) using solar radiation as an energy source. Students
will learn techniques to estimate the solar resource, which is the amount of solar energy which can be collected at a given
time and location. Analysis of basic solar thermal devices, including collectors and thermal energy storage devices, is
introduced using basic thermodynamic and heat transfer theory. Analysis and design of complete solar thermal systems,
combining multiple devices, is included. Recent developments in solar thermal energy systems, including low-
temperature, high-temperature, and thermochemical systems are discussed.
Core Curriculum/Core Requirements:
Prerequisites: A grade of C or better in MEE 230.
Course Typically Offered: Not Regularly Offered
Credits: 3",A grade of C or better in MEE 230.,Not Regularly Offered,3
MEE 442,**Mechanical Laboratory II**,"A continuation of MEE 341. Mechanical engineering problems in a laboratory setting. (Fall) Lab 3.
Core Curriculum/Core Requirements:
Prerequisites: MEE 341 or permission.
Course Typically Offered: Fall
Credits: 2",MEE 341 or permission.,Fall,2
MEE 443,**Mechanical Laboratory III**,"A continuation of MEE 442. Mechanical engineering problems in a laboratory setting (Spring). Lab 3.
Core Curriculum/Core Requirements:
Prerequisites: MEE 442 or permission.
Course Typically Offered: Spring
Credits: 2",MEE 442 or permission.,Spring,2
MEE 444,**Robot Dynamics and Control**,"This course introduces the fundamentals of robotics. Topics include planar and spatial transformations and
displacements, Euler angles, forward kinematics of robotic manipulators using the Denavit-Hartenberg method, inverse
kinematics, velocity and acceleration of robotic manipulators, dynamics of robotic manipulators using Newton-Euler
equations, and a review of robot control fundamentals.",None,Unknown,N/A
MEE 449,**Aircraft Performance**,"Performance of fixed wing aircraft, including the equations of motion, basic aerodynamics, and level flight, climb and
descent, range, endurance, take off and landing, turning and energy state performance. Fundamentals of longitudinal
stability and control.
Prerequisites: MEE 348 or Permission
Course Typically Offered: Fall
Credits: 3",MEE 348 or Permission,Fall,3
MEE 450,**Mechanics of Composite Materials**,"Introduction to the behavior of composite materials and their use in engineering structures; fabrication methods,
behavior and properties of the constituent fibers and matrices, micromechanical predictions of composite properties,
anisotropic elasticity, behavior of composite laminae, classical lamination theory, failure theories, composite beams and
plates, material characterization and introduction to the design of composite structures.
Core Curriculum/Core Requirements:
Prerequisites: A grade of C or better in MEE 251
Course Typically Offered: Not Regularly Offered
Credits: 3",A grade of C or better in MEE 251,Not Regularly Offered,3
MEE 453,**Experimental Mechanics**,"Experimental methods and techniques for analysis of stress and displacement. Also covers electric strain gages, brittle
lacquers, mechanical and optical strain gages, and introduction to photo elasticity. Lec 2, Lab 2.
Core Curriculum/Core Requirements:
Prerequisites: A grade of C or better in MEE 251.
Course Typically Offered: Not Regularly Offered
Credits: 3",A grade of C or better in MEE 251.,Not Regularly Offered,3
MEE 455,**Advanced Strength of Materials**,"Considers limitations of elementary stress formulas, theories of failure, unsymmetrical bending, beams, plates, torsion of
non-circular bars, thick-walled cylinders, stress concentrations, energy methods. Introduces theory of elasticity. Rec 3.
Core Curriculum/Core Requirements:
Prerequisites: A grade of C or better in MEE 251.
Course Typically Offered: Not Regularly Offered
Credits: 3",A grade of C or better in MEE 251.,Not Regularly Offered,3
MEE 459,**Engineering Optimization**,"Introduction to mathematical optimization theory. Analytical, graphical, and numerical approaches for solving
unconstrained or constrained optimization problems involving linear or nonlinear functions. Application of optimality
criteria and mathematical programming techniques to problems involving multiple design variables.
Students who have completed MEE 459 with a passing grade are not eligible to take MEE 559 or vice versa.
Core Curriculum/Core Requirements:
Prerequisites: MAT 228 and MAT 258
Course Typically Offered: Not Regularly Offered
Credits: 3",MAT 228 and MAT 258,Not Regularly Offered,3
MEE 462,**Dynamics of Fluid Flow**,"Develop an understanding of fundamental concepts in fluid mechanics including analytical solution of Navier-Stokes
equation, boundary layer theory, potential flow and compressible flow. Emphasis is on mathematical formulation,
problem solving, and engineering applications as well as on developing physical insights into fluid flow.
Core Curriculum/Core Requirements:
Prerequisites: MEE 360
Course Typically Offered: Fall
Credits: 3",MEE 360,Fall,3
MEE 471,**Mechanical Vibrations**,"Examines free and forced vibrations with viscous damping for discrete and continuous mass systems as well as
derivation and application of energy methods. Rec 3.
Core Curriculum/Core Requirements:
Prerequisites: MAT 258 and a grade of C or better in MEE 270.
Course Typically Offered: Spring
Credits: 3",MAT 258 and a grade of C or better in MEE 270.,Spring,3
MEE 475,**Fuel Cell Science and Technology**,"A study of the basic operating principles of fuel cells, the different types of fuel cells, fuel reforming and power
conditioning, and the efficiency, performance and application of fuel cell systems. (This course is identical to MET 475.)
Core Curriculum/Core Requirements:
Prerequisites: Prerequisites: MET 236, MET 433, PHY 462 or a grade of C or better in MEE 230; CHY 121 or
permission
Course Typically Offered: Spring
Credits: 3","Prerequisites: MET 236, MET 433, PHY 462 or a grade of C or better in MEE 230; CHY 121 or",Spring,3
MEE 480,**Wind Energy Engineering**,"This course presents the theory and design of modern wind turbines. Theoretical aspects of the course cover the
fundamentals of assessing the aerodynamic loads and efficiency of a wind turbine. Design procedures for wind turbines
are outlined with an emphasis on maximizing performance, assuring structural integrity and minimizing the cost of
energy. Current trends in offshore wind are also covered as well as the social and environmental issues of a burgeoning
wind energy industry.
Core Curriculum/Core Requirements:
Prerequisites: MAT 258 and C or better in MEE 251.
Corequisites: CIE 350 or MEE 360.
Course Typically Offered: Spring, Even Years
Credits: 3",MAT 258 and C or better in MEE 251.,"Spring, Even Years",3
MEE 484,**Power Plant Design and Engineering**,"A study of power station engineering and economy, including design, construction and operation theory of steam,
internal-combustion, and hydroelectric power plants. Introduction to nuclear power plants, solar energy, fuel cells, and
associated problems. Rec 3.
Core Curriculum/Core Requirements:
Prerequisites: Grade of C or better in MEE 230 and MEE 231
Course Typically Offered: Not Regularly Offered
Credits: 3",Grade of C or better in MEE 230 and MEE 231,Not Regularly Offered,3
MEE 487,**Capstone Design I**,"Design of mechanical engineering systems components, including problem definition, analysis, synthesis and
optimization. Engineering ethics.
Core Curriculum/Core Requirements: Satisfies the General Education Capstone Experience Requirement when
taken in series with MEE 488. Neither course alone satisfies the requirement.
Prerequisites: MEE 360 and MEE 381 or permission
Corequisites: MEE 370 or permission
Course Typically Offered: Fall
Credits: 4",MEE 360 and MEE 381 or permission,Fall,4
MEE 488,**Capstone Design II**,"Design of mechanical engineering systems, including problem definition, analysis, synthesis and optimization.
Core Curriculum/Core Requirements: Satisfies the General Education Capstone Experience Requirement when
taken in series with MEE 487. Neither course alone satisfies the requirement.
Prerequisites: MEE 487
Course Typically Offered: Spring
Credits: 3",MEE 487,Spring,3
MEE 490,**Modern Control Theory and Applications**,"This course introduces state-space methods for analysis and design of linear control systems. The assumed prerequisites
are undergraduate courses in linear algebra and dynamic systems and controls. The analysis part of this course is
concerned with stability, controllability, observability, realization, and minimality of the state-space model, while the
control design part delves into the methods of pole placement for state feedback and observer design, and optimal
methods such as linear quadratic regulator (LQR) and Kalman filter. Students will also learn how to apply the theory to
engineering problems using MATLAB for both continuous-time and discrete-time systems.
Core Curriculum/Core Requirements:
Prerequisites: MEE 370
Course Typically Offered: Spring
Credits: 3",MEE 370,Spring,3
MEE 491,**Offshore Wind Farm Engineering**,"This course introduces the basics of offshore wind farm engineering and design. A broad introduction is provided on the
topics of offshore climate, turbine selection criteria, substructure design, installation processes, operation, maintenance,
electrical infrastructure, environmental impacts, and decommissioning aspects of offshore wind farms. The basic theory
together with state-of-the-art industrial practices and future technologies driving the offshore wind farm development
will be addressed.",None,Unknown,N/A
MET 100,**Introduction to Mechanical Engineering Technology**,"Students will cover topics relevant to succeeding as a MET student and graduate. Lec 1, Lab 2. Students who take MET
100 after MEE 101 will only receive credit and grade for MET 100.
Core Curriculum/Core Requirements:
Course Typically Offered: Fall
Credits: 2",None,Fall,2
MET 107,**Machine Tool Laboratory I**,"Theory and application of fundamental metal removing processes and basic metrology and tool nomenclature. Light
machine work using drill presses, lathes, milling machines and surface grinders. Lec 1, Lab 3. (Spring.)
Core Curriculum/Core Requirements:
Prerequisites: MET 121 or MEE 120 and MAT 122 or a passing score on the UM Math Placement Exam and
Mechanical Engineering Technology Majors or permission
Course Typically Offered: Spring
Credits: 3",MET 121 or MEE 120 and MAT 122 or a passing score on the UM Math Placement Exam and,Spring,3
MET 126,**Machine Drawing**,"Preparation of complete working drawings of a project for MET 312. Topics include: pictorial drawings, descriptive
geometry, CADD, design process, dimensioning, tolerancing, fasteners, details, and assembly drawings. Lec and Lab 4.
(Spring)
Core Curriculum/Core Requirements:
Prerequisites: MET 121 and MET 107 or Junior Standing and MET 107 as a corequisite.
Course Typically Offered: Spring
Credits: 3",MET 121 and MET 107 or Junior Standing and MET 107 as a corequisite.,Spring,3
MET 150,**Statics**,"The study of forces acting on particles and rigid bodies in equilibrium, trusses, centroids and centers of gravity,
properties of area, friction. Lec 3. Students who take MET 150 after MEE 150 will only receive credit and grade for MET
150.
Core Curriculum/Core Requirements:
Prerequisites: MET 121, PHY 107 or PHY 121, and MAT 122 or a passing score on the UM Math Placement Exam.
Course Typically Offered: Spring
Credits: 3","MET 121, PHY 107 or PHY 121, and MAT 122 or a passing score on the UM Math Placement Exam.",Spring,3
MET 219,**Strength of Materials**,"An introduction to machine design. A study of stress and strain in materials and bodies subjected to tension,
compression, torsion and flexure as well as deflection of prismatic members, columns, combined stresses. Lec 3.
Students who take MET 219 after MEE 251 will only receive credit and grade for MET 219.
Core Curriculum/Core Requirements:
Prerequisites: MET 150
Corequisites: MAT 127
Course Typically Offered: Fall
Credits: 3",MET 150,Fall,3
MET 233,**Thermal Science**,"A study of elementary thermodynamics including engineering calculations relative to heat, power, work and mechanical
and electrical energy. Rec 3. Students who take MET 233 after MEE 230 will only receive credit and grade for MET 233.
Core Curriculum/Core Requirements:
Prerequisites: PHY 108 or PHY 112 or PHY 122
Corequisites: MAT 116 or MAT 126
Course Typically Offered: Fall
Credits: 3",PHY 108 or PHY 112 or PHY 122,Fall,3
MET 236,**Thermal Applications**,"Applications of fundamentals studied in MET 233 including steam and gas cycles, analysis of cycle components, steam
generators, pumps, turbines, compressors, heat transfer and refrigeration systems. Rec 3. Students who take MET 236
after MEE 231 will only receive credit and grade for MET 236.
Core Curriculum/Core Requirements:
Prerequisites: MET233 or MEE 230, and MAT 126
Course Typically Offered: Spring
Credits: 3","MET233 or MEE 230, and MAT 126",Spring,3
MET 270,**Manufacturing Technology**,"Examines materials and processes for manufacturing consumer and producer goods. Technologies include metal
casting, plastics/ceramics/composites processing, and metal forging and extrusion. Includes supporting topics in
materials selection, quality control and the manufacturing enterprise. Evening tours of manufacturing facilities may be
scheduled.
Core Curriculum/Core Requirements:
Prerequisites: MET 121 and sophomore standing.
Course Typically Offered: Fall
Credits: 3",MET 121 and sophomore standing.,Fall,3
MET 313,**CAD / CAM Projects**,"Student create 2-D and 3-D CAD drawings of machined parts, create process and setup sheets for the parts, use
CAD/CAM software to develop CNC programs for the parts, and use CNC machine tools to fabricate the parts. Rec. 1,
Lab. 3.
Core Curriculum/Core Requirements:
Prerequisites: MET 107 and MET 213.
Course Typically Offered: Variable
Credits: 3",MET 107 and MET 213.,Variable,3
MET 317,**Dynamics**,"A study of kinematics and kinetics of particles, including conservation of energy, conservation of momentum and
impulse. Also kinematics of rigid bodies including linkages, gears and gear trains. Students who take MET 317 after MEE
270 will only receive credit and grade for MET 317.
Core Curriculum/Core Requirements:
Prerequisites: MET 150 or CET 413 and MAT 117 or MAT 127
Course Typically Offered: Fall
Credits: 3",MET 150 or CET 413 and MAT 117 or MAT 127,Fall,3
MET 321,**Industrial Vibrations**,"An introduction to applications of vibration theory in industrial design, measurement of vibrations in industrial settings,
and industrial noise control principles. Lec and Lab 3.
Core Curriculum/Core Requirements:
Corequisites: MET 317
Course Typically Offered: Spring
Credits: 3",None,Spring,3
MET 355,**Engineering Materials**,"The study of the composition and behavior of materials used in engineering. Materials covered include metals, plastics,
wood, ceramics, and concrete. The laboratory demonstrates the effect of heat treatment on the mechanical properties of
steels. Lec 2, Lab 2. Students who take MET 355 after MEE 320 will only receive credit and grade for MET 355.
Core Curriculum/Core Requirements:
Prerequisites: CHY 121, MET 219, MET 234, Mechanical Engineering Technology major with junior standing.
Course Typically Offered: Spring
Credits: 3","CHY 121, MET 219, MET 234, Mechanical Engineering Technology major with junior standing.",Spring,3
MET 391,"**Heating, Ventilating and Air Conditioning**","Determination of heating, ventilating and air conditioning loads for buildings and industrial processes. Heat transfer
devices and applications to systems. Refrigeration for controlled-temperature applications. Heating, ventilating and air
conditioning system layout and control systems. Rec 3.
Core Curriculum/Core Requirements:
Prerequisites: MET 233 or MET 433
Course Typically Offered: Spring
Credits: 3",MET 233 or MET 433,Spring,3
MET 433,**Thermodynamics**,"A study of thermodynamic concepts, properties and applications, including work, heat, energy, entropy, First and
Second Laws, processes, cycles and systems. Rec 3.
Core Curriculum/Core Requirements:
Prerequisites: PHY 107 or PHY 111 or PHY 121 and MAT 116 or 126
Course Typically Offered: Fall
Credits: 3",PHY 107 or PHY 111 or PHY 121 and MAT 116 or 126,Fall,3
MET 440,**Lean Six Sigma**,"An introduction to Lean Manufacturing and Six Sigma continuous improvement methodologies via lectures,
independent assignments, and in-class experiments using discipline-independent processes. Topics will include the 8
forms of waste; value stream maps; the DMAIC model; Gage R&R; hypothesis testing; Ishikawa diagrams; and Design of
Experiments (DOE). If this course was taken under as a topics course in MET 320 it cannot be repeated for credit.
Core Curriculum/Core Requirements:
Prerequisites: MAT 127
Course Typically Offered: Spring
Credits: 3",MAT 127,Spring,3
MET 453,**Experimental Mechanics**,"An introduction to experimental methods for measuring strain and deformation of engineering materials, structures,
and mechanical components. Topics will include electrically and optically recorded strain and deformation; computer
data acquisition and reduction techniques; applications to static and dynamic events, sensors, fatigue, fracture and
residual stresses; quasi-static load frames.
Core Curriculum/Core Requirements:
Prerequisites: MET 234
Course Typically Offered: Fall, Alternating Years
Credits: 3",MET 234,"Fall, Alternating Years",3
MET 462,**Design I**,"Analysis of mechanical elements as well as applications of mechanics of materials, stress concentration, combined
stresses, fatigue, and factor of safety to the design of machine components. Lec 3. Lab 2
Core Curriculum/Core Requirements:
Prerequisites: MET 219 or MEE 251 and MAT 127
Course Typically Offered: Spring
Credits: 4",MET 219 or MEE 251 and MAT 127,Spring,4
MET 464,**Senior Design Project I**,"The first of a two-course sequence providing MET seniors with a capstone learning experience. Components include
project definition, research, safety, benchmarking, ergonomics, engineering analysis, and preparation of design drawings
and a project presentation. Design of a capstone design project. Rec 3.
Core Curriculum/Core Requirements: Satisfies the General Education Capstone Experience Requirement when
combined with the successful completion of MET 465.
Prerequisites: MET 219; senior standing or permission.
Corequisites: MET 462
Course Typically Offered: Fall
Credits: 2",MET 219; senior standing or permission.,Fall,2
MET 465,**Senior Design Project II**,"Continuation of MET 464. Components include team project management, building a prototype, testing and refining
the design, and making a final design presentation. Lec 3
Core Curriculum/Core Requirements: Satisfies the General Education Capstone Experience when combined with
the successful completion of MET 464.
Prerequisites: MET 464
Corequisites: MET 463
Course Typically Offered: Spring
Credits: 2",MET 464,Spring,2
MET 498,**Selected Laboratory Topics in Mechanical Engineering Technology**,"Topics in engineering technology (laboratory-based) not regularly covered in other courses. Content varies to suit the
needs of individuals. May be repeated for credit.
Core Curriculum/Core Requirements:
Prerequisites: permission.
Course Typically Offered: Fall & Spring
Credits: 1-3",permission.,Fall & Spring,1-3
MET 499,**Selected Topics in Mechanical Engineering Technology II**,"Topics in engineering technology not regularly covered in other courses. Content varies to suit the needs of individuals.
May be repeated for credit.
Core Curriculum/Core Requirements:
Prerequisites: Permission.
Course Typically Offered: Fall & Spring
Credits: 1-3
Mental Health Rehabilitation",Permission.,Fall & Spring,1-3
MHR 205,**Introduction to Counseling Skills**,"This course introduces students to the basic skills required for counseling. Students will practice implementing these
skills during counseling role plays in class, as well as providing their peers with positive and constructive feedback at the
conclusion of the role plays. The ability to utilize feedback and be reflective will be emphasized. This course will also
review ethical issues associated with counseling and the role of supervision. Psychodynamic, Behavioral, Person-
Centered, Cognitive and Family Systems Counseling Theories, as well as Motivational Interviewing will be introduced.
Core Curriculum/Core Requirements:
Prerequisites: MHR 200 or permission of instructor; MHR 200 may be taken as a co-requisite
Course Typically Offered: Variable
Credits: 3",MHR 200 or permission of instructor; MHR 200 may be taken as a co-requisite,Variable,3
MHR 210,**Vocational Aspects of Disability and Psychiatric Rehabilitation**,"This course will address the notion of psychiatric rehabilitation via a range of services to support people with psychiatric
and other disabilities, in a holistic fashion, noting the conceptual practice of psychosocial rehabilitation as a core
organizing principle underlying all behavioral health care. Core philosophies are examined, including historical and
current theories and practices, noting the use of contemporary effective practices which are key to current psychiatric
rehabilitation. Since employment is a key part of rehabilitation, the course will focus on vocational rehabilitation. Skills
for evaluating and assessing the vocational impact of a disability and effective strategies for promoting client
understanding and access to community resources will be addressed.
Core Curriculum/Core Requirements:
Prerequisites: MHR 200 or permission of instructor
Course Typically Offered: Alternate Years
Credits: 3",MHR 200 or permission of instructor,Alternate Years,3
MHR 300,**Case Management**,"This course introduces students to case management as it is utilized in the health and human services fields. Case
management is a process of assessing a client’s needs, and planning and facilitating their connections with health and
human services and other resources. Case management includes education, advocacy and networking with providers
and services across many disciplines. This course will introduce students to the skills and responsibilities central to case
management, as well as professional, legal, and ethical issues that impact this service. This course partially satisfies
Maine MHRT/C Certification competencies.
Core Curriculum/Core Requirements:
Prerequisites: MHR 200 or permission of instructor
Course Typically Offered: Variable
Credits: 3",MHR 200 or permission of instructor,Variable,3
MHR 310,**Counseling Diverse Populations**,"This counseling course is designed to help the student acquire the skills necessary to become a culturally competent
mental health or social service practitioner, that is, someone who is sensitive to cultural differences and to their impact
on human interactions. The course is based on the fundamental premise that cultural competence is an ongoing and
multi-layered process working at personal, interpersonal, and organization-wide levels. Topics to be addressed include
skills to increase cultural awareness and understanding skills to foster effective interpersonal communication and
organizational change strategies. Studies will learn to identify and understand culture as it operates on different social
levels (class, ethnicity, gender, sexual orientation). Students will also learn to identify the barriers to effective
communication and positive relationships including how culture may be a barrier.
Core Curriculum/Core Requirements:
Prerequisites: MHR 200 and MHR 205 or permission of instructor
Course Typically Offered: Alternate Years
Credits: 3",MHR 200 and MHR 205 or permission of instructor,Alternate Years,3
MHR 315,**Substance Use and Dual Diagnosis Counseling**,"This course is an overview of different treatment models for chemical dependency and dual diagnosis treatment.
Chemical dependency for the purposes of this course will include diagnoses of substance abuse and dependence for
alcohol, street drugs and abused prescription medication. Dual diagnosis in this context refers to having both a mental
health diagnosis (i.e. depression, anxiety, ADHD, bipolar disorder) and a substance abuse or dependence disorder.
Students will be reviewing the history and development of dual diagnosis treatment and learning about screening,
assessment and basic treatment models, as well as understanding the current array of services for chemical dependency.
Students will also learn how to identify state board requirements for becoming a Certified Drug and Alcohol Counselor
(CADC) and Licensed Drug & Alcohol Counselor (LADC), as well as the requirements to qualify and register for the
professional exams.
Core Curriculum/Core Requirements:
Prerequisites: MHR 200 and MHR 205 or permission of the instructor.
Course Typically Offered: Fall
Credits: 3",MHR 200 and MHR 205 or permission of the instructor.,Fall,3
MTR 101,**Meteorology**,"An introduction to the study of weather and weather-related phenomena including solar radiation, temperature,
moisture, winds, air pressure, air masses, weather patterns, weather analysis, weather forecasting, climate, weather
instruments, and computers. Upon completion of this course, a student should have a qualitative understanding of how
many of the basic principles of physics, chemistry and mathematics are applied in meteorology; an ability to relate
personal weather observations to data received from weather instruments and analyzed on standard weather charts; and
a new set of general data analysis skills. The course is delivered asynchronously and the Web is used extensively.
Course Typically Offered: Fall and Spring
Credits: 4
Military Science & Leadership",None,Fall and Spring,4
MSL 101,**Foundations of Officership**,"Introduces students to issues and competencies that are central to a commissioned officer’s responsibilities. Establish
framework for understanding officership, leadership, and Army values followed and life skills such as physical fitness
and time management. No military obligation associated with this course.
Core Curriculum/Core Requirements:
Corequisites: MSL 100
Course Typically Offered: Fall & Spring
Credits: 1",None,Fall & Spring,1
MSL 102,**Basic Leadership**,"Establishes foundation of basic leadership fundamentals such as problem solving, communications, briefings and
effective writing goal setting, techniques for improving listening and speaking skills and all introduction to counseling.
No military obligation associated with this course.
Core Curriculum/Core Requirements:
Corequisites: MSL 100
Course Typically Offered: Spring
Credits: 1",None,Spring,1
MSL 201,**Leadership and Decision Making**,"This course focuses on the Adaptability Army Learning Area. Students are exposed to critical and creative thinking
scenarios where they will be required to find innovative solutions to problems through Troop Leading Procedures (TLP).
The Army Profession is also stressed through leadership forums and a leadership self-assessment. No military
obligation associated with this course.
Core Curriculum/Core Requirements:
Prerequisites: MSL 100, MSL 101, MSL 102 (with exceptions)
Course Typically Offered: Fall & Spring
Credits: 2","MSL 100, MSL 101, MSL 102 (with exceptions)",Fall & Spring,2
MSL 202,**Army Doctrine and Development**,"The course focuses on the Adaptability Army Learning Area. Students are exposed to critical and creative thinking
scenarios where they will be required to find innovative solutions to problems through Troop Leading Procedures (TLP).
The Army Profession is also stressed through leadership forums and a leadership self-assessment. No military
obligation associated with this course.
Core Curriculum/Core Requirements:
Prerequisites: MSL 100, 101, 102 (with exceptions)
Course Typically Offered: Spring
Credits: 2","MSL 100, 101, 102 (with exceptions)",Spring,2
MSL 302,**Training Applied Leadership in Small Unit Operations**,"Focuses on applied leadership in small unit operations. It is an academically challenging course where the
commissioned student will study, practice, and apply the fundamentals of direct level leadership and small unit tactics at
the platoon level. At the conclusion of the course, the commissioned students will be capable of planning, coordinating,
navigating, motivating and leading a platoon in the execution of a mission. This course includes a lab per week using
peer facilitation overseen by MSL IV’s, supervised by ROTC Cadre. Successful completion of this course will help
prepare the commissioned student for the Cadet Summer Training Advance Camp they will attend during the summer at
Fort, Knox, KY.
Core Curriculum/Core Requirements: Cultural Diversity and International Perspectives and Ethics
Prerequisites: Permission
Course Typically Offered: Spring
Credits: 3",Permission,Spring,3
MSL 390,**Cultural Understanding and Language Proficiency**,"The course is a 30 day deployment that has a mission that supports the United States Embassy’s strategic plan for that
particular country. Many of these missions are performed in VERY austere conditions that include unusual living
conditions, foods, and risks of common traveler’s illnesses. However, during these missions, students receive an
educational experience unmatched by anything you will do in a college classroom.
Core Curriculum/Core Requirements: Cultural Diversity and International Perspectives
Prerequisites: Permission
Course Typically Offered: Summer
Credits: 3",Permission,Summer,3
MSL 401,**The Army Officer**,"This course focuses on development of the Army Officer. It is an academically challenging course where one will develop
knowledge, skills, and abilities to plan, resource, and assess training at the small unit level. The student will also learn
about Army programs that support counseling subordinates and evaluating performance, values, and ethics, career
planning, and legal responsibilities. At the conclusion of this course, students will be familiar with how to plan, prepare,
execute, and continuously assess the conduct of training at the company or field grade officer level. This class includes a
lab per week which the student will oversee MSL III lesson facilitation and supervised by ROTC Cadre.
Core Curriculum/Core Requirements: Social Contexts and Institutions’ , ‘Ethics and Writing Intensive
Prerequisites: MSL 301 and MSL 302
Course Typically Offered: Fall
Credits: 4",MSL 301 and MSL 302,Fall,4
MSL 410,**Cadet Troop Leader Training**,"Course provides Cadets the opportunity to experience leadership in Army Table of Organization and equipment (TO& E)
units throughout the Army over a three to four week period during the summer following the junior year. Cadets serve
in lieutenant-level leadership positions in active-duty units around the world. Cadets must compete to be nominated by
Cadre to participate in the program. Cadet Troop Leader Training is a follow-on training experience upon completion of
the Cadet Leaders Course at Fort Knox, Kentucky during the summer between the Cadets’ junior and senior years.
Core Curriculum/Core Requirements: Social Context and Institutions
Prerequisites: By Permission of the department of Military Science and Leadership. Requirements include: Must be a
contracted Cadet, who has completed the Basic Course Requirements of Army ROTC (either MSL 101, MSL 102, MSL
201, and MSL 202, or Cadet Initial Entry Training, or the US Army Basic Training Course); have completed MSL 301
and MSL 302 and the 30 day Cadet Leaders Course.
Course Typically Offered: Summer
Credits: 3",By Permission of the department of Military Science and Leadership. Requirements include: Must be a,Summer,3
MSL 498,**Investigations in Leadership and Mission Command**,"This course enables a student who has already received a minor in Military Science to continue their education in
leadership.
Core Curriculum/Core Requirements:
Prerequisites: By permission of the Professor of Military Science.
Course Typically Offered: Spring and Fall
Credits: 3
Modern Languages and Classics",By permission of the Professor of Military Science.,Spring and Fall,3
MLC 190,**Topics in Modern Languages**,"Specific topics determined by current interests of students and staff. May be repeated for credit if different topic is
taken.
Core Curriculum/Core Requirements: Cultural Diversity and International Perspectives
Course Typically Offered: Fall & Spring
Credits: 1-3",None,Fall & Spring,1-3
MLC 210,**Introduction to Modern Languages**,"This course familiarizes students with fundamental questions of human language - what language is and how it works.
This course studies where the modern languages come from, how they are related to one another and to ancient
languages, and what happens when languages come into contact with one another. It serves as a basic introduction to
linguistics as well as a primer in cultural and linguistic difference.
Class note: No prior knowledge of languages other than English is required or expected.
Core Curriculum/Core Requirements: Western Cultural Tradition
Course Typically Offered: Fall
Credits: 3",None,Fall,3
VOX 101,**Beginning Spoken Chinese I**,"Beginning Chinese language study using a combination of self-instruction and recitation. Class is taught by native
speakers in the target language, and includes a high degree of cultural engagement.
Core Curriculum/Core Requirements: Cultural Diversity and International Perspectives
Prerequisites: Permission of Coordinator of Critical Language Program.
Course Typically Offered: Variable
Credits: 3",Permission of Coordinator of Critical Language Program.,Variable,3
VOX 106,**Beginning Spoken Italian I**,"Beginning Italian language study using a combination of self-instruction and recitation. Class is taught by native
speakers in the target language, and includes a high degree of cultural engagement.
Core Curriculum/Core Requirements: Cultural Diversity and International Perspectives
Prerequisites: Permission of Coordinator of Critical Language Program.
Course Typically Offered: Variable
Credits: 3",Permission of Coordinator of Critical Language Program.,Variable,3
VOX 108,**Beginning Spoken Korean I**,"Beginning Korean language study using a combination of self-instruction and recitation. Class is taught by native
speakers in the target language, and includes a high degree of cultural engagement.
Core Curriculum/Core Requirements: Cultural Diversity and International Perspectives
Prerequisites: Permission of Coordinator of Critical Language Program.
Course Typically Offered: Variable
Credits: 3",Permission of Coordinator of Critical Language Program.,Variable,3
VOX 109,**Beginning Spoken Portuguese I**,"Beginning Portuguese language study using a combination of self-instruction and recitation. Class is taught by native
speakers in the target language, and includes a high degree of cultural engagement.
Core Curriculum/Core Requirements: Cultural Diversity and International Perspectives
Prerequisites: Permission of Coordinator of Critical Language Program.
Course Typically Offered: Variable
Credits: 3",Permission of Coordinator of Critical Language Program.,Variable,3
VOX 136,**Beginning Spoken Italian II**,"Beginning Italian language study using a combination of self-instruction and recitation. Class is taught by native
speakers, and includes a high degree of cultural engagement.
Core Curriculum/Core Requirements: Cultural Diversity and International Perspectives
Prerequisites: VOX 106 and Permission of Coordinator of Critical Language Program.
Course Typically Offered: Variable
Credits: 3",VOX 106 and Permission of Coordinator of Critical Language Program.,Variable,3
VOX 137,**Beginning Spoken Japanese II**,"Beginning Japanese language study using a combination of self-instruction and recitation. Class is taught by native
speakers, and includes a high degree of cultural engagement.
Core Curriculum/Core Requirements: Cultural Diversity and International Perspectives
Prerequisites: VOX 107 and Permission of Coordinator of Critical Language Program.
Course Typically Offered: Variable
Credits: 3",VOX 107 and Permission of Coordinator of Critical Language Program.,Variable,3
VOX 138,**Beginning Spoken Korean II**,"Beginning Korean language study using a combination of self-instruction and recitation. Class is taught by native
speakers, and includes a high degree of cultural engagement.
Core Curriculum/Core Requirements: Cultural Diversity and International Perspectives
Prerequisites: VOX 108 and Permission of Coordinator of Critical Language Program.
Course Typically Offered: Variable
Credits: 3",VOX 108 and Permission of Coordinator of Critical Language Program.,Variable,3
VOX 140,**Beginning Spoken Russian II**,"Beginning Russian language study using a combination of self-instruction and recitation. Class is taught by native
speakers, and includes a high degree of cultural engagement.
Core Curriculum/Core Requirements: Cultural Diversity and International Perspectives
Prerequisites: VOX 110 and Permission of Coordinator of Critical Language Program.
Course Typically Offered: Variable
Credits: 3",VOX 110 and Permission of Coordinator of Critical Language Program.,Variable,3
VOX 167,**Beginning Spoken Japanese III**,"Beginning Japanese language study using a combination of self-instruction and recitation. Class focuses on oral
communication and is taught by a native speaker. Includes a high degree of cultural engagement.
Core Curriculum/Core Requirements: Cultural Diversity and International Perspectives
Prerequisites: VOX 137 and Departmental Consent
Course Typically Offered: Variable
Credits: 3",VOX 137 and Departmental Consent,Variable,3
VOX 207,**Intermediate Spoken Japanese I**,"Intermediate Japanese language study using a combination of self-instruction and recitation. Class focuses on oral
communication and is taught by a native speaker. Includes a high degree of cultural engagement.
Core Curriculum/Core Requirements: Cultural Diversity and International Perspectives
Prerequisites: VOX 137 and Permission
Course Typically Offered: Variable
Credits: 3",VOX 137 and Permission,Variable,3
VOX 290,**Intermediate Critical Languages (Other)**,"Specific languages determined by current interests of students and staff. May be repeated for credit if taking a higher
level of the same language or a different language.
Core Curriculum/Core Requirements: Cultural Diversity and International Perspectives
Prerequisites: Permission
Course Typically Offered: Variable
Credits: 3
Music",Permission,Variable,3
MUS 103,**Applied Music: Private Lessons**,"Individual or group instruction in vocal or instrumental performance (drums, guitar, piano, violin, voice, winds, etc.).
Each student, whether a beginner or a more experienced musician, is expected to progress at his or her own optimum
rate. An in-house performance at semester’s end (closed to the public) is the final for this course. Instruction on some
instruments may be contingent upon faculty availability. May be repeated for credit.
Core Curriculum/Core Requirements: Artistic and Creative Expression
Course Typically Offered: Fall and Spring
Credits: 1",None,Fall and Spring,1
MUS 121,**Principles of Singing I**,"Emphasizes diction in the standard languages: French, German, Italian and English. Introduces the international
phonetic alphabet and classical vocal literature, basic voice science, technique and performance practice.
Core Curriculum/Core Requirements:
Prerequisites: Required for first-year voice majors in Music Education, Music Performance and Bachelor of Arts in
Music programs; open to others by permission.
Course Typically Offered: Fall
Credits: 2","Required for first-year voice majors in Music Education, Music Performance and Bachelor of Arts in",Fall,2
MUS 122,**Principles of Singing II**,"Continuation of MUS 121.
Core Curriculum/Core Requirements:
Prerequisites: Required for first-year voice majors in Music Education, Music Performance and Bachelor of Arts in
Music programs; open to others by permission.
Course Typically Offered: Spring
Credits: 2","Required for first-year voice majors in Music Education, Music Performance and Bachelor of Arts in",Spring,2
MUS 201,**Applied Music Lessons**,"Applied music lessons. May be repeated for credit. Note: course topic number designates instrument or voice.
Core Curriculum/Core Requirements: Artistic and Creative Expression
Prerequisites: Bachelor of Arts in Music or Music minors.
Course Typically Offered: Fall & Spring
Credits: 1",Bachelor of Arts in Music or Music minors.,Fall & Spring,1
MUS 210,**Applied Music Lessons**,"Applied music lessons for the first four semesters. May be repeated for credit until Junior Standing Exam is passed.
Note: Course Topic number designates instrument or voice. Applied Music 1-2.
Core Curriculum/Core Requirements: Artistic and Creative Expression
Prerequisites: Music Education or Music Performance majors.
Course Typically Offered: Fall, Spring, Summer
Credits: 2",Music Education or Music Performance majors.,"Fall, Spring, Summer",2
MUS 310,**Voice Pedagogy/Literature**,"A presentation of literature and/or pedagogical materials for voice. Intended to prepare the professional performer who
maintains adjunct activities as a studio teacher.
Core Curriculum/Core Requirements:
Prerequisites: Required for Bachelor of Music in Performance majors; others by permission.
Course Typically Offered: Variable
Credits: 1-2",Required for Bachelor of Music in Performance majors; others by permission.,Variable,1-2
MUS 312,**Piano Pedagogy**,"Piano Pedagogy is “The Art of Teaching Piano:” Students will analyze current methodology, research intermediate level
repertoire, and develop a business plan and a studio policy. This course will provide the tools for hands-on teaching in a
private setting.
Core Curriculum/Core Requirements:
Prerequisites: Required for all piano majors and open to other pianists by permission.
Course Typically Offered: Not Regularly Offered
Credits: 1",Required for all piano majors and open to other pianists by permission.,Not Regularly Offered,1
MUS 318,**Piano Literature II**,"Survey of major works of the piano repertoire from the Romantic and Contemporary periods.
Core Curriculum/Core Requirements:
Prerequisites: Required of piano majors, permission of the instructor required for all other students.
Course Typically Offered: Not Regularly Offered
Credits: 1","Required of piano majors, permission of the instructor required for all other students.",Not Regularly Offered,1
MUS 350,**Applied Music Lessons**,"Applied music lessons after having passed the Junior Standing Exam. May be repeated for credit. Note: Course Topic
number designates instrument or voice.
Core Curriculum/Core Requirements:
Prerequisites: Junior Standing Exam. Undergraduate Music Education major.
Course Typically Offered: Fall & Spring
Credits: 2",Junior Standing Exam. Undergraduate Music Education major.,Fall & Spring,2
MUS 450,**Applied Music Lessons**,"Applied music lessons after having passed the Junior Standing Exam. May be repeated for credit. Note: Course Topic
number designates instrument or voice.
Core Curriculum/Core Requirements:
Prerequisites: Junior Standing Exam. Undergraduate Music Performance major.
Course Typically Offered: Fall & Spring
Credits: 4",Junior Standing Exam. Undergraduate Music Performance major.,Fall & Spring,4
MUE 207,**Voice Class**,"The systematic development of the principles of good singing through class method approach.
Prerequisites: Music Education major or permission.
Course Typically Offered: Fall
Credits: 2",Music Education major or permission.,Fall,2
MUE 209,**String Class**,"Basic performance and pedagogical skills pertaining to each of the four string instruments. Lab 4.
Core Curriculum/Core Requirements:
Prerequisites: Music Education major or permission.
Course Typically Offered: Fall
Credits: 2",Music Education major or permission.,Fall,2
MUE 213,**Woodwinds I**,"First semester of a required two-semester course dealing with woodwind instrument pedagogy. Covers clarinet,
saxophone and introduction to flute.
Core Curriculum/Core Requirements:
Prerequisites: Music Education major or permission.
Course Typically Offered: Fall
Credits: 1",Music Education major or permission.,Fall,1
MUE 214,**Woodwinds II**,"Second semester of a required two-semester course dealing with woodwind instrument pedagogy. Covers flute, oboe and
bassoon. Lab 2.
Core Curriculum/Core Requirements:
Prerequisites: MUE 213, Music Education major or permission.
Course Typically Offered: Spring
Credits: 1","MUE 213, Music Education major or permission.",Spring,1
MUE 217,**Brass Class**,"Basic performance and pedagogical skills pertaining to the brass instruments. Lab 4.
Core Curriculum/Core Requirements:
Prerequisites: Music Education major or permission.
Course Typically Offered: Spring
Credits: 2",Music Education major or permission.,Spring,2
MUE 320,**General Music Methods: Elementary**,"Methods, materials, organization and administration of the K-6 classroom music curriculum. Includes classroom
instruments, field experiences, materials and methods for gifted and talented and students with special needs.
Core Curriculum/Core Requirements:
Prerequisites: MUL 202, MUY 212, and MUE 210
Course Typically Offered: Fall
Credits: 3","MUL 202, MUY 212, and MUE 210",Fall,3
MUE 321,**General Music Methods: Secondary**,"Methods, materials, organization and administration of the 6-12 classroom music curriculum. Includes classroom
instruments, field experiences, materials and methods for gifted and talented and students with special needs.
Core Curriculum/Core Requirements:
Prerequisites: MUE 320, MUL 202, MUY 212, and MUE 210
Course Typically Offered: Spring
Credits: 3","MUE 320, MUL 202, MUY 212, and MUE 210",Spring,3
MUE 403,**Instrumental Laboratory**,"Performance on secondary instruments in a heterogeneous setting. Required for those enrolled in MUE 401 but may be
taken separately. Instrumental majors must attend Instrumental Laboratory for two of the three fall semesters following
their first-year student year. Lab 1. Offered every fall.
Core Curriculum/Core Requirements:
Prerequisites: Music Education majors with sophomore standing.
Course Typically Offered: Fall
Credits: 1
Music History",Music Education majors with sophomore standing.,Fall,1
MUH 150,**History of Jazz**,"The History of Jazz explores the origin and development of the improvised American form of music popularly known as
Jazz. Special emphasis will be placed on African-American culture-including African traditions- in its broader historical
context; how this culture, interacting with the many and diverse elements of American and (imported) European general
and musical cultures, led to the development of Jazz. The course will cover its social, as well as the artistic significance.
We will study and analyze various Jazz styles; especially through recorded and historical film and video tape,
performances by the music’s major innovators and practitioners. In addition, we will examine the most relevant and
original contributions by members of all the various American ethnic and religious groups which were influenced by and
adopted/adapted African-American musical culture. We will also take into consideration, influential on Jazz-related
new world phenomena from the Caribbean and Latin America; for example, Afro-Cuban rhythms. Jazz’ significant
global influence will be discussed, an influence initiated by African-Americans who toured and lived in Europe from the
end of WWI to the present. If this course was taken under as a topics course in MUS 298, it cannot be repeated for
credit.
Core Curriculum/Core Requirements: Cultural Diversity and International Perspectives and Artistic and Creative
Expressions
Course Typically Offered: Spring
Credits: 3",None,Spring,3
MUH 202,**History of Western Music II**,"The history of music from 1750 to the present day with a technical study of the significant musical trends.
Core Curriculum/Core Requirements:
Prerequisites: MUL 200 and MUL 202 or permission.
Course Typically Offered: Spring
Credits: 2
Music Literature",MUL 200 and MUL 202 or permission.,Spring,2
MUL 101,**The Art of Listening to Music: Elements**,"Designed for the student with no previous experience in music. Provides a working vocabulary of terms and listening
experiences intended to expand the basic understanding of the art form.
Core Curriculum/Core Requirements: Artistic and Creative Expression
Course Typically Offered: Fall, Spring, Summer
Credits: 3",None,"Fall, Spring, Summer",3
MUL 150,**Rock’n Roll and other 20th Century Music**,"Designed for students with no previous experience in music. Studies the precursors of Rock’n Roll such as ragtime, jazz,
country and blues. Discusses how this music reflected and changed American and world cultures. Also examines other
music that branched out of western music in the late twentieth century.
Core Curriculum/Core Requirements: Artistic and Creative Expression
Course Typically Offered: Variable
Credits: 3",None,Variable,3
MUL 200,**Music Literature Laboratory**,"Introduction to music research, academic writing in music, digital music, and world music. Extensive use of electronic
information retrieval systems. Usually taken in first year to develop computer proficiency.
Core Curriculum/Core Requirements:
Prerequisites: Music majors only.
Course Typically Offered: Fall & Spring
Credits: 1",Music majors only.,Fall & Spring,1
MUO 101,**University Singers**,"Rehearsal and performance of choral concert repertoire. Extended concert tours. Five hours of rehearsal a week.
Attendance at all rehearsals and public performances required. May be repeated for credit. Lab 5.
Core Curriculum/Core Requirements: Artistic and Creative Expression
Prerequisites: audition (requires sight reading ability).
Course Typically Offered: Fall & Spring
Credits: 0-1",audition (requires sight reading ability).,Fall & Spring,0-1
MUO 103,**Oratorio Society**,"Rehearsal and performance of major choral works. Attendance at all rehearsals and public performances required. May
be repeated for credit. You must sign up for 1 credit if you want to receive credit towards general education
requirements. Audition required.
Core Curriculum/Core Requirements: Artistic and Creative Expression
Prerequisites: Permission via an audition. Must sign up for the credit bearing section to receive credit towards
general education requirements.
Course Typically Offered: Fall & Spring
Credits: 0-1",Permission via an audition. Must sign up for the credit bearing section to receive credit towards,Fall & Spring,0-1
MUO 109,**Collegiate Chorale**,"Rehearsal and performance of choral music appropriate for choral singers with limited background and training. No
audition required; open to all students. Attendance at all rehearsals and public performances required. May be repeated
for credit. Lab 2.
Core Curriculum/Core Requirements: Artistic and Creative Expression
Course Typically Offered: Fall & Spring
Credits: 0-1",None,Fall & Spring,0-1
MUO 112,**Concert Band**,"Rehearsal and performance (on and off campus) of a variety of concert band literature appropriate for the general
University instrumentalist. Attendance required at rehearsals and performances. May be repeated for credit. Lab 3.
(Spring semester only.)
Core Curriculum/Core Requirements: Artistic and Creative Expression
Course Typically Offered: Spring
Credits: 0-1",None,Spring,0-1
MUO 113,**Pep Band**,"Rehearsal and performance of band music appropriate for athletic events including current marching band selections.
Attendance required at rehearsals and performances. May be repeated for credit. Lab 2.
Core Curriculum/Core Requirements: Artistic and Creative Expression
Prerequisites: Permission.
Course Typically Offered: Fall & Spring
Credits: 0-1",Permission.,Fall & Spring,0-1
MUO 121,**University Orchestra**,"Rehearsal and performance of standard orchestral repertoire. Attendance at all rehearsals and public performances
required. May be repeated for credit. Lab 4.
Core Curriculum/Core Requirements: Artistic and Creative Expression
Prerequisites: Audition.
Course Typically Offered: Fall & Spring
Credits: 0-1",Audition.,Fall & Spring,0-1
MUO 132,**Opera Workshop**,"Rehearsal and performance of standard opera repertory. May be repeated for credit. Lab 3.
Core Curriculum/Core Requirements: Artistic and Creative Expression
Prerequisites: Audition.
Course Typically Offered: Fall & Spring
Credits: 0-1",Audition.,Fall & Spring,0-1
MUO 141,**Brass Ensemble**,"The study and performance of chamber music for brass instruments. May be repeated for credit.
Core Curriculum/Core Requirements: Artistic and Creative Expression
Prerequisites: Audition required. Must sign up for the credit bearing section to receive credit towards general
education requirements.
Course Typically Offered: Fall & Spring
Credits: 0-1",Audition required. Must sign up for the credit bearing section to receive credit towards general,Fall & Spring,0-1
MUO 149,**Chamber Music**,"The study and performance of chamber music. May be repeated for credit. Lab 2.
Core Curriculum/Core Requirements: Artistic and Creative Expression
Prerequisites: Permission of instructor.
Course Typically Offered: Fall & Spring
Credits: 0-1",Permission of instructor.,Fall & Spring,0-1
MUO 150,**Percussion Ensemble**,"Performs chamber music composed primarily for percussion instruments. May be repeated for credit. Lab 2.
Core Curriculum/Core Requirements: Artistic and Creative Expression
Prerequisites: Percussion performance experience (i.e. snare drum or keyboard percussion or timpani) and the ability
to read music; permission of instructor. Must sign up for the credit bearing section to receive credit towards general
education requirements.
Course Typically Offered: Fall & Spring
Credits: 0-1",Percussion performance experience (i.e. snare drum or keyboard percussion or timpani) and the ability,Fall & Spring,0-1
MUO 160,**Black Bear Men’s Chorus**,"Rehearsal and performance of men’s choral repertoire. Ensemble with members from campus and community. Short
audition used for placement within the ensemble only. Attendance at all rehearsals and public performances required.
May be repeated for credit.
Core Curriculum/Core Requirements: Artistic and Creative Expression
Course Typically Offered: Fall & Spring
Credits: 0-1
Music Performance",None,Fall & Spring,0-1
MUP 205,**Piano Class I**,"Designed to provide a basic command of the keyboard. Recommended especially for students preparing to take the
proficiency examination in secondary piano. May be taken as an introduction to piano performance for the beginning
student. Lab 2.
Core Curriculum/Core Requirements:
Prerequisites: Music majors only.
Course Typically Offered: Fall
Credits: 1",Music majors only.,Fall,1
MUP 215,**Piano Class III**,"A continuation of MUP 205, MUP 206 designed to complete the proficiency examination in secondary piano. Lab 2.
Core Curriculum/Core Requirements:
Prerequisites: MUP 205, MUP 206 or permission. Music majors only.
Course Typically Offered: Fall
Credits: 1","MUP 205, MUP 206 or permission. Music majors only.",Fall,1
MUP 216,**Piano Class IV**,"A continuation of MUP 205, MUP 206 designed to complete the proficiency examination in secondary piano. Lab 2.
Core Curriculum/Core Requirements:
Prerequisites: MUP 205, MUP 206 or permission. Music majors only.
Course Typically Offered: Spring
Credits: 1","MUP 205, MUP 206 or permission. Music majors only.",Spring,1
MUP 251,**Collaborative Piano**,"The study of Collaborative Techniques, vocal and instrumental, with emphasis on developing sight reading, listening
skills and stylistic awareness.
Core Curriculum/Core Requirements:
Prerequisites: Required of all piano majors and open to other advanced pianists, by permission.
Course Typically Offered: Not Regularly Offered
Credits: 1","Required of all piano majors and open to other advanced pianists, by permission.",Not Regularly Offered,1
MUP 341,**Choral Conducting and Literature**,"Introduces basic choral conducting and studies of problems in the organization and training of choral groups.
Core Curriculum/Core Requirements:
Prerequisites: MUP 340.
Course Typically Offered: Spring
Credits: 3",MUP 340.,Spring,3
MUP 401,**Performance-Secondary Instrument I**,"Applied study in voice, keyboard, strings, winds and percussion instruments as a secondary applied area for the graduate
student. May be repeated for credit.
Core Curriculum/Core Requirements:
Prerequisites: Music majors only; permission.
Course Typically Offered: Fall
Credits: 2",Music majors only; permission.,Fall,2
MUP 402,**Performance-Secondary Instrument II**,"A continuation of MUP 401. May be repeated for credit.
Core Curriculum/Core Requirements:
Prerequisites: MUP 401 or permission.
Course Typically Offered: Spring
Credits: 2",MUP 401 or permission.,Spring,2
MUP 405,**Keyboard Musicianship**,"A comprehensive application of the study of harmony to the keyboard, directed towards the development of sight-
reading and accompanying skills, keyboard score-reading, transposition, harmonization at sight, improvisation and the
realization of figured bass or other chording schemes.
Core Curriculum/Core Requirements:
Prerequisites: MUP 216, MUY 212, MUY 214 or equivalent level, including completion of piano proficiency
requirements.
Course Typically Offered: Fall
Credits: 2
Music Theory","MUP 216, MUY 212, MUY 214 or equivalent level, including completion of piano proficiency",Fall,2
MUY 111,**Elementary Harmony I**,"Diatonic chordal relationships through written work, analysis, and keyboard application.
Core Curriculum/Core Requirements:
Prerequisites: Music major and permission.
Course Typically Offered: Fall
Credits: 2",Music major and permission.,Fall,2
MUY 112,**Elementary Harmony II**,"A continued study of chordal relationships. Primarily for music majors.
Core Curriculum/Core Requirements:
Prerequisites: MUY 111 and permission.
Course Typically Offered: Spring
Credits: 2",MUY 111 and permission.,Spring,2
MUY 114,**Elementary Sight Singing and Ear Training II**,"Sight singing, ear training and dictation.
Core Curriculum/Core Requirements:
Prerequisites: MUY 113.
Course Typically Offered: Spring
Credits: 2",MUY 113.,Spring,2
MUY 211,**Advanced Harmony I**,"A continuation of MUY 112. Chromatic chordal relationships and 20th century harmonic practice.
Core Curriculum/Core Requirements:
Prerequisites: MUY 112.
Course Typically Offered: Fall
Credits: 2",MUY 112.,Fall,2
MUY 212,**Advanced Harmony II**,"A continuation of MUY 112. Chromatic chordal relationships and 20th century harmonic practice.
Core Curriculum/Core Requirements:
Prerequisites: MUY 211.
Course Typically Offered: Spring
Credits: 2",MUY 211.,Spring,2
MUY 214,**Advanced Sight Singing and Ear Training II**,"A continuation of MUY 114.
Core Curriculum/Core Requirements:
Prerequisites: MUY 213.
Course Typically Offered: Spring
Credits: 2",MUY 213.,Spring,2
MUY 310,**Jazz Theory Fundamentals**,"This course introduces the basic fundamentals of jazz theory, with applications to melodic improvisation, jazz piano
techniques, and arranging for small jazz ensembles. It will cover jazz terminology, chord symbols and progressions,
scales and modes, ear training, common jazz forms, melodic writing, instrumentation, and basic piano voicings.
Core Curriculum/Core Requirements:
Prerequisites: MUY 112 and MUP 206
Course Typically Offered: Fall
Credits: 3",MUY 112 and MUP 206,Fall,3
MUY 410,**Jazz Arranging**,"The study of arranging for small and large jazz ensembles.
Core Curriculum/Core Requirements:
Prerequisites: MUY 310
Course Typically Offered: Fall, Even Years
Credits: 3",MUY 310,"Fall, Even Years",3
MUY 411,**Jazz Piano**,"The study of jazz keyboard playing in a solo setting, as well as small and large jazz ensembles.
Core Curriculum/Core Requirements:
Prerequisites: MUY 310
Course Typically Offered: Spring, Even Years
Credits: 3",MUY 310,"Spring, Even Years",3
MUY 422,**Tonal Counterpoint**,"A study of contrapuntal techniques as practiced by composers of the 18th and 19th centuries.
Core Curriculum/Core Requirements:
Prerequisites: MUY 112 or permission.
Course Typically Offered: Not Regularly Offered
Credits: 2",MUY 112 or permission.,Not Regularly Offered,2
MUY 451,**Form and Analysis**,"Analysis of the structure of musical compositions of various historical periods, including the study of common forms
found in the standard concert repertoire.
Core Curriculum/Core Requirements:
Prerequisites: MUY 212.
Course Typically Offered: Not Regularly Offered
Credits: 3",MUY 212.,Not Regularly Offered,3
MUY 452,**Orchestration**,"Study and practical application of scoring techniques for various instrumental groups, including orchestral and band
transcriptions and reductions.
Core Curriculum/Core Requirements:
Prerequisites: MUY 212.
Course Typically Offered: Spring
Credits: 3",MUY 212.,Spring,3
NAS 101,**Introduction to Native American Studies**,"Introduces the interdisciplinary perspective of Native American Studies. Examines the experience of Native Americans,
past and present, focusing on diverse and distinct cultural areas and historical events. Explores Native Americans’
integral part in the development of the Americas and the European impact on traditional Native societies, historically
and currently. Lec 3.
Core Curriculum/Core Requirements: Social Contexts and Institutions and Cultural Diversity and International
Perspectives Requirements.
Course Typically Offered: Fall & Spring
Credits: 3",None,Fall & Spring,3
NAS 102,"**Introduction to Wabanaki Culture, History and Contemporary**","Issues
Examines the world view, way of life, history, art, literature and contemporary issues of the Native nations that make up
the Wabanaki Confederacy. The culture, philosophy and creation stories of the individual tribes, including the
Penobscot, Passamaquoddy, Maliseet and Micmac tribes are explored. In addition, concepts such as sovereignty, treaty
rights and tribal government are discussed. NAS 101 is recommended.
Core Curriculum/Core Requirements: Social Contexts and Institutions and Cultural Diversity and International
Perspectives
Course Typically Offered: Variable
Credits: 3",None,Variable,3
NAS 202,**Wabanaki Languages I**,"Provides an interdisciplinary, introductory level of study of selected topics regarding American Indians in more detail
and complexity. While there are distinct Indigenous languages of the Native nations that make up the Wabanaki
Confederacy, these languages are similar. This course will offer an opportunity for students to begin to build their
Wabanaki vocabulary and develop skills in pronunciation and oral communication, as well as discussing the history of
Wabanaki words. Taught by a Wabanaki speaker. If this course was taken as a topics course in NAS 201, it cannot be
repeated for credit.
Core Curriculum/Core Requirements: Cultural Diversity and International Perspectives
Prerequisites: NAS 101 or permission
Course Typically Offered: Fall and Spring
Credits: 3",NAS 101 or permission,Fall and Spring,3
NAS 203,**Wabanaki Language II**,"Provides an interdisciplinary, intermediate level of study of selected topics regarding American Indians in more detail
and complexity. The course is designed to utilize the basic vocabulary learned in Wabanaki Languages I and begin using
phrases and dialogues for conversational interactions. Although the primary languages utilized will be Passamaquoddy
and Maliseet, other Wabanaki Languages will be referenced. If this course was taken as a topics course in NAS 201, it
cannot be repeated for credit.
Core Curriculum/Core Requirements: Cultural Diversity and International Perspectives
Prerequisites: NAS 202 or permission
Course Typically Offered: Spring
Credits: 3",NAS 202 or permission,Spring,3
NAS 230,**Maine Indian History in the Twentieth Century**,"Too often Native people are relegated to the distant past, leading society to have misunderstandings about indigenous
communities today. This course introduces students Wabanaki history of Maine and eastern Canada in the twentieth
century. The term “Wabanaki” is an all-inclusive term that refers primarily to Mi’kmaqs, Maliseets, Passamaquoddies,
and Penobscots, along with other Abenaki groups. The tribal homeland encompasses present-day northern New
England, the Maritime Provinces, and southern Quebec. We will explore the variety of ways Wabanaki experiences
deviated from the national narrative on American Indians and examine when Native challenges were in lockstep with
western tribes in the twentieth century. This course considers the interplay between cultural traditions and modernity.
The regional scope highlights local developments. We will investigate prominent themes of resistance, accommodation,
activism, sovereignty, and cultural survival. Wabanaki people were positive actors in their own affairs, not passive pawns
subdued by forces beyond their control. This course will provide context to contemporary challenges Wabanaki people
confront. As one tribal historian astutely noted, “I can never give up hope, as my ancestors never gave up hope.”",None,Unknown,N/A
NAS 240,**Engaging Foodways**,"Food can study anything, from our identity to how issues like class, race, and gender create inequities within U.S. Food
systems. Engaging foodways is meant to capture the beautiful aspects of food, while also calling to attention food issues
in ways that provides students with problem solving skills. The first area students work in centers food and identity, we
use communication literature to see food as a social construct using family recipes. The next area focuses on issues
related to food insecurity. Students utilize ethnographic style methods to learn how engaged experiences can be used to
support action. The last area recognizing that food structures do not work, we center literature on food justice and
sovereignty to show how students can engage in policy conversations about food.
Course Typically Offered: Spring
Credits: 3",None,Spring,3
NAS 270,**Gender in Native American Cultures**,"This course explores the concept of gender in indigenous communities of North America. Course materials will explore
historical and contemporary perspectives of gender and sexual orientation to better understand how Native communities
define and practice gender. NAS 101 or WGS 101 is a recommended prerequisite. (WGS 270 and NAS 270 are identical
courses.)
Core Curriculum/Core Requirements: Cultural Diversity and International Perspectives and Social Context and
Institutions
Course Typically Offered: Spring
Credits: 3",None,Spring,3
NAS 295,**American Indians and Climate Change**,"Introduces students to the Indian cultures of the United States and U.S. territories in the South Pacific, paying particular
attention to the issue of climate change and how it is impacting indigenous peoples in these regions; also examines
climate effects on natural resource conditions as it relates to Indian cultures and the roles indigenous groups play in
policy responses to climate change.
Core Curriculum/Core Requirements:
Course Typically Offered: Variable
Credits: 3",None,Variable,3
NAS 401,**Advanced Topics in Native American Studies**,"Provides an advanced level of study of selected topics regarding American Indians in great detail and specificity.
Prerequisites: NAS 101, junior standing and permission.
Course Typically Offered: Spring, Summer
Credits: 3","NAS 101, junior standing and permission.","Spring, Summer",3
NAS 451,**Native American Cultures and Identities**,"In this seminar, we will examine Native American cultures and identities (past and present), with special attention to
reading works by Native authors and examining topics such as the effects of colonialism on Native Americans,
representations of Native Americans in popular culture, new biological technologies like DNA testing that shape
understandings of Native identities, the role of traditional cultures in Native communities, tribal sovereignty and
economic development in the twenty-first century, and indigenous environmental perspectives.
Prerequisites: ANT 102 or NAS 101 permission
Course Typically Offered: Spring, Even Years
Credits: 3",ANT 102 or NAS 101 permission,"Spring, Even Years",3
NAV 100,**Naval Science Laboratory**,"Developed to ensure coverage of Professional Core Competency (PCC) objectives not included in formal Naval Sciences
courses. Topics deal with general Navy training, naval warfare doctrine, employment of naval forces, joint operations,
and midshipmen professional development. (Pass/Fail Grade only).
Core Curriculum/Core Requirements:
Prerequisites: Permission of instructor.
Course Typically Offered: Fall & Spring
Credits: 0",Permission of instructor.,Fall & Spring,0
NAV 101,**Introduction to Naval Science**,"Emphasizes organizational structure, warfare components, and assigned roles/missions of the U.S. Navy/USMC. Covers
all aspects of Naval Service from its relative position within DoD, to the specific warfare communities/career paths. Also
includes basic elements of leadership/Navy Core Values. Designed to give student initial exposure to many elements of
Naval culture. Also provides conceptual framework/working vocabulary for student to use on summer cruise.
Laboratories are also provided to include alcohol and drug abuse prevention, detection and control, tobacco use
cessation/prevention, suicide and HIV/AIDs prevention.
Core Curriculum/Core Requirements:
Course Typically Offered: Fall
Credits: 2",None,Fall,2
NAV 201,**Naval Ships Systems II (Weapons)**,"Outlines theory and employment of weapons systems. Student explores the processes of detection, evaluation, threat
analysis, weapon selection, delivery, guidance and explosives. Fire control systems and major weapons types are
discussed including capabilities and limitations. The physical aspects of radar and underwater sound are described.
Facets of command, control, communications, computers and intelligence are explored as means of weapons system
integration. The tactical and strategic significance of command and control warfare and information warfare is
discussed. Supplemented with review/analysis of case studies involving the moral and ethical responsibilities of leaders
in the employment of weapons. Other major themes in leadership include honor, courage, integrity, loyalty,
responsibility, authority, accountability, character development, crisis decision making, and conflict resolution.
Core Curriculum/Core Requirements:
Course Typically Offered: Spring, Odd Years
Credits: 3",None,"Spring, Odd Years",3
NAV 202,**Sea Power and Maritime Affairs**,"The history of navies in the modern period (c. 1500 to the present) including use of naval forces in the achievement of
national goals, development of naval technology and tactics, effects of naval construction and manning upon society,
sociology of navies, comparison of naval policies in various states, the current balance sheet of navies. (Additional work
will be required for Navy ROTC students.)
Core Curriculum/Core Requirements: Western Cultural Traditions, Social Context and Institutions
Credits: 3",None,Unknown,3
NAV 302,**Naval Operations and Seamanship**,"Study of relative motion, vector-analysis theory, formation tactics and ship employment. Also included are introductions
to naval operations and operations analysis, ship behavior and characteristics in maneuvering, applied aspects of ship
handling, afloat communications, and command and control. Supplemented with a review/analysis of case studies
involving moral/ethical/leadership issues pertaining to the concepts listed above.
Core Curriculum/Core Requirements:
Prerequisites: NAV 301 and permission of instructor.
Course Typically Offered: Fall, Odd Years
Credits: 3",NAV 301 and permission of instructor.,"Fall, Odd Years",3
NAV 303,**Leadership and Management**,"Comprehensive study of organizational behavior and management. Topics include survey of management functions of
planning, organizing and controlling; an introduction to individual/group behavior in organizations; and extensive study
of motivation/leadership. Major behavior theories explored in detail. Practical applications explored through using
experiential exercises, case studies and laboratory discussions. Other topics include decision making, communication,
responsibility, authority, accountability and total quality leadership.
Core Curriculum/Core Requirements:
Course Typically Offered: Spring
Credits: 3",None,Spring,3
NAV 310,**Evolution of Warfare**,"Traces development of warfare from dawn of recorded history to the present, focusing on the impact of major military
theorists, strategists, tacticians and technological developments. Students acquire a basic sense of strategy, develop an
understanding of military alternatives, and see the impact of historical precedence on military thought and actions.
Core Curriculum/Core Requirements: Western Cultural Tradition’ , ‘Social Contexts and Institutions and Cultural
Diversity and International Perspective
Prerequisites: permission of instructor.
Course Typically Offered: Spring
Credits: 3",permission of instructor.,Spring,3
NAV 411,**Fundamentals of Maneuver Warfare**,"Fundamentals of Maneuver Warfare: [Replaces NAV 410: Amphibious Warfare] Broad aspects of warfare and their
interactions with maneuver warfare doctrine. Focus on the United States Marine Corps as the premier maneuver
warfare fighting institution. Historical influences on current tactical, operational, and strategic implications of
maneuver warfare practices. Case studies. Enrollment preference to NROTC students.
Core Curriculum/Core Requirements:
Prerequisites: Permission of instructor.
Course Typically Offered: Spring
Credits: 3
New Media",Permission of instructor.,Spring,3
NMD 101,**Digital Audio Production and Podcasting**,"This course is designed to introduce students to the extensive opportunities within the field of Digital Audio Recording
such as music, podcasting, and radio. With a strong theoretical foundation concerning computer set-up and operation,
the students will explore professional production within Freeware, GarageBand, ProTools and Digital Performer
standards.
Course Typically Offered: Variable
Credits: 3",None,Variable,3
NMD 105,**Creative Coding I**,"Introduction to programming as a new media art and design practice. Use of creative processes in programming by
writing code to generate images, sound, animations, text, and interactivity. Use of computing environments such as
processing for creating and developing software “sketches” that allow visual expression. Understand and control how
data is represented in computers (data types and structures), instruct computer how make decisions on the fly
(conditionals), how and when to repeat instructions (loops), and structure and organize computer code (functions and
objects).
Core Curriculum/Core Requirements: Quantitative Literacy
Course Typically Offered: Spring
Credits: 3",None,Spring,3
NMD 106,**Time-Based Media**,"An introduction to the principles of digital filmmaking, video, and audio production. Students will learn how to shoot
and edit their own footage through a variety of creative projects. Topics include camera operation, field audio, lighting,
cinematography, and visual storytelling.
Core Curriculum/Core Requirements:
Course Typically Offered: Spring
Credits: 3",None,Spring,3
NMD 170,**3D Modeling and Animation**,"An introduction to the principles of 3D computer modeling, rendering, and animation for both professional application
and multimedia production. The primary software used in this course is Blender.
Course Typically Offered: Spring, Alternating
Credits: 3",None,"Spring, Alternating",3
NMD 200,**Designing Humane Tech**,"Examines the goals and impacts of New Media technologies. Topics include how design choices respond to and
influence our bodies, our communities, and our political, economic and ecological systems. Focus on how humane
design choices enable us to create a healthier and more sustainable world. A writing intensive class with reading,
discussion, writing assignments and conceptual design projects.
Core Curriculum/Core Requirements: Writing Intensive
Prerequisites: Sophomore Standing
Course Typically Offered: Fall
Credits: 3",Sophomore Standing,Fall,3
NMD 208,**Digital Video Production**,"This course provides the basics of video production, incorporating both lecture and laboratory experience. Students will
learn about shot composition, sound, lighting, and editing, all from a digital video format. Students will produce and
edit several projects from a variety of media formats, depending on the interests of the student.
Prerequisites: Sophomore standing or permission of instructor.
Course Typically Offered: Fall
Credits: 3",Sophomore standing or permission of instructor.,Fall,3
NMD 211,**Creative Coding II**,"Students are provided an introduction to and overview of new media and emerging technologies, interaction design, and
software development. Topics covered include social networking, mobile computing, and physical computing. Students
develop skills in research, group collaboration, brainstorming practices, concept development, and rapid project
prototyping.
Core Curriculum/Core Requirements:
Prerequisites: NMD105 or COS 120 or COS 121 or COS 125
Corequisites: NMD 100
Course Typically Offered: Fall
Credits: 3",NMD105 or COS 120 or COS 121 or COS 125,Fall,3
NMD 212,**Rapid Prototyping**,"Basic analog and digital electronics, laser cutting and 3D Printing techniques as they apply to New Media art and design
framework. Taught via a studio lab format.
Core Curriculum/Core Requirements:
Course Typically Offered: Not Regularly
Credits: 3",None,Not Regularly,3
NMD 241,**Documentary Photography and Storytelling**,"The constant evolution of digital technology has broadened the definition of documentary and as such, the tools to
effectively tell a story have become more accessible. As a result, understanding the basic concepts of storytelling has
never been more important. What makes a story interesting and compelling to a broad audience has not changed, only
the tools to tell a story have. The root of this course will be based around gaining an understanding of storytelling
through digital photography. Primary focus of this course will be educating students on how to take advantage of a
variety of technologies for the specific purpose of creative expression from the perspective of a photographic
documentarian.
Core Curriculum/Core Requirements: Artistic and Creative Expression
Course Typically Offered: Every Year
Credits: 3",None,Every Year,3
NMD 245,**Film Criticism and Theory**,"Students will develop skills in the analysis of form and content so that they will achieve proficiency in the use of film
studies vocabulary. Participants will learn to think critically about the media industry and to evaluate film as an art form,
individual psychological experience, technology, social text, and commodity. (CMJ 245 and NMD 245 are identical
courses.)
Core Curriculum/Core Requirements:
Course Typically Offered: Spring
Credits: 3",None,Spring,3
NMD 251,**Electronic Music Composition II: Composing a Process**,"A companion of NMD 250. Offers an introduction to creating Electronic Music, and electronic art in general, in the form
of a process rather than as a fixed object. From John Cage through Conceptualism, viewing art-making as “composing a
process” is central to much contemporary art, particularly in New Media. Students will be introduced to compositional
methods such as indeterminacy, algorithmic composition, systems analysis and interactivity as well as fundamentals of
digital audio synthesis and composing in the Max/MSP environment. Students will be expected to regularly produce
and discuss work in relation to the theoretical history of Electronic Music.
Core Curriculum/Core Requirements:
Course Typically Offered: Spring
Credits: 3",None,Spring,3
NMD 295,**Topics in New Media**,"Topics not regularly covered in other new media courses. Content varies to suit current needs. May be repeated for
credit.
Core Curriculum/Core Requirements:
Course Typically Offered: Variable
Credits: 1-3",None,Variable,1-3
NMD 324,**Introduction to Narrative Film Making**,"The first part in a two-semester course in the process, theory, practice and problems of digital filmmaking. Through the
examination of films, narrative fiction and the completion of out-of-class assignments, students will gain insight into the
realm of digital filmmaking. Structured as both an academic and “hands-on” approach to the language, method and
theory of digital filmmaking through applied concepts and process. May be repeated for credit.
Core Curriculum/Core Requirements:
Course Typically Offered: Fall
Credits: 3",None,Fall,3
NMD 340,**Designing and Creating Websites**,"This course focuses on work with real-world clients to create Web pages or responsive apps with compelling designs and
interactive features. A review of basic graphic design, HTML, CSS, simple PHP and web architecture tools like
WordPress provides a technical foundation combined with critical skills for collaboration, negotiation and teamwork.
Students apply these to tell a digital story that represents community or client values, and then apply the same skills of
designing, coding and networking to produce a professional portfolio of their creative work as New Media students.
Core Curriculum/Core Requirements:
Prerequisites: Sophomore standing and NMD 104
Course Typically Offered: Spring
Credits: 3",Sophomore standing and NMD 104,Spring,3
NMD 343,**SL: Digital Narrative Workshop I**,"Explores emerging forms of digital storytelling and how these new forms transform authorship, audience, interaction
and publishing. Students produce their own original narratives using digital storytelling techniques, web based media,
and non-linear game-like environments. Team projects and skill sharing encouraged. Field work outside the classroom
and publication of a storytelling project for community partners. This course has been designated as a UMaine service-
learning course.
Prerequisites: Sophomore Standing
Corequisites: NMD 200
Course Typically Offered: Fall
Credits: 3",Sophomore Standing,Fall,3
NMD 344,**Motion Graphics & Design I**,"An introduction to motion graphics and design principles. Students will learn how to imbue traditional 2D design with
motion and explore different techniques used in professional application.
Core Curriculum/Core Requirements:
Prerequisites: NMD 104 and NMD 106 or permission
Course Typically Offered: Spring
Credits: 3",NMD 104 and NMD 106 or permission,Spring,3
NMD 347,**Artificial Intelligence for Art and Design**,"Introduction to techniques, historical contexts, and conceptual approaches to artificial intelligence as a creative
medium. Cognitive science debate on theories of the mind impacts of AI on society as intellectual labor is replaced by
algorithms, and the divide between autonomy and authorship in working with AI for artmaking. Introduction to
different movements and techniques within AI, such as cybernetics, artificial life, nouvelle AI, expressive AI, neural
networks, genetic algorithms, machine learning, and deep learning. Students directly apply understanding in creating
original works using different approaches.
Core Curriculum/Core Requirements:
Prerequisites: NMD 200 and NMD 211
Course Typically Offered: Not Regularly Offered
Credits: 3",NMD 200 and NMD 211,Not Regularly Offered,3
NMD 358,**Documentary Film Criticism and Theory**,"Centered around the Camden International Film Festival, this course engages students in critically assessing
documentary films through an understanding of the genre’s history, theoretical foundations, and means of production,
aspects particularly relevant in this age of rapidly evolving media. Students will be exposed to various new technologies
during the festival on the development, production and distribution of contemporary non-fiction film. Besides periodic
class meetings across the semester and four days attendance at the Festival, students will have opportunities to discuss
documentaries in public forums and meetings with documentary professionals in seminar conferences. Students will
develop in-depth research projects, either developing their own documentaries or writing analytic papers on issues core
to the field. If this course was taken under as a topics course in NMD 398, it cannot be repeated for credit.
Core Curriculum/Core Requirements:
Course Typically Offered: Fall
Credits: 3",None,Fall,3
NMD 424,**Narrative Film Making**,"The second part in a two-semester course in the process, theory, practice and problems of digital filmmaking.
Concentrates on practical experience. Students will learn the cinematic process through direct development and
production of short subject digital films. Structured as both an academic and “hands-on” approach to the language,
method and theory of digital filmmaking. May be repeated for credit.
Core Curriculum/Core Requirements:
Prerequisites: NMD 324 or permission
Course Typically Offered: Variable
Credits: 3",NMD 324 or permission,Variable,3
NMD 430,**Topics in New Media**,"An exploration of intermediate and advanced topics in multimedia production and design, including, among others,
digital video production, software and hardware design or, electronic publishing. Designed to provide students with a
deeper and more sophisticated experience with a multimedia issue, tool, or skill–or combination of all three.
Core Curriculum/Core Requirements:
Prerequisites: Department consent.
Course Typically Offered: Variable
Credits: 1-3",Department consent.,Variable,1-3
NMD 441,**Documentary Video and Storytelling**,"Provides the essential skills, concepts and processes used by documentary still photographers and audio producers to
create professional quality digital mixed media products for the Internet and other interactive media.
Core Curriculum/Core Requirements:
Prerequisites: NMD 241 or permission
Course Typically Offered: Spring
Credits: 3",NMD 241 or permission,Spring,3
NMD 442,**User Experience Design**,"This is a course that explores major concepts in designing the User Experience (UX). UX Design plays a critical role in
the successes and effectiveness of any product, application and service. It’s just not enough to have technologically
advanced and aesthetically appealing products, applications and services - it is critical that they deliver a good user
experience to their end users.
In order to understand the foundations of UX Design, this course will provide a comprehensive overview of the user
experience design process and is intended to familiarize students with the methods, concepts, and techniques necessary
to make user experience design an integral part of developing effective interactions. The course provides students with
an opportunity to acquire the resources, skills, and hands-on experience they need to design, develop, and evaluate
information interfaces from a user-centered design perspective.
Core Curriculum/Core Requirements:
Prerequisites: NMD 211 or permission
Course Typically Offered: Every Year
Credits: 3",NMD 211 or permission,Every Year,3
NMD 444,**Motion Graphics & Design II**,"An exploration into advanced motion design techniques such as rigging, compositing, motion tracking, and special
effects. Students will learn how to merge motion graphics and video, allowing for more complex compositions.
Core Curriculum/Core Requirements:
Prerequisites: A grade of C- or better in NMD 344
Course Typically Offered: Fall
Credits: 3",A grade of C- or better in NMD 344,Fall,3
NMD 445,**Mobile Applications**,"Mobile applications have become one of the predominant ways that people interact with each other. Yet designing and
developing apps for phones and tables typically requires a mastery of a half-dozen languages and platforms. This course,
by contrast, builds on familiar Web design and development skills taught in NMD 345, Web Applications, to produce a
working app for common mobile platforms such as iOS and Android by using a full-stack approach. Students conceive
and produce an app that interchanges data with the cloud to offer access to new information or connect people in new
ways.
Core Curriculum/Core Requirements:
Prerequisites: A grade of C- or better NMD 345
Course Typically Offered: Every Year
Credits: 3",A grade of C- or better NMD 345,Every Year,3
NMD 498,**New Media Capstone I**,"In this first semester of a two-part course, students conceive and build a complex, self-determined new media project.
Students are expected to bring an ambitious yet feasible idea to the course. The first semester emphasizes extensive
research, writing, and in-class presentations, followed by a series of working prototypes developed in an iterative
fashion. This semester fulfills the Writing Intensive general education requirement. High levels of maturity, creativity,
self-discipline and personal organization are expected.
Core Curriculum/Core Requirements: Writing Intensive requirement. Together with NMD 499, this course also
satisfies the General Education Capstone Experience Requirements.
Prerequisites: Senior Standing and a grade of C- or better in NMD 306.
Course Typically Offered: Fall
Credits: 3",Senior Standing and a grade of C- or better in NMD 306.,Fall,3
NUR 101,**Issues and Opportunities in Nursing**,"Introduces first-year Nursing students to issues in nursing education and University resources. Assists with the
development of writing and critical thinking skills. Seeks to enhance cultural growth and understanding and to influence
the establishment of self-care and wellness as a priority for nursing students. Discussion of legal and ethical aspects and
professional organizations in nursing. Students meet clinical faculty in order to explore their education and experiences
in nursing.
Core Curriculum/Core Requirements:
Course Typically Offered: Fall
Credits: 1",None,Fall,1
NUR 102,**Foundations of Nursing Practice I**,"This course is designed to introduce students to professional nursing practice. Offers students the opportunity to apply
nursing concepts and attitudes in a collaborative, classroom setting. Students will develop nursing strategies to explore
patient centered care, safety, comfort, and communication that will meet the American Association of Colleges of
Nursing Essentials for Nursing Education. Guiding course principles include foundations of the nursing profession,
quality and safety towards delivering evidence-based healthcare utilizing the nursing process.
Core Curriculum/Core Requirements:
Prerequisites: NUR major; BIO 100, BMB 207, BMB 209, and NUR 101
Corequisites: NUR 106
Course Typically Offered: Fall & Spring
Credits: 2","NUR major; BIO 100, BMB 207, BMB 209, and NUR 101",Fall & Spring,2
NUR 106,**Foundations of Nursing Practice I LAB**,"This course is designed to introduce fundamentals of nursing practice by applying an evidence-based approach within a
laboratory learning environment. Students will develop foundational nursing skills for clinical practice to promote
quality-based patient care that aligns with American Association of Colleges of Nursing Essentials for Nursing
Education.
Core Curriculum/Core Requirements:
Prerequisites: Nursing Major, BIO 100, or both BMB 207 and BMB 209.
Corequisites: NUR 102
Course Typically Offered: Fall and Spring
Credits: 0.5","Nursing Major, BIO 100, or both BMB 207 and BMB 209.",Fall and Spring,0
NUR 150,**Scholarship of Wellness & Mindfulness**,"This course follows an immersive bridge-week curriculum where students engage in evidence-based practices that
integrate artistic and creative practices of mindfulness, yoga, and cooking within a scientific case-based research study
focused on their wellness. Students engage and critique the practices through the lens of holistic health and examine
their effects on a range of personal quantitative and qualitative health variables. They practice mindfulness and learn
about research design and analysis using personal Fitbit data. The course guides the students through the intellectual
skill of developing a personal well-being and wellness laboratory report.
Core Curriculum/Core Requirements: Artistic and Creative Expression and Quantitative Lit
Prerequisites: Nursing Major or permission
Course Typically Offered: Fall and Spring
Credits: 1",Nursing Major or permission,Fall and Spring,1
NUR 165,**Introduction to Care of the Older Adult**,"This course provides a foundation of essential knowledge, skills and attitudes in the provision of care to older adults.
The content focuses on aging as a normal development process and includes analysis of issues confronting this
population. The course focuses on older adults as vibrant and essential members of society with an emphasis on the
health professionals’ role in promoting older adult wellness and health. Key recommendations and evidence-based
practice from leading geriatric organizations are embedded into
the course.
Core Curriculum/Core Requirements:
Course Typically Offered: Fall and Spring
Credits: 1",None,Fall and Spring,1
NUR 166,**Healthcare Informatics**,"This course provides foundational knowledge regarding informatics for health care professionals. Emphasis is placed on
the knowledge and skill used in information management and patient care technology to deliver safe and effective
patient-centered care.
Core Curriculum/Core Requirements:
Course Typically Offered: Fall and Spring
Credits: 1",None,Fall and Spring,1
NUR 201,**Care of Adults I Clinical**,"This course introduces the student to the professional nursing role in direct care learning experiences. Students will
build on knowledge, skills and attitudes gained from the science and humanities, previous and concurrent nursing
courses in the provision of professional nursing care to adults. This clinical experience will provide students with the
opportunities to apply theoretical knowledge, critical thinking, and basic nursing skills when implementing safe patient
care.
Course Note: Overall cumulative GPA 3.0 and cumulative lab/science GPA of 3.0 required.
Prerequisites: Nursing Major; minimum grade of C in the following: NUR 102, NUR 103, NUR 106, BIO 100, BIO
208, BMB 207, BMB 209, BMB 240, BMB 241
Corequisites: NUR 200 and NUR 202
Course Typically Offered: Fall & Spring
Credits: 1.5","Nursing Major; minimum grade of C in the following: NUR 102, NUR 103, NUR 106, BIO 100, BIO",Fall & Spring,1
NUR 202,**Application of Theory to Nursing Practice I**,"This course prepares students to provide holistic evidence-based nursing care through laboratory learning experiences.
Students will develop the knowledge, skills, and attitudes required to meet selected core competencies for safe patient
care. Lab: 2
NOTE: students must have a cumulative Lab/Science GPA of 3.0
Core Curriculum/Core Requirements:
Prerequisites: Nursing major; Minimum grade of C in BIO 100, BIO 208, BMB 207, BMB 209, BMB 240, BMB 241,","Nursing major; Minimum grade of C in BIO 100, BIO 208, BMB 207, BMB 209, BMB 240, BMB 241,",Unknown,N/A
NUR 203,**Dosage Calculation for Nurses**,"This course provides the foundation for safe dosage calculation for medication administration. Learners will adapt a
standard method to calculate dosages of enteral and parenteral medications including intravenous infusions and
methods. Special considerations for pediatrics and older adults will also be addressed. Essential medication delivery
mechanisms and mathematics will be emphasized.
Core Curriculum/Core Requirements: Quantitative Literacy
Prerequisites: NUR 102, NUR 103, NUR 106, MAT 111 or higher, and STS 132
Course Typically Offered: Fall and Spring
Credits: 1","NUR 102, NUR 103, NUR 106, MAT 111 or higher, and STS 132",Fall and Spring,1
NUR 214,**Mindfulness-Based Stress Reduction**,"Mindfulness-Based Stress Reduction (MBSR) is an empirically-supported 8-week psycho-educational group
intervention that teaches mindfulness meditation as a health intervention. Created by Dr. Jon Kabat-Zinn in 1979.
MBSR offers participants the possibility to develop a different relationship to stress resulting from chronic physical and
psychological illnesses. Research outcomes have demonstrated positive improvements in physical and psychological
symptoms and changes in health attitudes and behaviors.
Core Curriculum/Core Requirements: Artistic and Creative Expression
Course Typically Offered: Fall and Spring
Credits: 2",None,Fall and Spring,2
NUR 300,**Health Assessment Through the Lifespan**,"Develops the knowledge and skills necessary to conduct an individual assessment. Emphasis on data collection through
the development of communication, interviewing, history-taking and physical examination skills. Lec 3, Lab 3.
NOTE: students must have a cumulative Lab/Science GPA of 3.0
Core Curriculum/Core Requirements:
Prerequisites: Nursing Major; Minimum grade of C in BIO 100, BIO 208, BMB 207, BMB 209, BMB 240, BMB 241,","Nursing Major; Minimum grade of C in BIO 100, BIO 208, BMB 207, BMB 209, BMB 240, BMB 241,",Unknown,N/A
NUR 301,**Care of Adults II**,"This course builds on the knowledge, skills and attitudes mastered in all preceding nursing courses, sciences and social
sciences. Students will develop the ability to collaborate with other members of the health care team in providing
comprehensive care to adults in a variety of clinical settings. Concepts of patient-centered care, quality improvement,
evidence-based practice, safety, informatics, team-work and collaboration are further developed in the context of care of
adults with acute and chronic health problems.
Core Curriculum/Core Requirements:
Prerequisites: Nursing Major; NUR 200, NUR 201, NUR 202, NUR 300, NUR 303, and NUR 308
Corequisites: NUR 302, NUR 306, and NUR 316
Course Typically Offered: Fall, Spring and Summer
Credits: 3","Nursing Major; NUR 200, NUR 201, NUR 202, NUR 300, NUR 303, and NUR 308","Fall, Spring and Summer",3
NUR 302,**Application of Theory to Nursing Practice II**,"This laboratory based, skill building course prepares students to provide complex patient-centered care of adults with
acute and chronic health problems. Students will develop the knowledge, skills and attitudes to meet selected core
competencies of safe, high quality, evidence-based patient care. This laboratory course also provides students with the
mathematics skills necessary to provide safe patient care.
Prerequisites: Nursing major, minimum of C in NUR 200, NUR 201, NUR 202, NUR 300, NUR 303
Corequisites: NUR 301, NUR 306 and NUR 316
Course Typically Offered: Fall and Spring
Credits: 1","Nursing major, minimum of C in NUR 200, NUR 201, NUR 202, NUR 300, NUR 303",Fall and Spring,1
NUR 306,**Care of Adults II Clinical**,"This course expands the student’s understanding of the professional nursing role through the direct care of adults with
acute and chronic health problems in a variety of clinical settings. Students continue to use knowledge, skills and
attitudes gained from the sciences, humanities, and previous and concurrent nursing courses to provide high quality care
that is based on standards of practice and current evidence. Students apply theoretical knowledge, clinical reasoning
and complex nursing skills when implementing safe patient care (six clinical hours per week).
Core Curriculum/Core Requirements:
Prerequisites: NUR 200, NUR 201, NUR 202, NUR 203, NUR 300, NUR 303, and NUR 308
Course Typically Offered: Fall and Spring
Credits: 2","NUR 200, NUR 201, NUR 202, NUR 203, NUR 300, NUR 303, and NUR 308",Fall and Spring,2
NUR 308,**Health Assessment through the Life Span Lab**,"Develops the knowledge and skills necessary to conduct an individual assessment through actual and virtual laboratory
activities. Emphasis on data collection through the development of communication, interviewing, history taking and
physical examination skills.
Course note: Overall cumulative GPA 3.0; cumulative Lab/Science GPA of 3.0.
Core Curriculum/Core Requirements:
Prerequisites: Nursing Major; minimum grade of C in BIO 100, BIO 208, BMB 207, BMB 209, BMB 240, BMB 241,","Nursing Major; minimum grade of C in BIO 100, BIO 208, BMB 207, BMB 209, BMB 240, BMB 241,",Unknown,N/A
NUR 321,"**Maternal, Newborn, and Women’s Health Nursing Clinical**","Encompasses Obstetrical lab in the LRC for four hours and seven days (8 hrs per shift) on the maternity/newborn unit at
Eastern Maine Medical Center. Students will be assigned to a community hospital of their choice for two days (8 hrs per
day) and a primary care setting that serves women and their families (8 hrs per day). Total clinical hours 84. Students
will register for one day of clinical per week and will complete all clinical assignments on that day.
Core Curriculum/Core Requirements:
Prerequisites: NUR 320.
Corequisites: NUR 320
Course Typically Offered: Fall & Spring
Credits: 2",NUR 320.,Fall & Spring,2
NUR 334,**Care of Adults III**,"This course continues to extend the student’s understanding of the knowledge, skills and attitudes required to provide
holistic, evidenced-based care of adults with chronic and complex health concerns. Concepts of patient-centered care,
quality improvement, safety, teamwork and collaboration, and informatics are highlighted with this patient population.
Exemplars provide the basis for discussion of current research, evidence from clinical practice and best practice models
for this patient population.
Core Curriculum/Core Requirements:
Prerequisites: NUR 340, NUR 341, NUR 413, NUR 414, NUR 415
Corequisites: NUR 335
Course Typically Offered: Fall & Spring
Credits: 3","NUR 340, NUR 341, NUR 413, NUR 414, NUR 415",Fall & Spring,3
NUR 340,**Psychiatric Mental Health Nursing**,"Builds on previously learned knowledge to promote a greater understanding of the nurse’s role in the care of clients who
have mental health needs. Content includes an overview of mental illnesses and major treatment modalities, with an
emphasis on the use of the nursing process in patient care. A major focus is the therapeutic use of relationship and
communication skills in all health care settings.
Core Curriculum/Core Requirements:
Prerequisites: NUR 301, NUR 302, NUR 306, NUR 316
Corequisites: NUR 341 (may be taken prior to NUR 341 with department consent)
Course Typically Offered: Fall & Spring
Credits: 3","NUR 301, NUR 302, NUR 306, NUR 316",Fall & Spring,3
NUR 404,**Fundamentals of Pharmacology**,"The basic concepts of pharmacology for health professionals, introducing pharmacodynamics and kinetics. Emphasis on
clinical pharmacology of major drug categories and major drug interactions.
Core Curriculum/Core Requirements:
Prerequisites: For Nursing Majors; NUR 303, BMB 207/209, BMB 208/210, BIO 208.
Corequisites: NUR 301 or permission
Course Typically Offered: Fall & Spring
Credits: 3","For Nursing Majors; NUR 303, BMB 207/209, BMB 208/210, BIO 208.",Fall & Spring,3
NUR 414,"**Maternal, Newborn, and Women’s Health Nursing Clinical**","Students provide comprehensive family-centered care for childbearing families in acute and primary care settings.
Students also have clinical simulation experiences in the School of Nursing Learning Resource Center.
Core Curriculum/Core Requirements:
Prerequisites: NUR 301, NUR 302, NUR 306, NUR 316
Corequisites: NUR 413
Course Typically Offered: Fall & Spring
Credits: 1","NUR 301, NUR 302, NUR 306, NUR 316",Fall & Spring,1
NUR 415,**Socio-Cultural Issues in Health and Health Care**,"This course explores social and cultural influences on health and illness. Cultural diversity, cultural competence, social
determinants of health, health disparities, and health literacy will be topics covered.
Core Curriculum/Core Requirements: Social Contexts and Institutions and Cultural Diversity and International
Perspectives
Prerequisites: Nursing Major or Non-nursing by department consent
Course Typically Offered: Fall and Spring
Credits: 3",Nursing Major or Non-nursing by department consent,Fall and Spring,3
NUR 417,**Nursing Care Management of Children and Families Clinical**,"Students utilize the nursing process to provide comprehensive nursing care for pediatric patients and families in acute
and primary care settings.
Core Curriculum/Core Requirements:
Prerequisites: NUR 340, NUR 341, NUR 413, NUR 414, NUR 415
Corequisites: NUR 416 (may be taken prior to NUR 416 with department consent)
Course Typically Offered: Fall & Spring
Credits: 1","NUR 340, NUR 341, NUR 413, NUR 414, NUR 415",Fall & Spring,1
NUR 419,**Introduction and Service to Global Health**,"This course will introduce students to global health concepts and will explore global burden of diseases, social and
environmental determinants of health, implications of migration, travel and displacement, and globalization of health
and healthcare. The students will learn about health disparities in undeserved and underprivileged countries. The
meaning of global citizenship and the role of the nurse as an advocate for human rights will be explored. Field and living
conditions may be rigorous and/or primitive and include travel/overnight stay. The course will meet weekly prior to the
travel component. There is a fee associated with this course for travel expenses. This course is for students that are in the
Nursing Major.
Core Curriculum/Core Requirements:
Prerequisites: Permission
Course Typically Offered: Spring
Credits: 3",Permission,Spring,3
NUR 440,**Nursing Care Management of Adults II**,"One of two senior level courses focusing on acute and chronic complex health problems with emphasis on major life
threatening illnesses. Functional health patterns provide the basis for course organization. The role of the nurse in
health promotion, illness management, independent and collaborative decision making, and professional issues
encountered in practice are discussed in class. Lec 2.
Core Curriculum/Core Requirements:
Prerequisites: NUR 320, NUR 321, NUR 330, NUR 331 and NUR 404. Senior standing in School of Nursing and
permission.
Course Typically Offered: Fall & Spring
Credits: 3","NUR 320, NUR 321, NUR 330, NUR 331 and NUR 404. Senior standing in School of Nursing and",Fall & Spring,3
NUR 444,**Management and Leadership in Health Care System**,"This course focuses on leadership and management competencies needed by professional nurses to be successful in
leading themselves, others and organizations as a full partner in inter-professional teams. Theoretical and evidence-
based frameworks are used to analyze current best practices in leadership and management. Emphasis is placed on the
student’s understanding of leadership roles, systems communications, team dynamics, quality improvement, and
resource management. Leadership activities and projects provide opportunities for students to expand their leadership
and management skills and to assume the role of nurse as a change agent.
Core Curriculum/Core Requirements:
Prerequisites: NUR 334, NUR 335, NUR 416, NUR 417, NUR 452, and NUR 453
Corequisites: NUR 447 and NUR 455 and NUR 456
Course Typically Offered: Fall & Spring
Credits: 3","NUR 334, NUR 335, NUR 416, NUR 417, NUR 452, and NUR 453",Fall & Spring,3
NUR 451,**Clinical Practice in Psychiatric Mental Health Nursing**,"Clinical experiences offer students the opportunity to apply knowledge and skills in the direct care of patients. Helps
students gain a greater understanding of mental illnesses and disorders, expand their knowledge of psychotropic
medications, develop skills in therapeutic communication, and apply a broad range of therapeutic interventions that can
be used in a variety of treatment settings. Students are expected to develop insight into their own preconceptions about
mental illness, as well as greater self-awareness of personal responses to patient care situations.
Core Curriculum/Core Requirements:
Prerequisites: NUR 450 or concurrently.
Course Typically Offered: Fall & Spring
Credits: 2",NUR 450 or concurrently.,Fall & Spring,2
NUR 452,**Community and Population Health**,"Introduces students to the concepts and principles of community health care. Students will gain knowledge about
primary, secondary, tertiary prevention, public health frameworks, policy, health determinants, and epidemiology.
Students will develop evidence-based, population-focused interventions about current public and community health
issues. Students perform population and community assessments and interventions as well as engage in extensive
service learning.
Core Curriculum/Core Requirements: Population and the Environment
Prerequisites: Nursing major, minimum grade of C in NUR 334, NUR 335, NUR 340 and NUR 341
Corequisites: NUR 453
Course Typically Offered: Fall & Spring
Credits: 3","Nursing major, minimum grade of C in NUR 334, NUR 335, NUR 340 and NUR 341",Fall & Spring,3
NUR 455,**Senior Clinical Practicum**,"A capstone experience in which students apply knowledge gained from all prior semesters, including theoretical, clinical,
and research knowledge for the provision of evidence-based, safe patient care. Students are partnered with expert
nurses providing acute and chronic health care services in a variety of settings.
Core Curriculum/Core Requirements: Capstone Experience and Ethics
Prerequisites: NUR 334, NUR 335, NUR 416, NUR 417, NUR 435, NUR 452, NUR 453
Corequisites: NUR 444, NUR 447 and NUR 456
Course Typically Offered: Fall & Spring
Credits: 5","NUR 334, NUR 335, NUR 416, NUR 417, NUR 435, NUR 452, NUR 453",Fall & Spring,5
NUR 495,**Independent Study in Nursing**,"Individualized study with permission of the instructor. May or may not have an experiential component.
Core Curriculum/Core Requirements:
Prerequisites: Permission of instructor.
Course Typically Offered: Fall & Spring
Credits: 1-3",Permission of instructor.,Fall & Spring,1-3
NUR 497,**Projects in Nursing**,"Individualized project with permission of the instructor. May or may not have an experiential component.
Core Curriculum/Core Requirements:
Prerequisites: Permission.
Course Typically Offered: Fall & Spring
Credits: 1-3
Peace Studies",Permission.,Fall & Spring,1-3
PAX 250,**Peace and Pop Culture**,"Incorporates case studies and creative expression by active artist-peace builders working in different media throughout
the World. Students will investigate the sources, causes, processes and products that reside at the intersection of peace
and popular culture. Students will interpret, analyze and evaluate examples from art, music, theater, dance, poetry,
literature, museums, gardens, trails, film, television, magazine, cartoon, radio, Internet, video game, and comic book
publishing industries.
Core Curriculum/Core Requirements: Social Contexts and Institutions’ , ‘Artistic and Creative Expression’ , ‘and
Writing Intensive
Course Typically Offered: Fall & Summer
Credits: 3",None,Fall & Summer,3
PAX 260,**Realistic Pacifism**,"Using the international examples of such pragmatic practitioners of non-violence as Gandhi, this course explores the
promise and success of peacemaking. The broad influences of religion, democracy and social justice movement as
applied to the struggle against global terrorism, and the ways in which these complex factors can converge to create a
culture of forgiveness, reconciliation and restorative justice, will be the focus of the course.
Core Curriculum/Core Requirements: Social Contexts and Institutions and Writing Intensive
Course Typically Offered: Spring
Credits: 3",None,Spring,3
PAX 290,**Nonviolence: Perceptions and Perspectives**,"Nonviolence is a cornerstone of Peace and Reconciliation Studies, and a thorough understanding of the history, theory,
and practice of the ideas and ethics relating to nonviolence is essential. This interdisciplinary course investigates the
development of theories of nonviolence and philosophical, cultural, and religious perspectives on nonviolence. Examples
of the practice of nonviolence from across the globe are highlighted, and the skills and tools necessary for the ethical
practice of nonviolence and the creation of cultures of peace are investigated. This course is required for the Peace and
Reconciliation Studies minor and certificates.
Core Curriculum/Core Requirements: Cultural Diversity or International Perspectives and Ethics.
Course Typically Offered: Spring
Credits: 3",None,Spring,3
PAX 351,**This Sacred Earth: Ecology and Spirituality**,"Examines Eastern and Western views on the environment in terms of spiritual traditions. A major part of the course
addresses a new approach to spirituality of nature, called Deep Ecology which includes ecotheology and ecofeminist
spirituality.
Core Curriculum/Core Requirements: Ethics
Course Typically Offered: Spring
Credits: 3",None,Spring,3
PAX 398,**Topics in Peace and Reconciliation Studies**,"Explores peace and reconciliation studies through more in-depth study of specific topics drawn from the introductory
course, such as the roles of technology, religion, gender, ethnicity and social stratification in the establishment and
maintenance of peace and reconciliation studies. May be repeated for credit.
Core Curriculum/Core Requirements:
Course Typically Offered: Fall & Spring
Credits: 3",None,Fall & Spring,3
PAX 410,**Theories in Peace and Reconciliation Studies**,"An exploration and critical discussion of historical and contemporary theories about conflict, peace, and reconciliation.
Course offered via WebCT.
Core Curriculum/Core Requirements:
Prerequisites: PAX 201 or permission.
Course Typically Offered: Spring
Credits: 3",PAX 201 or permission.,Spring,3
PAX 451,"**Mediation: Its Premises, Practices and Policies**","Introduces students to the theory and practice of mediation. Participants will reflect together on the nature and origins
of conflict and its impact on society and individuals. Students will acquire and practice the skills needed for effective
conflict management.
Core Curriculum/Core Requirements:
Course Typically Offered: Spring
Credits: 3",None,Spring,3
PAX 470,**Sustainable Communication: The Theory and Practice of Nonviolent**,"Communication
This three credit interdisciplinary course combines the principles of Peace and Reconciliation Studies with cutting edge
work in conflict transformation and reconciliation through dialogue. Based on the work of clinical psychologist Marshall
Rosenberg, participants will investigate and practice the Nonviolent Communication (NVC) process he developed. The
course will provide participants with concrete skills in thinking and speaking which are necessary for analyzing and
addressing conflict in a variety of settings. The goal is to increase peace in themselves, their personal and work
communities, and the world. Additionally, a goal is to provide students with specific tools to work collaboratively within
any team experience to enhance the likelihood of success in any future endeavor through building a process to maintain
and sustain efforts for the long term.
This process is beneficial for enhancing and sustaining peace, good will, and collaboration among people who work in
education, health care, social work, psychology, international relations, sustainable community development, human
development, mediation and conflict resolution, the creative arts and business. The skills learned are useful in personal
and family relationships.
Core Curriculum/Core Requirements:
Course Typically Offered: Summer
Credits: 3",None,Summer,3
PAX 490,**Special Topics in Peace and Reconciliation Studies**,"Review of specific subject areas in the field. Subject areas vary by semester. May be repeated for credit.
Course Typically Offered: Fall, Spring, Summer
Credits: 3",None,"Fall, Spring, Summer",3
PAX 498,**Special Projects in Peace and Reconciliation Studies**,"Advanced individual study, research and written projects in Peace and Reconciliation Studies and related areas,
conducted under the guidance of a faculty member associated with the Peace and Reconciliation Studies Program.
Arranged on request. May be repeated for credit.
Core Curriculum/Core Requirements:
Prerequisites: PAX 201 or permission.
Course Typically Offered: Variable
Credits: 1-6
Philosophy",PAX 201 or permission.,Variable,1-6
PHI 100,**Contemporary Moral Problems**,"Examines a variety of moral problems causing controversy in contemporary society. Focuses on evaluating arguments
for and against competing solutions to these problems. Also discusses different philosophical strategies for thinking
about moral obligations and relationships. Topics surveyed may include: abortion, affirmative action, euthanasia,
feminism, the environment, capital punishment, welfare and aid to the needy, technology, war and racism, among
others.
Core Curriculum/Core Requirements: Ethics’ , ‘Western Cultural Tradition and Social Contexts and Institutions
Course Typically Offered: Fall & Spring
Credits: 3",None,Fall & Spring,3
PHI 103,**Think!**,"A study of principles used to distinguish correct from incorrect reasoning including the nature of thought, uses of
language, recognition of arguments, informal fallacies, purposes and types of definition, deduction and induction.
Emphasis on understanding and mastering through practice some fundamental techniques for testing the soundness of
many different kinds of reasoning.
Core Curriculum/Core Requirements: Western Cultural Tradition
Course Typically Offered: Every Year
Credits: 3",None,Every Year,3
PHI 104,**Existentialism and Literature**,"A critical study of philosophical significance of individual choices and actions involving questions of personal identity,
responsibility and authenticity as these themes are developed in existentialist literature. Special attention will be given to
existentialist literary techniques.
Core Curriculum/Core Requirements: Ethics’ , ‘Western Cultural Tradition and Artistic and Creative Expression
Course Typically Offered: Fall & Spring
Credits: 3",None,Fall & Spring,3
PHI 132,"**Life, Technology and Evolution**","A philosophical study of the relationship between our evolutionary past, the emergence of cultures and technologies that
define our human present, and the sustainability of life given the environmental challenges of the future. Focus will be
given to recent ethical and ecological issues in biotechnology, local climate change issues and inter-disciplinary thinking.
Core Curriculum/Core Requirements: Population and Environment
Course Typically Offered: Every Year
Credits: 3",None,Every Year,3
PHI 201,**Practicing Philosophy**,"An introduction to the methods and conventions of contemporary philosophy, with a focus on providing students with
the skills needed to read, understand, discuss, analyze, and write philosophy. Through this writing intensive course,
students will learn techniques, terminology, and diverse styles of doing philosophy. It has no prerequisites and is open to
all students interested in developing philosophical and writing skills. Typically offered once a year with varying topics.
Core Curriculum/Core Requirements: Western Cultural Tradition, Writing Intensive
Prerequisites: N/A
Corequisites: N/A
Course Typically Offered: Fall
Credits: 3",N/A,Fall,3
PHI 210,**Classical Greek & Roman Philosophy**,"An analysis of Hellenic philosophy with emphasis on Plato and Aristotle, including Presocratic philosophy, Platonism,
Aristotelianism, Stoicism and Epicureanism.
Core Curriculum/Core Requirements: Ethics’ , ‘Western Cultural Tradition
Prerequisites: No first-year students or permission.
Course Typically Offered: Fall
Credits: 3",No first-year students or permission.,Fall,3
PHI 221,**Classical Chinese Philosophy**,"This course provides an introduction to major philosophical schools in the “classical” period of (pre-Qin) China,
including Confucianism, Mohism, Daoism, and Legalism. We will concentrate on early debates over human nature and
the best practices of self-cultivation, the general nature of the cosmos and the human role in it, and the proper ordering
of society. We will read not only the original texts by early Chinese philosophers, but also contemporary discussions and
developments of their views. These different philosophical positions greatly influenced later Chinese intellectual and
social history, including the development of Buddhism, and shaped cultures and religions in Japan, Korea, and
Southeast Asia as well. Thus, understanding these early debates is an important stepping-stone for understanding East
Asian thought and culture generally.
Core Curriculum/Core Requirements: Cultural Diversity and International Perspectives and Ethics
Prerequisites: Sophomore Standing or Permission
Course Typically Offered: Alternating years
Credits: 3",Sophomore Standing or Permission,Alternating years,3
PHI 230,**Ethics**,"Readings and discussions of works by Aristotle, Mill, Kant, Nietzsche and other moral philosophers. In each case, the
nature of the system, its summum bonum and defense is examined, criticized, and tested for its applicability to personal
and public ethical predicaments.
Core Curriculum/Core Requirements: Ethics and Western Cultural Tradition
Prerequisites: No first-year students or one course in philosophy.
Course Typically Offered: Variable
Credits: 3",No first-year students or one course in philosophy.,Variable,3
PHI 231,**Topics in Applied Ethics**,"Deals with the ethical issues in various professions and practices such as business, law, agriculture, government, science,
teaching and journalism. Different sections may focus on specific professions or problem areas (e.g.., Business Ethics,
Environmental Ethics, etc..)
Core Curriculum/Core Requirements: Ethics’ , ‘Western Cultural Tradition and Social Contexts and Institutions
Prerequisites: One course in Philosophy or Sophomore Standing.
Course Typically Offered: Not Regularly Offered
Credits: 3",One course in Philosophy or Sophomore Standing.,Not Regularly Offered,3
PHI 235,**Biomedical Ethics**,"Investigates physician, nursing, and hospital codes of conduct, the physician/patient relationship, concepts of
health/disease, procreation/abortion decisions, genetics/reproductive technologies, health resources/social justice
allocations, medical humanities, ethics in a pandemic, and other ethical dimensions of medical practice.
Core Curriculum/Core Requirements: Ethics’ , ‘Western Cultural Tradition and Social Contexts and Institutions
Prerequisites: Sophomore standing, or Nursing major, or permission
Course Typically Offered: Fall and Spring
Credits: 3","Sophomore standing, or Nursing major, or permission",Fall and Spring,3
PHI 236,"**Feminist Ethical, Social and Political Theory**","A survey of the major feminist theoretical frameworks with emphasis on their respective practical implications in the
areas of work, family life and sexuality.
Core Curriculum/Core Requirements: Ethics’ , ‘Western Cultural Tradition’ , ‘Social Contexts and Institutions and
Cultural Diversity and International Perspectives
Course Typically Offered: Not Regularly Offered
Credits: 3",None,Not Regularly Offered,3
PHI 240,**Social and Political Philosophy**,"A critical study of major social and political philosophers from Plato to the present in light of their ethical and
metaphysical systems. Topics include the problem of justice, the nature of the state and its relationship to other social
institutions, and the individual. The primary focus will be on normative rather than descriptive theory.
Core Curriculum/Core Requirements: Ethics’ , ‘Western Cultural Tradition
Prerequisites: No first-year students or permission.
Course Typically Offered: Variable
Credits: 3",No first-year students or permission.,Variable,3
PHI 250,**Logic**,"An introductory course in modern symbolic logic. Techniques of deductive inference, including decision procedures and
axiomatization, are studied in developing the propositional and predicative logics. Some attention is given to metalogic
and the philosophy of logic.
Core Curriculum/Core Requirements: Quantitative Literacy and Western Cultural Tradition
Prerequisites: No first-year students.
Course Typically Offered: Fall
Credits: 3",No first-year students.,Fall,3
PHI 262,**Philosophy of Art**,"An investigation of the nature and importance of aesthetic experience and its objects, the possibility of standards of art
and taste, and the relation of art to other areas of experience. Topics include art and morality, art and science, art and
the environment. Readings from Tolstoy, Hume, Dewey, Langer, Bell, Danto, Dickie and Beardsley, among others.
Core Curriculum/Core Requirements: Western Cultural Tradition and Artistic and Creative Expression
Prerequisites: No first-year students or permission.
Course Typically Offered: Variable
Credits: 3",No first-year students or permission.,Variable,3
PHI 310,**History of Medieval and Renaissance Philosophy**,"An analysis of Arabic and Latin philosophy from late antiquity to the 16th century with emphasis on the developments in
logic, epistemology, physics, and metaphysics that led to the birth of early modern philosophy in Europe.
Prerequisites: One Philosophy course or Permission
Course Typically Offered: Spring, Alternating years
Credits: 3",One Philosophy course or Permission,"Spring, Alternating years",3
PHI 315,**19th Century Philosophy**,"A study of the philosophy of Hegel and related 19th Century philosophies that consider the historical and situational
character of consciousness and knowledge. Explores the implications for areas of human existence such as ethics,
politics, art, economics, and science. Additional authors considered may include Kant, Schiller, Nietzsche, and Marx.
Core Curriculum/Core Requirements: Western Cultural Tradition and Social Contexts and Institutions
Prerequisites: Sophomore standing or permission.
Course Typically Offered: Variable
Credits: 3",Sophomore standing or permission.,Variable,3
PHI 317,**Phenomenology**,"A critical study of the philosophical significance of individual choices and actions, including questions of personal
identity, responsibility, authenticity and the ways in which those aspects of human experience are described. Readings
include texts by Nietzsche, Heidegger, Sartre, Merleau-Ponty and contemporary authors, who conduct existential and
phenomenological investigations of race, class and gender.
Prerequisites: At least one course in philosophy, excluding PHI 103.
Course Typically Offered: Variable
Credits: 3","At least one course in philosophy, excluding PHI 103.",Variable,3
PHI 332,**Environmental Philosophy**,"A focused study of texts, perspectives and issues concerning the philosophy of nature, environmentalism and climate
change from historical, cross-cultural and humanities perspectives.
Prerequisites: One Philosophy course or Permission
Course Typically Offered: Spring, Alternating years
Credits: 3",One Philosophy course or Permission,"Spring, Alternating years",3
PHI 353,**Minds and Machines**,"A study of classic and recent work in the philosophy of mind and artificial intelligence. Topics include the relation
between mind and body, the nature of consciousness, knowledge of other minds, neuroscience of free
will, computational models of the mind, whether machines can have minds, and the limits of artificial intelligence.
Prerequisites: One course in philosophy or permission.
Course Typically Offered: Not Regularly Offered
Credits: 3",One course in philosophy or permission.,Not Regularly Offered,3
PHI 360,**Metaphysics**,"Metaphysics is the branch of philosophy that concerns itself with the fundamental nature of the world. Questions that
metaphysics attempts to answer include: What do we mean when we say something exists? Do any things other than
physical objects (numbers, qualities, God, etc.) exist? Why is there anything rather than nothing? What are human
beings: material organisms, immaterial souls, or something else? What makes you the same person as you were ten
years ago? Are we really free to choose our actions, or are our actions (even thoughts) predetermined by something else
in the world? What is the nature of time and space? Is time travel possible?
In this course, we will focus on some of those questions and evaluate arguments for different answers that are proposed by
philosophers from different philosophical traditions. This will not only give us a deep understanding of those
metaphysical disputes but also help us approach other branches of philosophy.
Prerequisites: One Philosophy course or Permission
Course Typically Offered: Alternating years
Credits: 3",One Philosophy course or Permission,Alternating years,3
PHI 420,**Topics in Continental Philosophy**,"A critical study of topics addressed by major movements and thinkers in continental philosophy since the turn of the
century. Readings include works by Husserl, Heidegger, Sartre, de Beauvoir, Merleau-Ponty, Levi-Strauss, Derrida,
Lacan, Foucault, Habermas and Gadamer.
Prerequisites: One course in philosophy or permission.
Course Typically Offered: Variable
Credits: 3",One course in philosophy or permission.,Variable,3
PHI 431,**Topics in the Philosophy of Art**,"A study of issues relating to the nature of art, its political and cultural significance, and its place in human life. Readings
will be drawn from the history of philosophy and also from art history and art criticism. In different years, the course
could focus on debates in the history of philosophy, on current approaches to art, on a particular artistic theory, or on a
specialized theme in the philosophy of art. This course is valuable both for students in philosophy and for students
working in art history or fine art.
Prerequisites: Junior standing or permission.
Course Typically Offered: Variable
Credits: 3",Junior standing or permission.,Variable,3
PHI 465,**Advanced Topics in Philosophy**,"Individual and small group study of problems or systems of philosophical concern relying on careful use of major
philosophical resources, as well as attempts at fresh exploration of fundamental topics. Topics vary. May be repeated for
credit when different philosophers or problems are studied.
Core Curriculum/Core Requirements:
Prerequisites: One course in philosophy or permission; junior or senior standing.
Course Typically Offered: Variable
Credits: 3",One course in philosophy or permission; junior or senior standing.,Variable,3
PHI 466,**Readings in Philosophy**,"Individual study of a selected topic, agreed upon by the student and the instructor. Designed to address advanced issues
not covered in normal offerings.
Core Curriculum/Core Requirements:
Prerequisites: 9 hours in philosophy and permission of department and instructor.
Course Typically Offered: Variable
Credits: 1-3",9 hours in philosophy and permission of department and instructor.,Variable,1-3
PHE 101,**Physical Education Activity**,"A choice of activities is available each semester, depending on the season and scheduling requirements. May be repeated
for credit as topics vary. Students may elect a maximum of 3 activities in any one semester. Offered pass/fail.
Course Typically Offered: Fall and Spring
Credits: 1",None,Fall and Spring,1
PHE 103,**Open Water I SCUBA**,"This Professional Association of Diving Instructors (PADI) course is a performance-based education course which leads
to certification upon completion of all requirements. This course teaches the foundational knowledge and skills
necessary to dive with a buddy, independent of supervision. The course involves classroom activities, pool exercises
and/or supervised open water dives.
Prerequisites: Medical clearance.
Course Typically Offered: Fall
Credits: 3",Medical clearance.,Fall,3
PHE 106,**Fit for Service**,"This course is designed to help students train for and pass service physical fitness exams. Students will learn and
practice exercises and techniques to get higher scores on service physical fitness assessments. The typical events are
timed push-ups, sit-ups, ruck march, and run. Students will also learn to employ a variety of exercise plans and produce
improved cardiovascular endurance.
Course Typically Offered: Fall
Credits: 1",None,Fall,1
PHE 203,**Advanced Open Water SCUBA**,"This course expands the knowledge and experience of students beyond the Basic Open Water SCUBA course and
prepares students for advance SCUBA certifications in Rescue Diver and others. Students will participate in classroom
instruction, pool instruction and open water dives. The course covers concepts, practical applications, problem solving,
safety, and hands-on experiences. Students will study, understand and be able to demonstrate the skills associated with
the following topical areas: naturalist, deep water dives, navigation, search and recovery, night diving, shipwreck
concepts and practices, and recreational dive planner. Every student will demonstrate knowledge and practical skills in
all areas to complete the course and to obtain PADI certification. Quizzes and tests are part of the evaluation process.
Grades are determined based on all parts of assessment.
Prerequisites: PHE 103 or equivalent certification.
Course Typically Offered: Fall
Credits: 3
Physics",PHE 103 or equivalent certification.,Fall,3
PHY 100,**Introduction to Physics and Astronomy**,"Introduces first-year physics and engineering physics students to the professions and opportunities in physics,
engineering physics, and astronomy, including departmental faculty, research opportunities, and facilities. In addition to
discipline specific information, the course will introduce students to departmental, college, and university resources that
will help them succeed in their education.
(Pass/Fail Grade Only.)
Core Curriculum/Core Requirements:
Prerequisites: First-year standing within the BA or BS in Physics or the BS in Engineering Physics or permission.
Course Typically Offered: Fall
Credits: 1",First-year standing within the BA or BS in Physics or the BS in Engineering Physics or permission.,Fall,1
PHY 107,**Technical Physics I**,"An introduction to the basic concepts of mechanics and heat with illustrations taken from technical applications. Algebra
and trigonometry are used. Intended for Engineering Technology students. NOTE: Because of overlapping subject
matter, no more than four (4) degree credits are allowed for any combination of PHY 107, PHY 111 and PHY 121.
Core Curriculum/Core Requirements: Lab in Basic or Applied Sciences
Course Typically Offered: Fall
Credits: 4",None,Fall,4
PHY 108,**Technical Physics II**,"An introduction to the basic concepts of electricity, magnetism and light with illustrations taken from technical
applications. Algebra and trigonometry are used. Intended for Engineering Technology students. NOTE: Because of
overlapping subject matter, no more than four (4) degree credits are allowed for any combination of PHY 108, PHY 112
and PHY 122.
Core Curriculum/Core Requirements: Lab in Basic or Applied Sciences
Prerequisites: PHY 107
Course Typically Offered: Spring
Credits: 4",PHY 107,Spring,4
PHY 112,**General Physics II**,"A continuation of PHY 111. Introducing electricity, magnetism, optics and atomic, nuclear, and quantum physics. NOTE:
Because of overlapping subject matter, no more than four (4) degree credits are allowed for any combination of PHY
108, PHY 112 and PHY 122.
Core Curriculum/Core Requirements: Lab in Basic or Applied Sciences
Prerequisites: PHY 111
Course Typically Offered: Spring, Summer
Credits: 4",PHY 111,"Spring, Summer",4
PHY 121,**Physics for Engineers and Physical Scientists I**,"An introductory calculus-based physics course, primarily serving students majoring in engineering or the physical
sciences. Focuses on mechanics. NOTE: While Calc I (MAT 126 or equivalent) is not a pre- or corequisite for PHY 121
(Physics for Eng. & Physical Scientists I), it is a prerequisite for PHY 122 (Physics for Eng. & Physical Scientists II). Since",None,Unknown,N/A
PHY 122,**Physics for Engineers and Physical Scientists II**,"A continuation of PHY 121 including electricity, magnetism, and optics. While not required, it is recommended that MAT
127 be taken concurrently with, or prior to PHY 122. NOTE: Because of overlapping subject matter, no more than four
(4) degree credits are allowed for any combination of PHY 108, PHY 112 and PHY 122.
Core Curriculum/Core Requirements: Lab in the Basic or Applied Sciences
Prerequisites: A grade of C- or better in PHY 121 and a grade of C or better in MAT 126
Course Typically Offered: Fall, Spring, Summer
Credits: 4",A grade of C- or better in PHY 121 and a grade of C or better in MAT 126,"Fall, Spring, Summer",4
PHY 200,**Career Preparation in Physics and Engineering Physics I**,"A sophomore level course required of all physics and engineering physics majors. An introduction to the professions of
physics and engineering physics, including the ethical standards of professional practice. Technical communication skills
and practice in working on teams are developed through projects, presentations, and class discussions of contemporary
issues and strategies to enhance professional qualifications.
Core Curriculum/Core Requirements:
Prerequisites: Sophomore standing.
Course Typically Offered: Fall
Credits: 1",Sophomore standing.,Fall,1
PHY 223,**Special Relativity**,"The basic principles of special relativity with a primary emphasis on mechanics.
Core Curriculum/Core Requirements:
Prerequisites: MAT 126, and a grade of C- or better in either PHY 112 or PHY 122
Course Typically Offered: Spring
Credits: 1","MAT 126, and a grade of C- or better in either PHY 112 or PHY 122",Spring,1
PHY 236,**Introductory Quantum Physics**,"The basic principles of quantum theory, atomic structure, nuclear structure, and some aspects of molecular, solid state,
and elementary particle physics.
Core Curriculum/Core Requirements:
Prerequisites: MAT 127, a grade of C- or better in either PHY 112 or PHY 122
Course Typically Offered: Fall
Credits: 3","MAT 127, a grade of C- or better in either PHY 112 or PHY 122",Fall,3
PHY 261,**Physical Measurements Laboratory**,"Experiments primarily in modern physics. Lab 2.
Core Curriculum/Core Requirements:
Prerequisites: MAT 127, a grade of C- or better in either PHY 112 or PHY 122
Corequisites: PHY 236
Course Typically Offered: Fall
Credits: 2","MAT 127, a grade of C- or better in either PHY 112 or PHY 122",Fall,2
PHY 262,**Electronics**,"A laboratory-based introduction to analog and digital electronics and to the collaborative design and testing of circuits
for a variety of practical applications. Primarily for physics and engineering physics majors; others admitted by
permission. If this course was taken as a topics course in PHY 497, it cannot be repeated for credit.
Core Curriculum/Core Requirements:
Prerequisites: MAT 127, A grade of C- or better in either PHY 112 or PHY 122
Course Typically Offered: Spring
Credits: 2","MAT 127, A grade of C- or better in either PHY 112 or PHY 122",Spring,2
PHY 364,**Modern Experimental Physics**,"Experiments selected from various topics in physics including x-ray diffraction, microwaves, nuclear magnetic
resonance, Hall effect, etc. Students develop their own experimental methods. Normally taken by junior physics and
engineering physics majors.
Core Curriculum/Core Requirements: Writing Intensive
Prerequisites: MAT 228 and a grade of C- or better in PHY 236
Course Typically Offered: Fall
Credits: 2",MAT 228 and a grade of C- or better in PHY 236,Fall,2
PHY 400,**Career Preparation in Physics and Engineering Physics II**,"A senior level course required of all physics and engineering physics majors. Refinement of technical communication
skills through projects, presentations and class discussions of contemporary issues in science and engineering and
strategies for career enhancement after graduation.
Core Curriculum/Core Requirements: Together with PHY 481 or PHY 482’ , ‘this course Satisfies the General
Education Capstone Experience Requirement.
Prerequisites: Grade of C- or better in PHY 200; senior standing.
Course Typically Offered: Fall
Credits: 1",Grade of C- or better in PHY 200; senior standing.,Fall,1
PHY 447,**Molecular Biophysics**,"An introduction to physical properties of biological macromolecules including proteins, nucleic acids and membranes.
Solution thermodynamics developed as needed. Some statistical mechanics introduced. Topics include macromolecular
structure, dynamics and functions, inter- and intra-molecular interactions, ligand binding equilibria, helix-coil
transitions, physical techniques used in biophysics such as calorimetry, X-ray diffraction, optical and magnetic
resonance spectroscopy. Four credit version contains additional term project to be arranged with instructor.
Core Curriculum/Core Requirements:
Prerequisites: MAT 126, CHY 121, and a grade of C- or better in either PHY 112 or PHY 122 or permission
Course Typically Offered: Spring
Credits: 3 - 4","MAT 126, CHY 121, and a grade of C- or better in either PHY 112 or PHY 122 or permission",Spring,3
PHY 454,**Electricity and Magnetism I**,"An intermediate level course in the fundamentals of the theory of electricity and magnetism. Treats electrostatics and
magnetostatics, both in vacuum and in matter. Rec 3.
Core Curriculum/Core Requirements:
Prerequisites: A grade of C- or better in either PHY 112 or PHY 122 and in PHY 231
Course Typically Offered: Fall
Credits: 3",A grade of C- or better in either PHY 112 or PHY 122 and in PHY 231,Fall,3
PHY 455,**Electricity and Magnetism II**,"A continuation of PHY 454. Treats electrodynamics by developing Maxwell’s equations and applying them to systems of
general interest. Rec 3.
Core Curriculum/Core Requirements:
Prerequisites: A grade of C- or better in PHY 454.
Course Typically Offered: Spring
Credits: 3",A grade of C- or better in PHY 454.,Spring,3
PHY 469,**Quantum and Atomic Physics**,"Basic principles of quantum mechanics. Exploration of canonical systems and the postulates of quantum mechanics
using Dirac, vector-matrix, and wavefunction notations. Analysis of spin, energy, position, and momentum eigenstates,
both time independent and time dependent, for several bound and scattering state systems.
Core Curriculum/Core Requirements:
Prerequisites: A grade of C- or better in both PHY 231 and PHY 236
Course Typically Offered: Fall
Credits: 3",A grade of C- or better in both PHY 231 and PHY 236,Fall,3
PHY 470,**Nuclear Physics**,"Properties of the nucleus, nuclear reactions, radioactive decay, nuclear models, nuclear reactors and nuclear health
physics. May be taken without the laboratory, PHY 471.
Core Curriculum/Core Requirements:
Prerequisites: MAT 259 and a grade of C- or better in PHY 236
Course Typically Offered: Spring
Credits: 2",MAT 259 and a grade of C- or better in PHY 236,Spring,2
PHY 472,**Geometrical and Fourier Optics**,"Covers geometrical optics, refraction and reflection at plane and spherical surfaces, optical instruments; Fourier optics,
interference of waves and diffraction by a single and a double aperture; Lasers - theory of their operation, mode locking
and pulse formation. Rec 3.
Core Curriculum/Core Requirements:
Prerequisites: A grade of C- or better in either PHY 112 or PHY 122.
Corequisites: MAT 228
Course Typically Offered: Fall
Credits: 3",A grade of C- or better in either PHY 112 or PHY 122.,Fall,3
PHY 480,**Physics of Materials**,"An Introductory courses in the physics of materials, primarily solid state physics. The structural, mechanical, electrical,
magnetic, and optical properties of materials are discussed. This course is appropriate for upper level undergraduates
and graduate students in the field of physical sciences and engineering. The topics will build upon and utilize concepts
from materials science, quantum physics, mechanics, and electricity and magnetism.
Core Curriculum/Core Requirements:
Prerequisites: A grade of C- or better in both PHY 231 and PHY 236
Course Typically Offered: Fall
Credits: 3",A grade of C- or better in both PHY 231 and PHY 236,Fall,3
PHY 482,**Project Laboratory in Physics II**,"Completion of the project begun in PHY 481.
Core Curriculum/Core Requirements: Together with PHY 400’ , ‘this course satisfies the General Education
Capstone Experience Requirement.
Prerequisites: A grade of C- or better in PHY 481
Course Typically Offered: Fall, Spring, and Summer
Credits: 3",A grade of C- or better in PHY 481,"Fall, Spring, and Summer",3
PHY 495,**Engineering Physics Practice**,"Supervised engineering practice in an industrial setting. Placement is off-campus and usually of several month’s
duration. Prior approval of department chairperson is required.
Core Curriculum/Core Requirements:
Prerequisites: Sophomore standing with successful completion of 16 hours of physics courses and a declared major in
Engineering Physics.
Course Typically Offered: Fall, Spring, Summer
Credits: 1-6",Sophomore standing with successful completion of 16 hours of physics courses and a declared major in,"Fall, Spring, Summer",1-6
PHY 497,**Topics in Physics**,"Selected topics in areas not already covered by regular course offerings in the department. Primarily for undergraduates.
Core Curriculum/Core Requirements:
Course Typically Offered: Fall, Spring, Summer
Credits: Ar",None,"Fall, Spring, Summer",N/A
PSE 100,**Plant Science**,"Basics of plant anatomy, morphology, ecology, physiology and taxonomy with examples drawn from common
agricultural and horticultural plants are discussed. Labs include hands-on investigations of local plants. Lec 3, Lab 2.
Course may include field trips during class hours.
Core Curriculum/Core Requirements: Lab in the Basic or Applied Sciences
Course Typically Offered: Fall
Credits: 4",None,Fall,4
PSE 105,**Principles of Sustainable Agriculture**,"Basic design principles and examples of environmentally and economically sustainable agricultural systems. Describes
the use of synthetic fertilizers and pesticides, but emphasis will be placed on identifying management practices that a)
biologically improve soil structure, organic matter content, and fertility; and b) minimize or eliminate the need for
chemical interventions for control of insect pests, pathogens, and weeds. Rec 3.
Core Curriculum/Core Requirements: Application of Scientific Knowledge and Population and the Environment
Course Typically Offered: Fall
Credits: 3",None,Fall,3
PSE 110,**Introduction to Horticulture**,"Students will understand the science of growing plants. They will apply botany and soil science to produce horticulture
crops. Students will work independently on hands-on projects to apply basic science principles in order to understand
horticultural concepts including fruit and leaf morphology, seed germination, and plant growth.
Core Curriculum/Core Requirements: Applications of Scientific Knowledge
Course Typically Offered: Spring
Credits: 3",None,Spring,3
PSE 210,**Digital Landscape Graphics**,"An introduction to 2D/3D computer-aided design (CAD) with a focus on landscape design using Vectorworks
Landmark. Exercises relevant to landscape design and horticulture fields include topography manipulation, plan
graphics, construction documentation, site modeling, and use of the software’s construction schedules and plant
libraries.
Core Curriculum/Core Requirements:
Prerequisites: ENH majors or permission
Course Typically Offered: Spring, Odd Years
Credits: 2",ENH majors or permission,"Spring, Odd Years",2
PSE 215,**Vegetable and Fruit Production**,"The course will provide students with a practical introduction to growing vegetable and fruit crops of local importance
with an emphasis on organic and sustainable production systems. Lectures will focus on particular species, or group of
related species, and will include information on cultivar selection, field preparation, fertility and pest management,
cultural practices, and harvesting. This course may include off campus field trips during class hours.
Core Curriculum/Core Requirements:
Prerequisites: BIO 200 or PSE 100 or SFR 100.
Course Typically Offered: Fall, Odd Years
Credits: 3",BIO 200 or PSE 100 or SFR 100.,"Fall, Odd Years",3
PSE 221,**Woody Landscape Plants**,"The study of deciduous and evergreen trees, shrubs, vines, and groundcovers for use in the New England landscape;
including identification skills, culture, and function in the landscape. Extensive outdoor labs. Lec 3, Lab 2.
Core Curriculum/Core Requirements:
Prerequisites: Grade of C- or better in PSE 100 or BIO 200 or SFR 100.
Course Typically Offered: Fall
Credits: 4",Grade of C- or better in PSE 100 or BIO 200 or SFR 100.,Fall,4
PSE 224,"**Site Analysis, Grading and Drainage**","An introduction to the landscape design site planning process, this course introduces students to reading the landscape
in topographic map form and the principles of site manipulation to control hydrological function. Topics and exercises
include recognizing existing site hydrology, directing surface water flow around structures and through subsurface
systems, layout and grading for circulation, calculating cut and fill, retaining wall design and slope design. Course may
include field trips outside of class on weekdays.
Core Curriculum/Core Requirements:
Prerequisites: A grade of C- or better in PSE 100 or permission
Course Typically Offered: Fall
Credits: 3",A grade of C- or better in PSE 100 or permission,Fall,3
PSE 260,**Pesticide Applicator Certification**,"Prepares students for careers in horticulture, agriculture, forestry, and biological sciences in which pesticides are
applied. Students must pass two written exams and are expected to obtain a private applicator license for the state of
Maine. Students who enroll for a second semester must pass two commodity exams to earn another credit for the
course.
Core Curriculum/Core Requirements:
Prerequisites: BTY-BS Major or EES-BS Major or ENV-BS Major or FTY-BS Major or SAG-BS Major or permission
Course Typically Offered: Fall
Credits: 1",BTY-BS Major or EES-BS Major or ENV-BS Major or FTY-BS Major or SAG-BS Major or permission,Fall,1
PSE 261,**Nutrient Management**,"This 5-week course provides students with tools to understand fertilizer recommendations, calculate fertilizer additions
from organic and inorganic sources for different soils, and develop nutrient management plans. The importance and
goals of nutrient management and nutrient management in different scales and types of systems are emphasized.
Core Curriculum/Core Requirements:
Prerequisites: BMB 207 or CHY 121 and EES 140
Course Typically Offered: Spring
Credits: 1",BMB 207 or CHY 121 and EES 140,Spring,1
PSE 265,**Soil Health for Farm Resilience and Climate Mitigation**,"This course provides students with tools to understand the concepts and practices of soil health in different scales and
types of systems. The importance, goals, and challenges of managing for soil health are emphasized. Both agronomic
and environmental outcomes for soil health practices are considered. Students will build their understanding of, and
ability to use, course information through weekly discussions and will critically evaluate the use of soil health practices
for climate mitigation.
Core Curriculum/Core Requirements:
Prerequisites: BIO 100 or PSE 100 or SFR 100, and EES 140 or permission
Course Typically Offered: Fall
Credits: 1","BIO 100 or PSE 100 or SFR 100, and EES 140 or permission",Fall,1
PSE 305,"**Problems in Plant, Soil and Environmental Sciences**","Opportunity is provided for specialization in specific areas of plant, soil and environmental sciences.
Core Curriculum/Core Requirements:
Prerequisites: Permission.
Course Typically Offered: Fall, Spring, Summer
Credits: 0-16",Permission.,"Fall, Spring, Summer",0-16
PSE 325,**Turf and Grounds Management**,"Investigation of the science and practice of turf and grounds management in residential, commercial, and public
landscapes. Topics include grass biology and identification, lawn establishment, turfgrass maintenance, site analysis
and improvement, designing for effective maintenance, mulching and weed control, plant responses to pruning, and the
ecological tension between native and managed landscapes. Lab activities will be conducted within the campus
landscape.
Core Curriculum/Core Requirements:
Prerequisites: A grade of C- or better is required in PSE 100 or BIO 200 or SFR 100.
Course Typically Offered: Fall, Odd Years
Credits: 3",A grade of C- or better is required in PSE 100 or BIO 200 or SFR 100.,"Fall, Odd Years",3
PSE 328,**Landscape Design II**,"The second Landscape Design course in a series of two, this is a project-intensive course focusing on the culmination of
previous course instruction where students produce multiple residential landscape plans with all supporting
documentation. Students will have hands-on opportunity to produce plans for real residential sites. Layout plans and
advanced planting design will be introduced. Students are expected to integrate course knowledge in soils, site analysis,
grading, drainage, hand drawn and CAD landscape graphics, landscape construction materials and details, woody and
herbaceous plant material, and cost estimating schedules to supplement construction documentation. Course may
include field trips outside of class on weekdays.
Core Curriculum/Core Requirements:
Prerequisites: A grade of C- or better in PSE 210 and PSE 219 and PSE 221 and PSE 227
Course Typically Offered: Fall
Credits: 4",A grade of C- or better in PSE 210 and PSE 219 and PSE 221 and PSE 227,Fall,4
PSE 396,"**Field Experience in Plant, Soil and Environmental Sciences**","An approved program of work experience which contributes to the academic major and for which academic credit is
given. Students may work part time or full time for a semester in a job related to their professional career goals,
including on-farm internships.
(Pass/Fail Grade Only)
Core Curriculum/Core Requirements:
Prerequisites: Sophomore standing and permission.
Course Typically Offered: Fall, Spring, Summer
Credits: 1 - 16",Sophomore standing and permission.,"Fall, Spring, Summer",1
PSE 397,"**Special Topics in Plant, Soil, and Environmental Sciences**","An in-depth study of topics in plant, soil and environmental sciences. Course may be repeated with different topics.
Prerequisites: Department Consent
Course Typically Offered: Spring
Credits: 1-6",Department Consent,Spring,1-6
PSE 410,**Plant Propagation**,"Students will explore the principles and practices of plant propagation, including sexual propagation from seeds and
asexual propagation from cuttings, tissue culture, grafting, budding, division, and layering. This course includes a lab
focused on practical experiences in propagation and the basics of experimental design and data interpretation.
Prerequisites: A grade of C- or better in PSE 100 or BIO 100 or SFR100, and Junior standing. EES 140 is
recommended.
Course Typically Offered: Spring
Credits: 4","A grade of C- or better in PSE 100 or BIO 100 or SFR100, and Junior standing. EES 140 is",Spring,4
PSE 415,**Greenhouse Management**,"The study of greenhouse management practices and principles. Specific areas of study will include greenhouse structure,
operation, and the use of greenhouses for ornamental plant production. Extensive greenhouse work. Lec 3, Lab 2.
Course may include field trips during class hours. EES 140 is recommended.
Core Curriculum/Core Requirements:
Prerequisites: A grade of C- or better in PSE 100 or BIO 200 or SFR 100, and Junior standing.
Course Typically Offered: Spring
Credits: 4","A grade of C- or better in PSE 100 or BIO 200 or SFR 100, and Junior standing.",Spring,4
PSE 425,**Landscape Management**,"Designed to provide students with the opportunity to bring together all aspects of theoretical and applied training.
Students develop an understanding of professional practice in landscape management, business management, project
management and group collaboration. Accomplished through interacting with a variety of professionals, field trips and
real life hands-on projects. Lec 2, Lab 2. Course may include field trips outside of class time on weekdays.
Core Curriculum/Core Requirements: Writing Intensive
Prerequisites: Grade of C- or better in PSE 203 or PSE 221 or PSE 325 or PSE 403
Course Typically Offered: Spring, Even Years
Credits: 3",Grade of C- or better in PSE 203 or PSE 221 or PSE 325 or PSE 403,"Spring, Even Years",3
PSE 430,**SL: Sustainable Horticulture and Agriculture Capstone**,"This course will allow students in Environmental Horticulture and Sustainable Agriculture majors the opportunity to
apply information learned in their respective programs. Students will collaborate on service learning projects. Students
will gain professional skills and knowledge through guest lectures by professionals in a variety of horticulture- and
agriculture-related occupations. By engaging in service and community learning through this capstone course, students
will partner with research groups, outreach and education organizations, or independent businesses to apply their
knowledge and skills to real-world problems that address community needs. This course has been designated as a
UMaine service-learning course.
Core Curriculum/Core Requirements: Capstone
Prerequisites: Senior Standing in Environmental Horticulture or Sustainable Agriculture.
Course Typically Offered: Spring
Credits: 3",Senior Standing in Environmental Horticulture or Sustainable Agriculture.,Spring,3
PSE 457,**Plant Pathology**,"This course provides an understanding of the biology of plant diseases, the agents that cause them, the conditions that
affect their severity, and the methods used to manage them. Students should develop the ability to recognize or diagnose
particular diseases and an understanding of the principles of disease management. PSE 457 and PSE 557 cannot both be
taken for credit. Course may include field trips during class hours.
Core Curriculum/Core Requirements:
Prerequisites: Junior or Senior Standing and either BIO 100 or PSE 100.
Course Typically Offered: Fall
Credits: 4",Junior or Senior Standing and either BIO 100 or PSE 100.,Fall,4
PSE 469,**Soil Microbiology**,"This course considers the physiological, biochemical and ecological diversity of soil microorganisms and their
interactions with other organisms and the environment. Topics include microbial cycling of organic matter and nutrients
in soil, sustainable soil management, microbial interactions with important resources such as energy, and pathogenic
organisms.
Core Curriculum/Core Requirements:
Prerequisites: BIO 100 and BMB 207/209 or CHY 121/123 or permission.
Course Typically Offered: Spring, Odd Years
Credits: 3
Political Science",BIO 100 and BMB 207/209 or CHY 121/123 or permission.,"Spring, Odd Years",3
POS 120,**Introduction to World Politics**,"A study of contemporary international politics focusing on the interaction of nation-states and including a review of the
patterns of global politics from World War II to the present.
Core Curriculum/Core Requirements: Western Cultural Tradition and Cultural Diversity and International
Perspectives
Course Typically Offered: Fall & Spring
Credits: 3",None,Fall & Spring,3
POS 201,**Introduction to Political Theory**,"An introduction to the fundamental questions of political philosophy–what is justice? how ought we to live our lives?
what is the best regime?–through detailed study of a few central books in the history of political thought, such as Plato’s
Republic and Machiavelli’s Prince.
Core Curriculum/Core Requirements: Western Cultural Tradition and Ethics
Course Typically Offered: Fall, Spring, Summer
Credits: 3",None,"Fall, Spring, Summer",3
POS 203,**American State and Local Government**,"Examines the structure and activities of sub-national governments, with particular attention to state modernization,
intergovernmental relations, and comparisons between Maine and other states.
Core Curriculum/Core Requirements: Social Contexts and Institutions
Course Typically Offered: Summer
Credits: 3",None,Summer,3
POS 241,**Introduction to Comparative Politics**,"Provides an introduction to the major themes of comparative politics, including: comparative political legacies,
processes of modernization, comparative governmental institutions, modern political parties and interest groups,
comparative policymaking processes, and problems of establishing and maintaining democratic government.
Core Curriculum/Core Requirements: Social Contexts and Institutions and Cultural Diversity and International
Perspectives
Course Typically Offered: Fall, Spring, Summer
Credits: 3",None,"Fall, Spring, Summer",3
POS 243,**Canadian Government and Politics**,"Provides a historical background to the development of the Canadian political system. Introduces the institutions and
processes of Canadian government, federalism, political parties, and interest groups. Considers major public policy
issues in contemporary Canada.
Core Curriculum/Core Requirements: Social Contexts and Institutions and Cultural Diversity and International
Perspectives
Course Typically Offered: Fall
Credits: 3",None,Fall,3
POS 301,**Classical Political Thought**,"A survey of ancient political philosophy through detailed study of selected writings of Plato, Xenophon, Aristotle,
Thucydides and others.
Core Curriculum/Core Requirements: Writing Intensive
Prerequisites: POS 201 or permission or junior or senior standing.
Course Typically Offered: Variable
Credits: 3",POS 201 or permission or junior or senior standing.,Variable,3
POS 303,**Early Modern Political Thought**,"A survey of early modern political philosophy from the Renaissance to the Enlightenment through detailed study of
selected writings of Machiavelli, Descartes, F. Bacon, Hobbes, Locke and others.
Core Curriculum/Core Requirements: Writing Intensive
Prerequisites: POS 201 or junior or senior standing.
Course Typically Offered: Variable
Credits: 3",POS 201 or junior or senior standing.,Variable,3
POS 305,**Late Modern Political Thought**,"A survey of modern political philosophy from the French Revolution to the twentieth century through detailed study of
selected writings of Rousseau, Hegel, Marx, Mill, Nietzsche, and contemporary authors.
Core Curriculum/Core Requirements: Writing Intensive
Prerequisites: POS 201 or junior standing.
Course Typically Offered: Variable
Credits: 3",POS 201 or junior standing.,Variable,3
POS 306,**Crafting the American Constitution**,"This course will engage students in a substantive, detailed, and critical examination of the debates surrounding the
drafting, ratification, and early implementation of the Constitution of the United States. It will begin with an
examination of the important thinkers who influenced the American Founders, move to a detailed analysis of the critical
issues at the Constitutional Convention and in the state ratification debates, and conclude with a look at some early
government actions and Supreme Court decisions that put flesh on the bones of the Constitution. During the entirety of
this course, students will be asked to reflect on the degree to which the founding debates are still relevant to
contemporary American politics and government.
Prerequisites: POS 100.
Course Typically Offered: Fall
Credits: 3",POS 100.,Fall,3
POS 307,**Democratic Theory**,"Surveys the major theoretical perspectives of democracy, emphasizing core positions such as liberalism and civic
republicanism. Examines competing articulations of more participatory and engaged democratic political systems. Also
considers critical perspectives which analyze democracy’s exclusions with regard to race, class, gender, and power.
Prerequisites: POS 201
Course Typically Offered: Spring
Credits: 3",POS 201,Spring,3
POS 309,**Topics in Political Theory**,"Offers a detailed examination of a selected topic in political theory. May be repeated for credit.
Core Curriculum/Core Requirements:
Prerequisites: POS 201.
Course Typically Offered: Variable
Credits: 3",POS 201.,Variable,3
POS 335,**Major Governments of Western Europe**,"The political traditions, parties, governmental structures, and special political problems of Great Britain, France and
Germany.
Core Curriculum/Core Requirements: Social Contexts and Institutions
Prerequisites: POS 100. Junior or senior standing.
Course Typically Offered: Spring
Credits: 3",POS 100. Junior or senior standing.,Spring,3
POS 337,**Government and Politics in Eurasia**,"Examines contemporary government and politics in Eurasia, the general region from Central Asia to the Balkan
peninsula of Europe. Major themes will include the formation of independent nation-states in Central Asia, the Caucasus
mountain region and Ukraine following the dissolution of the USSR in 1991; and government and politics in Turkey. Also
considers patterns of international relations within Eurasia and relations between these countries and the larger world.
Prerequisites: Junior or senior standing or permission of instructor.
Course Typically Offered: Spring
Credits: 3",Junior or senior standing or permission of instructor.,Spring,3
POS 344,**Public Policy in Canada**,"Introduces students to global public policy challenges by focusing on the case of Canada. Concentrates on economic
inequality and efforts to remedy it. Discusses competing ideas about when and why inequality becomes a social problem
as well as different prescriptions for managing or reducing inequality through public policy. Canada is compared to the
US and various other countries.
Prerequisites: Six hours of political science.
Course Typically Offered: Variable
Credits: 3",Six hours of political science.,Variable,3
POS 349,**Topics in Comparative Politics**,"Offers a detailed examination of a selected topic in comparative politics. May be repeated for credit.
Core Curriculum/Core Requirements:
Prerequisites: POS 241.
Course Typically Offered: Variable
Credits: 3",POS 241.,Variable,3
POS 352,**American Public Opinion**,"Covers the role of public opinion in shaping the American political system. It focuses on defining and measuring citizen
opinion, the way citizens develop their political views and the linkages between public opinion and public policy.
Prerequisites: POS 100 or junior or senior standing.
Course Typically Offered: Fall, Even Years
Credits: 3",POS 100 or junior or senior standing.,"Fall, Even Years",3
POS 353,**The U.S. Congress**,"Examines the legislative process and its components, with special attention to congressional elections, the committee
structure, the impact of institutional reform and the influence of bicameralism.
Prerequisites: POS 100 or Junior or Senior standing.
Course Typically Offered: Fall, Even Years
Credits: 3",POS 100 or Junior or Senior standing.,"Fall, Even Years",3
POS 355,**Music and Politics in the American Context**,"Examines the intersections and interactions of music and politics in the United States. Topics of investigation and
discussion include (but are not limited to): the role of music in society, why the state might be interested in music, how
music contributes to identity, and the political messages and activism produced by music.
Core Curriculum/Core Requirements: Artistic and Creative Expression
Prerequisites: POS 100 or permission of instructor.
Course Typically Offered: Spring
Credits: 3",POS 100 or permission of instructor.,Spring,3
POS 357,**Film and Politics**,"Examines the relationship between film and politics. Explores the portrayal of American and international politics in
film through a series of common, politically-relevant themes. Also considers how film has been used as an outlet for
political messages, as well as an entertainment medium, and examines how political films inform society’s
understanding of politics.
Prerequisites: None.
Course Typically Offered: Variable
Credits: 3",None.,Variable,3
POS 359,**Topics in American Government**,"Offers a detailed examination of a selected topic in American politics. May be repeated for credit.
Core Curriculum/Core Requirements:
Prerequisites: POS 100.
Course Typically Offered: Variable
Credits: 3",POS 100.,Variable,3
POS 363,**Urban Government and Politics**,"Examines the politics and government of urban areas in the United States, in both historical and contemporary contexts.
Topics of investigation and discussion include (but are not limited to): the functions and roles of American cities, the
responsibilities of urban governments, the issue of power in the metropolis, the American federal system and urban
governance, race, ethnicity, and class in urban America, and the challenges facing contemporary urban society.
Prerequisites: POS 100 or permission of instructor.
Course Typically Offered: Spring, Summer
Credits: 3",POS 100 or permission of instructor.,"Spring, Summer",3
POS 368,**China**,"Examines contemporary China; its recent history, political system, economic and social development, and China’s
relations with its Asian neighbors and the United States.
Prerequisites: One HTY or POS course at the 200 level or above.
Course Typically Offered: Variable
Credits: 3",One HTY or POS course at the 200 level or above.,Variable,3
POS 370,**Terrorism**,"Analyzes the impact of terrorism on international affairs and security. Topics include the origins of terrorism, the
evolution of terrorism, the proliferation of weapons of mass destruction, the formulation of security strategies, and the
ethical dilemmas arising from counter-terrorism.
Prerequisites: POS 100 or POS 120 or permission.
Course Typically Offered: Variable
Credits: 3",POS 100 or POS 120 or permission.,Variable,3
POS 372,**Canadian Foreign Policy**,"Canadian theory and practice of foreign policy, with emphasis on the major international problems which Canada faces
today. Special attention is directed to Canada’s relations with the United States and other Western Hemisphere
countries.
Prerequisites: POS 100 or POS 120 or permission of instructor.
Course Typically Offered: Variable
Credits: 3",POS 100 or POS 120 or permission of instructor.,Variable,3
POS 374,**American Foreign Policy**,"American foreign policy and the major international problems facing the United States today. Special focus will be on
United States relations with Europe, Russia, Japan and the Third World.
Prerequisites: POS 100 or POS 120.
Course Typically Offered: Variable
Credits: 3",POS 100 or POS 120.,Variable,3
POS 376,**Politics of the Global Economy**,"The world is deeply integrated through cross-border financial flows and international economic institutions. This course
introduces the field of international political economy, the study of the interplay between domestic and international
politics and economic policies and developments and examines the politics of trade, sovereign debt, finance,
multinational corporations, global economic inequality and more. This course can be counted either in the International
Relations or Comparative Politics subfield within Political Science.
Prerequisites: POS 120
Course Typically Offered: Variable
Credits: 3",POS 120,Variable,3
POS 378,**Theories of War and Peace**,"This course is the study of the causes and effects of the major events of conflict and cooperation which occur among and
across countries. The major theme is understanding patterns of war and peace through an examination of foreign policy
decision-making, international trade and investment, economic development, human rights, global environmental
concerns, terrorism, weapons of mass destruction, globalization, and international organizations and institutions.
Core Curriculum/Core Requirements:
Prerequisites: POS 120 or INA 101 or Permission
Course Typically Offered: Spring
Credits: 3",POS 120 or INA 101 or Permission,Spring,3
POS 380,**Interest Groups and American Politics**,"Every day millions of Americans act politically to defend their interests, yet Americans as a whole overwhelmingly have a
negative opinion of interest groups and their involvement in the political process. How can this be? This course will
examine the purposes, roles, and ultimately the results produced by interest groups in the American political process.
Students will finish with a much more complete understanding of the place that interest groups occupy in the American
political universe.
Prerequisites: POS 100 or permission of instructor.
Course Typically Offered: Fall, Odd Years
Credits: 3",POS 100 or permission of instructor.,"Fall, Odd Years",3
POS 381,**Political Parties and Elections**,"Analyzes the development of, and current theories regarding, political parties and elections in American politics. Topics
include theories of party realignment, voting behavior, party composition and behavior, and the relationship between
parties, elections and democracy. Covers both presidential and congressional elections.
Prerequisites: POS 100 or junior or senior standing.
Course Typically Offered: Summer & Fall, Even Years
Credits: 3",POS 100 or junior or senior standing.,"Summer & Fall, Even Years",3
POS 384,**American Civil Liberties**,"Examines the tension between individual rights and the social order through consideration of major Supreme Court
decisions involving the Bill of Rights and the Fourteenth Amendment.
Prerequisites: POS 100 or junior or senior standing.
Course Typically Offered: Variable
Credits: 3",POS 100 or junior or senior standing.,Variable,3
POS 385,**Women and Politics**,"Examines women as citizens and leaders and also examines movements to increase women’s public role in U.S. politics.
Considers racial, ethnic, partisan and class dimensions of those movements and political activities and the influence of
government policies on gender relations.
Core Curriculum/Core Requirements: Writing Intensive
Prerequisites: POS 100 or junior or senior standing.
Course Typically Offered: Fall, Odd Years
Credits: 3",POS 100 or junior or senior standing.,"Fall, Odd Years",3
POS 386,**Religion and Politics in the United States**,"Religion has historically played a substantial role in the government and politics of the United States, and continues to
do so in contemporary American society. Focuses on the intersections and interactions between religion and politics in
the United States. Areas of examination include, (but are not limited to): religion and American culture, religion and the
Constitution, religion and public policy, religion and individual political behavior, and religion and violence in the
United States.
Prerequisites: POS 100 or permission of instructor.
Course Typically Offered: Spring, Even Years
Credits: 3",POS 100 or permission of instructor.,"Spring, Even Years",3
POS 460,**Seminar in American Politics**,"Seminar in American Politics. Detailed examination of a topic or set of topics in American politics.
Can be repeated for credit so long as it is a different seminar.
Core Curriculum/Core Requirements:
Prerequisites: POS 100 or permission of the instructor.
Course Typically Offered: Variable.
Credits: 3",POS 100 or permission of the instructor.,Variable.,3
POS 467,**African Politics**,"Analysis of the transition from colonialism to independence in selected countries of Sub-Saharan Africa. Discussion of
nation-building, the one-party system, military intervention in politics, and neo-colonialism.
Core Curriculum/Core Requirements: Writing Intensive
Prerequisites: 6 hours of Political Science.
Course Typically Offered: Variable
Credits: 3",6 hours of Political Science.,Variable,3
POS 474,**Conduct of Foreign Policy**,"Examines the formulation and implementation of American foreign policy. Special focus will be placed on American
Political culture; Presidential and congressional powers in foreign policy; government bureaucracies, such as the
Departments of State, Defense and Treasury; and conceptual and theoretical approaches to policy making.
Prerequisites: POS 100 or POS 120 and junior or senior standing.
Course Typically Offered: Variable
Credits: 3",POS 100 or POS 120 and junior or senior standing.,Variable,3
POS 475,**International Security**,"Examines national and international factors affecting the survival and security of states. Topics include components and
use of military power, arms control and proliferation, the cause and resolution of conflict, negotiation and decision-
making processes and structures.
Prerequisites: POS 100 or POS 120 and junior or senior standing.
Course Typically Offered: Variable
Credits: 3",POS 100 or POS 120 and junior or senior standing.,Variable,3
POS 476,**Seminar in World Politics**,"A topical survey of conceptual and theoretical developments in the field of world politics. Examination of these
developments in the context of contemporary issues and controversies will be emphasized. May be repeated for credit.
Core Curriculum/Core Requirements:
Prerequisites: POS 100 or POS 120 and junior or senior standing.
Course Typically Offered: Variable
Credits: 3",POS 100 or POS 120 and junior or senior standing.,Variable,3
POS 487,**SL: Practicum in Engaged Policy Studies I**,"Focuses upon the critical application of analytical research skills to a community policy issue. Examines different
conceptions of community engagement and the university’s role in serving the community. Culminates with design of an
engaged research project, with a community-based organization or policy outlet serving as a research partner. The
results of this research will be shared publicly with the general public and will shape and inform future policy thinking
and action on this issue or challenge. Designed to be taken as the initial course in a two-course sequence prior to POS
488, Practicum in Engaged Policy Studies II, which will be offered the following semester. This course is a UMaine
service-learning designated course.
Core Curriculum/Core Requirements: Writing Intensive Requirement. Successful completion of both POS 487
and POS 488 satisfies the General Education Capstone Experience.
Prerequisites: Junior or Senior Standing
Course Typically Offered: Fall
Credits: 3",Junior or Senior Standing,Fall,3
POS 493,**American Politics Internship**,"Provides students with the opportunity to gain experience in a department or agency at the national, state, or local level,
or to conduct a major research project. Reports and a research paper are normally required for an agency internship.
Core Curriculum/Core Requirements:
Prerequisites: Permission.
Course Typically Offered: Fall, Spring, Summer
Credits: 3, 6 or 9",Permission.,"Fall, Spring, Summer",3
POS 495,**Congressional Internship**,"Assignment to the Washington, D.C. office of a member of Congress, normally from the Maine delegation, during the
spring semester. Readings and reports are required in addition to performing staff work in a congressional office. The
internship is open to juniors and seniors on a competitive basis; applications and interviews are conducted each fall to
fill the spring internship positions.
Core Curriculum/Core Requirements:
Prerequisites: Permission.
Course Typically Offered: Spring
Credits: 6 or 9",Permission.,Spring,6
POS 496,**International Affairs Internship**,"Provides students the opportunity to gain experience in a department or agency, either in the United States or abroad,
that deals with international affairs. Students may not receive more than 9 credit hours for this internship.
Core Curriculum/Core Requirements:
Course Typically Offered: Fall, Spring, and Summer
Credits: 3, 6 or 9",None,"Fall, Spring, and Summer",3
POS 499,**Senior Seminar in Political Science**,"Examines selected theoretical and empirical topics in Political Science. Assumes a knowledge of, and builds upon, a body
of knowledge developed by students in the major and represents the culmination of majors’ concentration of study
within the major. Students can write an Honors thesis instead of taking the capstone course. This course may be
repeated for credit as long as the topic for the section being taken is different from previously taken topics
Core Curriculum/Core Requirements: Writing Intensive and Capstone Experience
Prerequisites: Senior standing and Political Science major or International Affairs major with a concentration in
Political Science.
Course Typically Offered: Fall & Spring
Credits: 3
Psychology",Senior standing and Political Science major or International Affairs major with a concentration in,Fall & Spring,3
PSY 100,**General Psychology**,"Lecture on and discussions of basic psychological processes, including learning, perception, motivation and emotion,
higher mental processes, individual differences, personality and additional selected topics.
Core Curriculum/Core Requirements: Social Context and Institutions
Course Typically Offered: Fall, Spring, Summer
Credits: 3",None,"Fall, Spring, Summer",3
PSY 105,**Psychology of Everyday Life**,"This course will review applications of clinical psychology and principles of behavior change in everyday life. Students
will learn to recognize commonalities between daily stressors or tasks and clinical psychology (e.g., procrastination vs
anxiety). Students will consider how to apply core principles of clinical psychology interventions to practical daily tasks
(e.g., getting started on that big project; interpersonal communication). Students will learn to approach material
through the lens of a scholar-clinician and apply course material to everyday occurrences in a scientific and professional
manner.
Course Typically Offered: Spring
Credits: 3",None,Spring,3
PSY 201,**Lifespan Development**,"A systematic study of behavior and psychological development across the life span.
Prerequisites: PSY 100 or permission of instructor
Course Typically Offered: Every Spring, Alternate Summers
Credits: 3",PSY 100 or permission of instructor,"Every Spring, Alternate Summers",3
PSY 208,**Theories of Personality**,"Examines the chief contemporary approaches to the study of personality including critical issues in personality. Also
considers assessment techniques and research methods.
Core Curriculum/Core Requirements:
Prerequisites: PSY 100.
Course Typically Offered: Variable
Credits: 3",PSY 100.,Variable,3
PSY 212,**Abnormal Psychology**,"Examines the origin, development, and manifestations of abnormal behavior with emphasis on the biological, social, and
psychological determinants of deviant behavior.
Core Curriculum/Core Requirements:
Prerequisites: PSY 100.
Course Typically Offered: Fall, Spring, Summer
Credits: 3",PSY 100.,"Fall, Spring, Summer",3
PSY 215,**Psychology of Gender**,"This course surveys psychological theory and research on gender while emphasizing cross-cultural and multicultural
issues to demonstrate what is truly universal about gender. Major areas covered include: sex roles, theories and methods
of studying gender, physiological systems and development, relationships, sexuality, social performance, education and
work, physical and mental health and mass media and society.
Prerequisites: PSY 100 or SOC 101 or permission of instructor.
Course Typically Offered: Every Fall - in Winter Session
Credits: 3",PSY 100 or SOC 101 or permission of instructor.,Every Fall - in Winter Session,3
PSY 217,**The Psychology of Sustainability**,"This course will acquaint the student with the reciprocal nature of the interplay between people and built and natural
environments. Students will develop an appreciation for how physical environments influence human behavior.
Additionally, students will use psychological principles to better understand environmental problems (i.e. climate
change, pollution and energy efficiency) and to promote pro-environmental behaviors.
Prerequisites: PSY 100 or permission of the instructor
Course Typically Offered: Fall - Online; Spring - Onsite
Credits: 3",PSY 100 or permission of the instructor,Fall - Online; Spring - Onsite,3
PSY 222,**Forensic Psychology**,"This course explores the interface of psychology and the legal system, with an emphasis on the role psychologists play in
helping courts make informed decisions. The course covers landmark legal cases involving psychological science. Topics
include criminal profiling, competence, the insanity defense, policy psychology, eyewitness testimony, expert testimony,
jury selection, sentencing, and juvenile offending and rehabilitation.
Core Curriculum/Core Requirements: Social Contexts and Institutions
Prerequisites: PSY 100
Credits: 3",PSY 100,Unknown,3
PSY 224,**Psychology of Adolescence**,"A study of adolescent development in the physical, intellectual, emotional, and social spheres. Adolescent personality
and problems of adjustment considered in relation to the family, the school and the community, and the world of work.
Covers delinquency and abnormality in adolescents.
Core Curriculum/Core Requirements:
Prerequisites: PSY 100 or EHD 203
Course Typically Offered: Fall, Spring, Summer
Credits: 3",PSY 100 or EHD 203,"Fall, Spring, Summer",3
PSY 230,**Social Psychology**,"An introduction to the study of social behavior from a psychological perspective. Representative topics include culture
and personality, attitude formation and change, conformity, leadership and prejudice.
Core Curriculum/Core Requirements: Social Contexts and Institutions
Prerequisites: PSY 100.
Course Typically Offered: Fall, Spring, Summer
Credits: 3",PSY 100.,"Fall, Spring, Summer",3
PSY 241,**Statistics in Psychology**,"A survey of techniques used to obtain, display, analyze, and interpret data in psychology. The lecture section will
emphasize the theoretical bases of the topics, while the recitation section will allow students to focus upon the
computational procedures involved in the various statistical techniques.
Core Curriculum/Core Requirements: Quantitative Literacy
Prerequisites: PSY 100.
Course Typically Offered: Fall, Spring, Summer
Credits: 4",PSY 100.,"Fall, Spring, Summer",4
PSY 245,**Principles of Psychological Research**,"Discussion of various research methods used in the scientific approach to the study of behavior. Laboratory will
demonstrate these methods and develop skills in statistically analyzing data using computers. Students will learn to
interpret the statistical analyses and write papers discussing the results of the experiments. Lec 2, Lab 2.
Core Curriculum/Core Requirements:
Prerequisites: PSY 241.
Course Typically Offered: Fall, Spring, Summer
Credits: 4",PSY 241.,"Fall, Spring, Summer",4
PSY 299,**Special Topics in Applied Psychology**,"Courses designed to allow students to pursue study in an area within Psychology. Courses vary in content in response to
student interest and demand. Some possible courses could include Conflict Analysis & Resolution, Ecological
Psychology, Readings in Applied Psychology, Industrial & Organizational Psychology, Multicultural Psychology,
Community Psychology, Stress Management, Human Factors Psychology, History of Psychology, Perception &
Cognition, Psychology of Motivation or Psychology of the Family. Under this topics heading, other Mental Health &
Rehabilitation Technician Certification courses could be offered, including Sexual Abuse, Trauma & Recovery; Case
Management, Mental Health & Aging, Substance Abuse with a Dual Diagnosis Component; Group Process; or Vocational
Aspects of Disability.
Prerequisites: PSY 100 or permission of the instructor
Course Typically Offered: Variable
Credits: 3",PSY 100 or permission of the instructor,Variable,3
PSY 350,**Cognition**,"An introduction to the psychological study of human information processing and thinking. Representative topics
included attention, pattern recognition, short and long-term memory, semantic memory, visual memory, mental
imagery, problem solving and creativity.
Core Curriculum/Core Requirements:
Prerequisites: PSY 245 or BIO 200.
Course Typically Offered: Fall & Spring
Credits: 3",PSY 245 or BIO 200.,Fall & Spring,3
PSY 365,**Biopsychology and Behavioral Neuroscience**,"Explores the biological bases and brain mechanisms of human and animal behavior. Considers the neuroanatomical,
neurophysiological, and neuropharmacological foundations of sensation and perception, sleep and arousal, sexual
behavior, learning and memory, and psychiatric disorders.
Core Curriculum/Core Requirements:
Prerequisites: PSY 245 or BIO 200 or SSC 205
Course Typically Offered: Fall & Spring
Credits: 3",PSY 245 or BIO 200 or SSC 205,Fall & Spring,3
PSY 412,**Foundations of Clinical Psychology**,"Provides an overview of clinical psychology. Topics include the helping professions, historical development of clinical
psychology, approaches to psychological assessment and psychotherapy, controversies in the field, and new directions in
the field.
Core Curriculum/Core Requirements:
Prerequisites: PSY 212, PSY 241, PSY 245; junior or senior standing.
Course Typically Offered: Variable
Credits: 3","PSY 212, PSY 241, PSY 245; junior or senior standing.",Variable,3
PSY 420,**Learning and Memory**,"A study of experimental analyses of animal and human learning from various perspectives within psychology. Topics
include conditioning; different types of learning; encoding, storage, and retrieval of memory; and neural mechanisms of
learning and memory.
Prerequisites: PSY 100 and PSY 245 or STS 132 or MAT 124 or SSC 205
Course Typically Offered: Spring
Credits: 3",PSY 100 and PSY 245 or STS 132 or MAT 124 or SSC 205,Spring,3
PSY 424,**Abnormal Child Psychology**,"Examines the origin, development, and manifestation of abnormal child behavior with emphasis on the biological,
emotional, social, and psychological determinants of deviant behavior.
Core Curriculum/Core Requirements:
Prerequisites: PSY 223, PSY 241, PSY 245 or permission.
Course Typically Offered: Variable
Credits: 3","PSY 223, PSY 241, PSY 245 or permission.",Variable,3
PSY 430,**Current Topics in Social Psychology**,"An introduction to one of several current topics in social psychology. Topic areas may include applied social psychology,
attitudes and persuasion, prejudice and stereotyping, social cognition, the self, and social influence. May be repeated for
credit. (This course is identical to PSY 630.)
Core Curriculum/Core Requirements:
Prerequisites: PSY 100 and PSY 230 or permission.
Course Typically Offered: Variable
Credits: 3",PSY 100 and PSY 230 or permission.,Variable,3
PSY 465,"**Hormones, Brain and Behavior**","An introduction to behavioral neuroendocrinology: the study of hormonal effects on brain and behavior in both humans
and animals. Topics include the role of hormones in gender differences, parental and aggressive behaviors, stress, and
cognitive processes.
Core Curriculum/Core Requirements:
Prerequisites: PSY 365 or BIO 200.
Course Typically Offered: Variable
Credits: 3",PSY 365 or BIO 200.,Variable,3
PSY 491,**Senior Seminar in Psychology**,"One or more current topics in psychology, chosen by the instructor, will be discussed. Students will conduct library
research, make oral presentations and write a comprehensive review paper on each topic.
Core Curriculum/Core Requirements: Writing Intensive and Capstone
Prerequisites: PSY 241 and PSY 245; senior standing.
Course Typically Offered: Fall & Spring
Credits: 3",PSY 241 and PSY 245; senior standing.,Fall & Spring,3
PSY 492,**Problems in Psychology**,"Provides the opportunity to carry out a particular research problem under supervision. Only 6 hours of credit will count
toward the psychology major.
Core Curriculum/Core Requirements:
Prerequisites: PSY 241, PSY 245 and permission.
Course Typically Offered: Fall, Spring, Summer
Credits: Ar","PSY 241, PSY 245 and permission.","Fall, Spring, Summer",N/A
PSY 494,**Senior Research Project**,"Students will develop a research project in consultation with the instructor. The student will do an extensive library
search of background material, write a proposal, conduct the research and write an APA style report. May be repeated
for credit but not more than 6 credit hours total will be allowed for degree credit.
Core Curriculum/Core Requirements: Writing Intensive and Capstone
Prerequisites: PSY 241, PSY 245 and permission.
Course Typically Offered: Fall, Spring, Summer
Credits: 1-3
Pulp and Paper","PSY 241, PSY 245 and permission.","Fall, Spring, Summer",1-3
PPA 264,**Introduction to the Pulp and Paper Industry**,"Considers the manufacture of paper from fibrous raw materials to the processing of finished products. Emphasis on
papers produced from wood, non-wood, and secondary fibers. Recommended for CHE/BLE students taking the
cooperative work experience within the Pulp and Paper industry. Lec 3. (Spring.)
Core Curriculum/Core Requirements:
Prerequisites: Sophomore standing or greater.
Course Typically Offered: Spring
Credits: 3",Sophomore standing or greater.,Spring,3
REM 110,**Foundations of Recreation and Parks**,"This course provides students with an overview of the nature, scope, and significance of recreation, parks, and tourism in
today’s society, the theoretical foundations of the field, and the major leisure service institutions. Students will identify
the key social, political, and cultural factors which affected the development and influence the future of these
institutions; along with key people who played major roles in developing the various philosophies which guide them.
Institutions studied include community recreation and the playground movement, state and municipal parks, federal
lands and the conservation movement, organized camping, youth organizations, outdoor education, and selected sports.
This course also provides students with an overview of career opportunities in the recreation industry including
discussions of professionalism, exploration of career objectives, and personal interaction with working professionals
from several different segments of the recreation industry.
Core Curriculum/Core Requirements: Western Cultural Tradition
Course Typically Offered: Fall
Credits: 3",None,Fall,3
REM 116,**Basic Camping Skills**,"This course focuses on developing basic camping skills; including equipment and clothing selection and use, tent and
tarp set-up, campsite management, campstove safety, food storage and safety, backcountry cooking and clean-up, water
purification, and expedition behavior. Students will participate in an overnight camping trip during which they will
actively reflect on their skill levels, and outline goals for further development. May be offered pass/fail at instructor’s
option.
Credits: 1",None,Unknown,1
REM 121,**Introduction to Outdoor Recreation Management**,"A survey of outdoor recreation activities that addresses personal motivation for participation as well as direct and
indirect psychological, social and physical benefits derived from participation. Economic, technological, political and
environmental impacts of outdoor recreation are examined. Historical perspectives, professional responsibilities, human
and natural resource elements, and future trends are explored. The course includes active participation in outdoor
activities such as lake canoeing, ocean kayaking, backpacking, camping, and map and compass skills. Emphasis is placed
on outdoor leadership philosophies and techniques. Offered fall semester only.
Course Typically Offered: Fall
Credits: 2",None,Fall,2
REM 125,**Sailing and Basic Seamanship**,"Designed to introduce students to sailing and basic boating safety. The course covers basic seamanship, sailing theory
and techniques, boat handling, navigation, marine safety, and proper procedures for administering sailing programs.
Students also have an opportunity to develop an awareness and appreciation of the Maine waterways.
Course Typically Offered: Fall
Credits: 3",None,Fall,3
REM 201,**Activity Leadership and Facilitation**,"This course explores concepts of play, recreation, and leisure for all populations and in a variety of settings. Motivations,
assessment of individual and group needs, and relationship between resources and experiences are explored.
Appropriate leadership and facilitation techniques for all individuals and groups within society are analyzed. The
development and practical application of leadership and facilitation skills are an integral part of the course.
Prerequisites: REM 110, or permission of instructor.
Course Typically Offered: Fall
Credits: 3","REM 110, or permission of instructor.",Fall,3
REM 210,**Nature-Based Tourism & Sustainable Development**,"This course will explore environmental, economic and social-cultural implications and challenges associated with the
creation and management of nature-based tourism products and services. Students will meet with local stakeholders to
develop an in-depth understanding of the complexities involved in nature-based and sustainable tourism development,
including the challenges of managing an area for both conservation and sustainable development; issues pertaining to
equitable distribution of economic benefits and social and cultural implications for indigenous cultures and local
communities involved in or living near areas being developed for tourism.
Core Curriculum/Core Requirements: Cultural Diversity and International Prospective
Prerequisites: REM 121, or permission of instructor
Course Typically Offered: Variable
Credits: 3","REM 121, or permission of instructor",Variable,3
REM 211,**Wildlife Law**,"This course focus on fish and wildlife policy, law and law enforcement topics. It also familiarizes students with all the
various forms of recreational hunting and fishing and the types of wildlife encountered in Maine. This course also
focuses on the role that hunting and fishing play in conservation and wildlife management programs. Proper selection
and use of equipment and current safety programs are addressed.
Course Typically Offered: Fall - Alternate Years
Credits: 3",None,Fall - Alternate Years,3
REM 221,**Fundamentals of Search and Rescue**,"Designed to prepare people to participate effectively in official search and/or rescue activities administered by local,
state, or federal agencies either as a volunteer working on a search and rescue team or as an employee of a governmental
agency with search and rescue responsibilities. A student who successfully completes this course may receive national
certification. Students are encouraged to complete a navigation/map and compass skills course prior to taking this
course.
Course Typically Offered: Variable
Credits: 3",None,Variable,3
REM 222,**Rescue Diver**,"This PADI Rescue Diver course is designed to develop the necessary knowledge and skills for individuals to effectively
perform diver rescues and assists, manage diving accident situations, render proper first aid, and qualify for the PADI
Divemaster training. The course involves classroom activities, pool simulations, and open water dives. Before enrolling
in this course students must have PADI Advanced Open Water Diver certification or equivalent rating.
Course Typically Offered: Spring
Credits: 3",None,Spring,3
REM 226,**Recreation Program Planning**,"This course will provide students with the basic knowledge or programming principles and theories, assessing
participant needs, the planning process, developing goals and objectives, program implementation and evaluation
strategies. Students will concentrate on the role that programming plays in enabling leisure and in facilitating the
recreational experience. This course emphasizes the practical application of the knowledge and skills gained through the
course.
Prerequisites: REM 201, or permission of instructor.
Credits: 3","REM 201, or permission of instructor.",Unknown,3
REM 230,**Outdoor Leadership**,"This course combines the practice of outdoor leadership with the study of leadership theory and group management.
Students will improve their own outdoor leadership capacities through practice, feedback and reflection. Professional
practice, theories of leadership and judgment and decision making will be explored through readings, discussions and
self-reflective projects. The class will work together at developing their own skills, helping others understand their
strengths and characteristics and gaining experience in working with groups. Students will participate in an extended
field experience where they will gain practice in leadership positions in various situations.
Prerequisites: REM 121 (as prerequisite or co-requisite) and REM 116 or permission
Course Typically Offered: Variable
Credits: 3",REM 121 (as prerequisite or co-requisite) and REM 116 or permission,Variable,3
REM 231,**Leave No Trace Trainer**,"Anytime you are recreating in nature, it is important to understand the effects you have on the natural world and ways to
minimize those impacts. This course provides an introduction to the foundational skills and knowledge related to
minimum impact outdoor recreation through the lens of Leave No Trace outdoor ethics. Operated as an official Leave No
Trace Trainer Course, students will spend class time developing cognitive and affective skills as well as field time
practicing ways to teach the seven principles of Leave No Trace to others. Upon successful completion, students may
earn a certificate as a Leave No Trace Trainer, and the ability to formally teach official Leave No Trace Awareness
Workshops to others.
Overnight camping field trip required and mandatory.
Credits: 1",None,Unknown,1
REM 314,**Facility Operations and Design**,"This course deals with the operation, maintenance and design of park and recreational facliities. Both indoor and
outdoor, man-made and natural, users and facilities themselves will be discussed. This course will familiarize students
with the planning, design and construction of natural and man-made recreational resources. Topics will include
planning theory and practice, design theory and special orientation, design techniques and construction plans.
Prerequisites: Junior standing, or permission of instructor.
Course Typically Offered: Spring
Credits: 3","Junior standing, or permission of instructor.",Spring,3
REM 317,**Principles of Experiential Education**,"This course will provide the student with an understanding of the foundations, theories and principles of experiential
education, as well as the techniques utilized in experiential learning programs.
Prerequisites: REM 201, or permission of instructor.
Course Typically Offered: Fall - Alternate Years
Credits: 3","REM 201, or permission of instructor.",Fall - Alternate Years,3
REM 323,**Principles of Strength and Conditioning**,"An advanced course designed to explore principles and techniques of conditioning and strength training. Testing and
evaluation, exercise techniques, and program design are covered. Prepares students to be eligible for the Certified
Strength and Conditioning Specialist exam.
Course Typically Offered: Variable
Credits: 3",None,Variable,3
REM 411,**Recreation and Wilderness Resources**,"A study of managing natural resources for the purpose of outdoor recreation. Natural areas that range from manicured
parks to pristine wilderness areas are examined in light of the different management philosophies, policies, and
techniques needed to maintain them.
Prerequisites: Junior standing or permission of instructor
Course Typically Offered: Variable
Credits: 3",Junior standing or permission of instructor,Variable,3
REM 412,**Interpretation of Natural & Cultural Resources**,"A specialized course in preparing interpretive programs for recreational/park facilities and historic places. Selective
media are discussed and used in the development of interpretive services. Examples of existing efforts in interpretation
are explored.
Prerequisites: Junior standing, or permission of instructor.
Course Typically Offered: Variable
Credits: 3","Junior standing, or permission of instructor.",Variable,3
REM 442,**Recreation Seminar**,"A seminar to integrate previous course and field experiences. Emphasis is placed on problem-solving procedures using
case studies. Studies of current issues, status, trends, and future directions in leisure and recreation are included.
Core Curriculum/Core Requirements: Capstone and Writing Intensive
Prerequisites: Senior standing or permission of instructor.
Credits: 3",Senior standing or permission of instructor.,Unknown,3
REM 443,**Recreation Leadership Practicum**,"Allows qualified students to gain personal experience teaching and leading recreation/fitness activities at the college
level under supervised conditions. Students enrolled in this course will actually teach a .5-1.0 college credit course under
the direct supervision of a UMM faculty member. Students must have current certifications and/or licenses to teach/lead
the activity and must be approved by a supervising UMM faculty member before registering for the course.
Course Typically Offered: Variable
Credits: 1 - 3
School of Forest Resources",None,Variable,1
SFR 100,**Introduction to Forest Biology**,"Introductory concepts related to forest plants, animals, environment and ecology. Lec 3.
Core Curriculum/Core Requirements: Lab in the Basic or Applied Sciences requirement when taken with SFR 102.
Course Typically Offered: Spring
Credits: 3",None,Spring,3
SFR 102,**Structure and Function of Woody Plants Laboratory**,"Introductory concepts on the anatomy and structure of woody plants with an emphasis on the relationship between form
and function.
Core Curriculum/Core Requirements: Lab in the Basic or Applied Sciences when taken with SFR 100.
Corequisites: SFR 100 or PSE 100 or BIO 100
Course Typically Offered: Spring
Credits: 1",None,Spring,1
SFR 103,**Introduction to Forest Resource Professions**,"Introduction and overview of global, North American, and Maine forest resources, current and historical use by humans,
history of forest regulation and policy, forest stewardship and land ethics, measurement and economics of forest
resources, history and development of forest resource professions, and career options and professional societies in forest
resources. Course may have field trips during class times.
Core Curriculum/Core Requirements:
Course Typically Offered: Fall
Credits: 1",None,Fall,1
SFR 107,**Forest Vegetation**,"An introduction to the identification, distribution, taxonomy, silvics and utilization of North American tree species.
Emphasis on the dominant forest cover types typical of each region of the U.S. together with their associated shrub and
herbaceous communities. Site affiliations and the relationships to selected vertebrate wildlife species are included.
Course may include field work during and outside of the course’s scheduled times.
Core Curriculum/Core Requirements:
Prerequisites: Majors in Forest Operations, Bioproducts, & Bioenergy; Forestry; Parks, Recreation and Tourism; and
Ecology & Environmental Science with a concentration in Forest Ecosystem Science
Course Typically Offered: Fall
Credits: 3","Majors in Forest Operations, Bioproducts, & Bioenergy; Forestry; Parks, Recreation and Tourism; and",Fall,3
SFR 108,**Introduction to Arboriculture and Community Forestry**,"Introductory course in arboriculture (study of trees on an individual basis) and community forestry (management of
trees in a community/urban setting). The student studies the management of the urban/community forests, the people
interaction/dynamics when dealing with community trees, and the development and purpose of a community forestry
management plan. The course includes identifying valuable features, growth habits, and cultural requirements of urban
trees and shrubs.
Core Curriculum/Core Requirements:
Course Typically Offered: Fall
Credits: 3",None,Fall,3
SFR 111,**Forest Through Time**,"Basic concepts of science will be used to explain how forests have responded to natural and human influences over time.
This foundation will be used to explore how a range of uses will affect the future sustainability of forest systems and their
ability to meet society’s needs.
Core Curriculum/Core Requirements: Satisfies the General Education Application of Scientific Knowledge and
Population & the Environment Requirements when taken with SFR 112. Satisfies the General Education Lab in the Basic
or Applied Sciences and Population and the Environment Requirements when taken with SFR 101 and SFR 112.
Course Typically Offered: Fall & Spring
Credits: 1",None,Fall & Spring,1
SFR 112,**Forests Through Time: Discussions**,"Weekly discussions based on information presented in SFR 111.
Core Curriculum/Core Requirements: Satisfies the General Education Application of Scientific Knowledge and
Population and the Environment Requirements when taken with SFR 111. Satisfies the General Education Lab in the
Basic or Applied Sciences and Population and the Environment Requirements when taken with SFR 101 and SFR 111.
Prerequisites: SFR 111 or concurrently
Course Typically Offered: Fall & Spring
Credits: 2",SFR 111 or concurrently,Fall & Spring,2
SFR 150,**Introduction to Tourism**,"Introduction to tourism is designed to help students of all disciplines understand one of the largest industries in the
world. This course will introduce the nature, structure and complexity of travel and tourism with special emphasis on
nature-based tourism-how it’s defined, how it evolved, and its magnitude globally. Students will examine types and
functions of various stakeholders in the creation and delivery of tourism including governments, private sector and
communities. Finally this course will explore the motivations for travel affecting demand for tourism.
Core Curriculum/Core Requirements:
Course Typically Offered: Spring, even years
Credits: 3",None,"Spring, even years",3
SFR 201,**Wildland Firefighter Preliminary Training**,"Prepares students for wildland firefighter basic training needed for the Firefighter Red Card which is recognized
nationally by the U.S. Forest Service, the National Park Service, the Bureau of Land Management and many state and
local fire agencies.
Core Curriculum/Core Requirements:
Prerequisites: Major in Forestry, Forest Operations, Bioproducts & Bioengineering, Parks, Recreation, and Tourism,
or Ecology and Environmental Sciences.
Course Typically Offered: Spring
Credits: 0-1","Major in Forestry, Forest Operations, Bioproducts & Bioengineering, Parks, Recreation, and Tourism,",Spring,0-1
SFR 205,**Forest Measurements and Statistics**,"Encompasses methods used to measure log, tree, stand and forest-level attributes. Principles of summarizing individual
tree data and of using statistics in forest management are presented. Course may have field trips during class times.
Core Curriculum/Core Requirements: Quantitative Literacy.
Prerequisites: SFR 107 or permission
Course Typically Offered: Spring
Credits: 3",SFR 107 or permission,Spring,3
SFR 209,**Chain Saw and Fire Training**,"A field course leading to certification in Level 1 chain saw safety training and US Forest Service Red Card fire training.
Additionally, field safety will be discussed.
Core Curriculum/Core Requirements:
Prerequisites: SFR 201
Course Typically Offered: Summer
Credits: 1",SFR 201,Summer,1
SFR 213,**Forest Operations Field Tour**,"Will observe different timber harvesting operations and machines through field visits and assess at multiple scales with
application to integrated management of forest trees, wildlife, water, and soil. Planning and implementation of forest
operations systems for various forest stand conditions will be examined. This course intends to introduce associated
ecological, social, policy, and ethical issues in forestry, thereby, preparing future forest resource professionals for
operational management under varying objectives and site conditions.
Core Curriculum/Core Requirements:
Prerequisites: Sophomore standing
Course Typically Offered: Spring
Credits: 1",Sophomore standing,Spring,1
SFR 215,**Introduction to Sustainable Materials and Technology**,"Introduction to sustainable materials and products (including energy) derived from the forests and other renewable
resources as well as processes and technology to produce, process and convert such materials into useful products.. The
fundamentals of production systems will be described through required raw material forms and processing systems. The
attributes and use of these products will be described from physical, chemical, mechanical, biological, and lifecycle
perspectives.
Core Curriculum/Core Requirements: Applications of Scientific Knowledge and Population and Environmental
Requirement
Course Typically Offered: Spring
Credits: 3",None,Spring,3
SFR 216,**Wood Identification**,"Provides basic knowledge and hands-on skills in identifying commercial wood species commonly grown in North
America. The gross and minute anatomical features of hardwood and softwood species will be observed by means of a
hand lens and microscope. The keys to identification for hardwood and softwood species in terms of gross and minute
features will be introduced. The effects of the anatomical features on the physical, mechanical and machining properties
of different wood species will be discussed. The applications of the commercial wood species will be introduced.
Core Curriculum/Core Requirements:
Course Typically Offered: Spring
Credits: 1",None,Spring,1
SFR 222,**Environmental Communication Skills**,"The nature and problems of environmental communication, with opportunities to practice communication through a
range of exercises.
Core Curriculum/Core Requirements: Social Contexts and Institutions
Course Typically Offered: Spring
Credits: 3",None,Spring,3
SFR 226,**Park Systems of the World**,"An examination of national parks as cultural identity. Topics include the genesis and rate of spread of the national parks
idea, the cultural/political/economic environment of national parks, parks and the natural environment, comparative
park system administration, and the trend and condition of the world’s park systems. Lec 3.
Core Curriculum/Core Requirements: Cultural Diversity and International Perspectives
Course Typically Offered: Fall, odd years
Credits: 3",None,"Fall, odd years",3
SFR 228,**Forest Recreation Management**,"A broad yet comprehensive study of the theories, problems and techniques of managing recreation systems in both the
public and private sectors. Emphasis given to current recreation management issues. Rec 3.
Core Curriculum/Core Requirements:
Course Typically Offered: Fall
Credits: 3",None,Fall,3
SFR 345,**Special Problems in Forestry**,"Original investigation and/or readings on forest resources problems, the subject to be chosen after consultation with
staff.
Core Curriculum/Core Requirements:
Prerequisites: Open to high-ranking juniors and seniors and departmental consent required.
Course Typically Offered: Fall, Spring, and Summer
Credits: Ar",Open to high-ranking juniors and seniors and departmental consent required.,"Fall, Spring, and Summer",N/A
SFR 346,**Special Problems in Sustainable Materials and Technology**,"Original investigation in forest engineering, the subject to be chosen after consultation with the staff. Open to high-
ranking juniors and seniors.
Core Curriculum/Core Requirements:
Prerequisites: Department consent
Course Typically Offered: Fall, Spring, Summer
Credits: Ar",Department consent,"Fall, Spring, Summer",N/A
SFR 349,**Applied Forest Ecology and Silviculture**,"A survey of forest ecosystem management designed for students majoring in related fields. Lectures apply concepts in
forest ecology, biology, silviculture, harvesting, wood products utilization, and economics to the protection and
management of public and private forest land. Emerging concepts and technologies relating to forest ecosystem
management and sustainability are presented relative to defining and achieving land management goals and objectives.
Laboratories reinforce practical field skills in locating, inventorying, and assessing stands and forests. Lec 3 Lab 3.
Course may have field trips during class times.
Core Curriculum/Core Requirements:
Prerequisites: Junior standing in EES, PRT, or WLE
Course Typically Offered: Fall
Credits: 4","Junior standing in EES, PRT, or WLE",Fall,4
SFR 391,**Cooperative Education in Forestry**,"Practical experience for the undergraduate student, combining work in a business firm or public agency with academic
courses and supervision. Opportunity for student to gain experience, to integrate classroom learning with job
performance, and to develop future placement possibilities.
(Pass/Fail Grade Only.)
Core Curriculum/Core Requirements:
Prerequisites: Junior standing and permission of the Forestry Curriculum Committee.
Course Typically Offered: Fall, Spring, Summer
Credits: Ar",Junior standing and permission of the Forestry Curriculum Committee.,"Fall, Spring, Summer",N/A
SFR 393,"**Cooperative Education in Parks, Recreation, and Tourism**","Practical experience for the undergraduate student, combining work in a business firm or public agency with academic
courses and supervision. Opportunity for student to gain experience, to integrate classroom learning with job
performance, and to develop future placement possibilities.
(Pass/Fail Grade Only.)
Core Curriculum/Core Requirements:
Prerequisites: Junior standing and permission.
Course Typically Offered: Summer
Credits: 1-16",Junior standing and permission.,Summer,1-16
SFR 395,**Internship for Sustainable Materials and Technology**,"A professional activity under the general supervision of an experienced professional with a high degree of responsibility
placed on the student. Learning objectives are pre-established and agreed upon between the faculty coordinator and the
placement supervisor. Not normally repeated.
Core Curriculum/Core Requirements:
Prerequisites: Department consent
Course Typically Offered: Fall, Spring, Summer
Credits: Ar",Department consent,"Fall, Spring, Summer",N/A
SFR 397,**Field Experience in Forestry**,"A field experience is a professional activity participated in by students under the supervision of a practicing professional in
the field. A high degree of responsibility is placed on the student for developing a study plan including learning
objectives and their assessment. The study plan must be approved by a faculty member prior to the field experience. May
be repeated. Can be taken for 0 credit as a Pass/Fail Grade only.
Core Curriculum/Core Requirements:
Prerequisites: Permission.
Course Typically Offered: Fall, Spring, Summer
Credits: 0-6",Permission.,"Fall, Spring, Summer",0-6
SFR 398,**Field Experience in Sustainable Materials and Technology**,"A field experience is a professional activity participated in by students under the supervision of a practicing professional
in the field. A high degree of responsibility is placed on the student for developing learning objectives and securing the
approval of a faculty member for academic credit for the learning involved. May be repeated.
Core Curriculum/Core Requirements:
Prerequisites: Department consent
Course Typically Offered: Fall, Spring, Summer
Credits: Ar",Department consent,"Fall, Spring, Summer",N/A
SFR 400,**Applied Geographic Information Systems**,"An introduction to the methods and processes for the application of geographic information systems to natural resource
management. Emphasis is placed on project planning and hands-on experience in systems operation. Course may
include field work outside of the course’s scheduled times.
Core Curriculum/Core Requirements:
Prerequisites: MAT 116 or MAT 122 or a passing score on UM Math Placement Exam #3.
Course Typically Offered: Fall and Spring
Credits: 4",MAT 116 or MAT 122 or a passing score on UM Math Placement Exam #3.,Fall and Spring,4
SFR 401,**Timber Harvesting**,"Examine and analyze timber harvesting practices in the United States and Canada with special emphasis on Maine.
Discussion of harvest methods and systems, production, and regulation. Because of the overlap, SFR 401 and SFR 502
cannot both be taken for degree credit.
Core Curriculum/Core Requirements:
Course Typically Offered: Fall
Credits: 3",None,Fall,3
SFR 403,**Forest Roads**,"Design, construction, and maintenance of forest road systems and bridges, examination of road-vehicle interactions,
and analysis of forest products transportation.
Core Curriculum/Core Requirements:
Course Typically Offered: Fall
Credits: 2",None,Fall,2
SFR 406,**Remote Sensing of the Forest Environment**,"In this course, students will learn the key concepts and rationale underlying the acquisition, interpretation, processing
and presentation of remote sensing imagery for forestry and natural resources applications. Students are introduced to
remote sensing technology, methods and applications including airphoto interpretation; digital photogrammetry;
satellite image analysis; and LIDAR forest inventory. With an emphasis on hands-on demonstrations and laboratory
exercises, students will gain proficiency in working with digital imagery and other geospatial data using ArcGIS,
including vegetation indices, forest classifications, land cover change maps and three-dimensional point clouds.
Core Curriculum/Core Requirements:
Prerequisites: SFR 400 or permission; SFR 100, PSE 100, or BIO 200 recommended but not required.
Course Typically Offered: Fall
Credits: 3","SFR 400 or permission; SFR 100, PSE 100, or BIO 200 recommended but not required.",Fall,3
SFR 408,**Silviculture**,"Theory and practice of controlling the composition, growth, quality and regeneration of forest stands for human benefit.
NOTE: Because of overlap, SFR 408 and SFR 509 cannot both be taken for degree credit.
Core Curriculum/Core Requirements:
Corequisites: SFR 407
Course Typically Offered: Fall
Credits: 3",None,Fall,3
SFR 409,**Forest Ecology and Silviculture Field Laboratory**,"Measurement, assessment and analysis of forest vegetation from a biological and silvicultural perspective. Designed to
develop understanding and proficiency in: silvical properties of northeastern tree species; forest regeneration,
succession and stand dynamics; prescribing silvicultural treatments; and formulating silvicultural systems. Weekly labs
and several one-day field trips.
Core Curriculum/Core Requirements:
Prerequisites: WLE 200 or concurrent enrollment in SFR 407.
Corequisites: SFR 408
Course Typically Offered: Fall
Credits: 2",WLE 200 or concurrent enrollment in SFR 407.,Fall,2
SFR 413,**Boundary Line Identification and Deed Research**,"Introduction to the basics of identifying property monuments and other landmarks used in locating landowner
property/boundary lines, and the techniques used in conducting a title/deed search.
Core Curriculum/Core Requirements:
Prerequisites: Junior standing or higher in Forestry or Parks, Recreation & Tourism; or Master of Forestry; or
permission
Course Typically Offered: Fall
Credits: 1","Junior standing or higher in Forestry or Parks, Recreation & Tourism; or Master of Forestry; or",Fall,1
SFR 414,**Introduction to Third-Party Forest Certification**,"An in-depth coverage of third-party forest certification systems focusing on Maine with additional exposure to national
and international applications. Topics will include how forests are certified using standards that ensure sustainability of
forest management, the mechanics of forest certification and how third-party audits are conducted. The course may
include a full day field trip outside of class time.
Core Curriculum/Core Requirements:
Prerequisites: SFR 408 or SFR 446 or permission.
Course Typically Offered: Spring
Credits: 1",SFR 408 or SFR 446 or permission.,Spring,1
SFR 437,"**Ecotourism: Principles, Trends, and Issues**","Examines ecotourism as a growing and important sector of the tourism industry due to its focus on sustainability issues.
This course covers the principles and fundamental concepts of ecotourism, and how the concept differs from other forms
of alternative tourism. Contemporary issues such as marketing, governance, certification, and community engagement in
both US and international contexts will be discussed via the use of case studies.
Core Curriculum/Core Requirements:
Prerequisites: SFR 150 or permission.
Course Typically Offered: Variable
Credits: 3",SFR 150 or permission.,Variable,3
SFR 439,**Biology of Woody Plants**,"Advanced topics in woody plant biology including growth, development, and reproduction. Emphasis on forest tree
biology and tree responses to abiotic stressors. (Because of overlap, SFR 439 and SFR 349 cannot both be taken for
degree credit.)
Core Curriculum/Core Requirements:
Prerequisites: BIO 200 or SFR 100 or PSE 100
Course Typically Offered: Fall, Even Years
Credits: 3",BIO 200 or SFR 100 or PSE 100,"Fall, Even Years",3
SFR 446,**Forest Resources Policy**,"Mechanisms involved in, and influences on the evolution of national, state and private forest policies in the United
States and other nations. Development of professional codes of ethics in Forestry and examination of professional,
private business, environmental, and public sector ethical challenges, particularly in the formation of forest policies. Lec
3.
Core Curriculum/Core Requirements: Social Contexts and Institutions and Ethics
Course Typically Offered: Spring
Credits: 3",None,Spring,3
SFR 450,**Processing of Biomaterials**,"Understanding how the resources of the forests are used and processed is important. This course provides an overview
of the machinery and processes used for manufacturing bioproducts including lumber, wood-based composites, veneer,
lumber, pulp and paper and other forest products. The laws and standards under which production and evaluation of
bioproducts occur are an important part of the course. The commercial measurement of forest resources is detailed as
are the effects of timber defects on finished product quality. In addition to classroom lectures and discussions, the
course includes field trips, during scheduled class periods, to various forest products manufacturing operations and
laboratory exercises related to quality control techniques used in industry. Students enrolling in the course should have
passed at least one course meeting the general education requirement for a science with lab or application of science.
Core Curriculum/Core Requirements:
Prerequisites: Junior or Senior Standing
Course Typically Offered: Fall, Even Years
Credits: 4",Junior or Senior Standing,"Fall, Even Years",4
SFR 453,**Biocomposite Materials**,"A comprehensive analysis of the influence of materials and processing parameters on the chemical, physical and
mechanical properties of biocomposite materials. Principles of adhesion and adhesives technology and their impact on
biocomposite manufacture and performance will be addressed. Laboratories will provide practical experience in the
manufacture and evaluation of a variety of biocomposites produced using hot pressing, cold pressing, extrusion, and
injection molding. Lec 3, Lab 3
Core Curriculum/Core Requirements:
Prerequisites: CHY 121 and CHY 123; SFR 215, SFR 450 and PHY 107 or PHY 111.
Course Typically Offered: Spring, Even Years
Credits: 4","CHY 121 and CHY 123; SFR 215, SFR 450 and PHY 107 or PHY 111.","Spring, Even Years",4
SFR 455,"**Bioenergy Sources, Systems and Environmental Effects**","A detailed introduction to the use of biomass for bioenergy and includes a broad review of biomass sources, processing
systems, human health effects, potential environmental damage, pollution abatement, energy generating systems and
the general effects of using renewable and non-renewable sources of energy on the human population. Common
definitions, units and the basic thermodynamics of biomass use are discussed. Environmental issues including
greenhouse gas emissions are examined along with the benefits and environmental concerns related to using renewable
sources of bioenergy. Specific examples, volatile organic chemical release and energy use in drying forest resources are
included. Scheduled labs involve field trips. Students enrolling in the course should have passed at least one course
meeting the general requirement for science with lab or application of science.
Core Curriculum/Core Requirements: Population and Environment
Prerequisites: Junior or Senior Standing
Course Typically Offered: Fall, Odd Years.
Credits: 3",Junior or Senior Standing,"Fall, Odd Years.",3
SFR 458,**Tree Pests and Disease Lab**,"Identification of tree health problems and their management options. Course may include field work during and outside
of the course’s scheduled times.
Core Curriculum/Core Requirements:
Prerequisites: BIO 100 or SFR 100 or permission
Course Typically Offered: Spring
Credits: 1",BIO 100 or SFR 100 or permission,Spring,1
SFR 460,**Sustainable Materials and Technology Manufacturing Tour**,"One-week inspection trip to representative manufacturers of bioproducts selected for demonstration of typical plant and
forest operations. A written report is required.
Core Curriculum/Core Requirements:
Prerequisites: Junior Standing and Forestry or Parks, Recreation and Tourism or Sustainable Materials and
Technology major
Course Typically Offered: Spring
Credits: 1","Junior Standing and Forestry or Parks, Recreation and Tourism or Sustainable Materials and",Spring,1
SFR 477,**Forest Landscape Management and Planning**,"Integration of biophysical and socioeconomic sciences for the multiple use management to achieve desired products,
services and conditions of forest lands. Application of modern analytical procedures for strategic, tactical and
operational forest planning up to the landscape level. Because of overlap SFR 477 and SFR 577 cannot both be taken for
degree credit. Course may have field trips during class times.
Core Curriculum/Core Requirements:
Prerequisites: SFR 349 or Pre/Co-requisite of SFR 409 or SFR 509 and Pre or Co-requisite of SFR 444 or SFR 544
Course Typically Offered: Fall
Credits: 3",SFR 349 or Pre/Co-requisite of SFR 409 or SFR 509 and Pre or Co-requisite of SFR 444 or SFR 544,Fall,3
SFR 478,**Tools for Forest Management**,"Lab support for SFR 444/544 and SFR 477/577. Hands-on experience with tools useful for forest management,
including: database, mapping, growth and yield programs; mathematical techniques; and landscape management
systems.
Core Curriculum/Core Requirements:
Corequisites: SFR 444/544 and SFR 477/577
Course Typically Offered: Fall
Credits: 1",None,Fall,1
SFR 480,**Wilderness and Protected Areas Management**,"Historical overview of wilderness and protected area management in the United States involving western cultural
influences such as Beowulf, Christianity, and Romanticism. Basic concepts of the unique management problems and
opportunities associated with wilderness and wild and scenic river systems. Ideas will be explored on how to deal with
the complexities of wilderness subsystems, their values, and their uses in the United States as well as international
context.
Core Curriculum/Core Requirements: Western Cultural Tradition
Prerequisites: SFR 228
Course Typically Offered: Spring, odd years
Credits: 3",SFR 228,"Spring, odd years",3
SFR 489,**Tools for Consulting Foresters**,"Hands-on experience with software applications and field techniques useful for creating small woodlot forest
management plans including: mapping, forest inventories, resource evaluation and assessments, growth and yield
programs, spreadsheets and other office software. SFR 489 and SFR 589 cannot both be taken for degree credit.
Core Curriculum/Core Requirements:
Prerequisites: SFR 400, SFR 402 and SFR 409
Course Typically Offered: Fall
Credits: 1","SFR 400, SFR 402 and SFR 409",Fall,1
SFR 491,"**Senior Capstone in Parks, Recreation and Tourism**","Selected issues and trends facing the recreation and parks profession today. Serves as the capstone experience,
integrating all of the course work for Parks, Recreation and Tourism students.
Core Curriculum/Core Requirements: Writing Intensive and Capstone
Prerequisites: Senior standing and permission.
Course Typically Offered: Spring
Credits: 3",Senior standing and permission.,Spring,3
SFR 492,**Capstone Directed Study**,"One student or a group of students select a problem in natural resource utilization, management, or policy, and prepare
a prospectus and ultimately a detailed technical report on the topic. Each student or group will work closely with one or
more faculty who agree to serve as mentors. Capstone projects are highly integrative of topics covered in the
undergraduate program and involve applying knowledge to field- or lab-based activities. Study results are presented in
an oral presentation and a final technical report. (May be repeated for credit until a total of 3-4 credits have been
earned.)
Core Curriculum/Core Requirements: Writing Intensive and Capstone
Prerequisites: Department consent and Senior Standing in FBB, FTY, or PRT
Course Typically Offered: Fall & Spring
Credits: 1-4","Department consent and Senior Standing in FBB, FTY, or PRT",Fall & Spring,1-4
SFR 498,**Senior Research I**,"An original investigation of a problem in Forest Ecosystem Science, under the guidance of a faculty member. Students
will select an area of study, perform a literature search and prepare a written study plan for their research.
Core Curriculum/Core Requirements: Together with SFR 499’ , ‘this course satisfies both the General Education
Writing Intensive requirement and the General Education Capstone Experience requirement.
Prerequisites: Permission and junior standing in Forest Ecosystem Science and Conservation.
Course Typically Offered: Fall & Spring
Credits: 2",Permission and junior standing in Forest Ecosystem Science and Conservation.,Fall & Spring,2
SFR 499,**Senior Research II**,"Students will complete the research initiated in SFR 498 and prepare a written final report. The completed project
should demonstrate the student’s ability to understand and apply scientific principles in research.
Core Curriculum/Core Requirements: Together with SFR 498’ , ‘this course satisfies both the General Education
Writing Intensive requirement and the General Education Capstone Experience requirement.
Prerequisites: SFR 498 and senior standing.
Course Typically Offered: Fall & Spring
Credits: 2
Social Sciences",SFR 498 and senior standing.,Fall & Spring,2
SSC 205,**Social Science Research Methods**,"A course designed to nurture an appreciation and understanding for the manner in which social scientists conduct
research. Students learn how to find information, read journal articles, pose research questions, select appropriate
methods, select participants, select appropriate designs and statistical analyses, report research findings, and do all of
the above ethically.
Prerequisites: PSY 100 and SSC 124
Course Typically Offered: Fall
Credits: 3",PSY 100 and SSC 124,Fall,3
SSC 420,**Real World Research & Inquiry**,"This course is required for students in Psychology & Community Studies and welcomes others interested in gaining
further expertise in social science methodology. It is designed to provide learners with an understanding and experience
using methodological approaches commonly thought of as qualitative, which may include interview-based research,
focus groups, case studies, naturalistic observation, mixed method research, grounded theory, and Indigenous
approaches to inquiry. Learners build on previous coursework in finding relevant information, reading journal articles,
developing research questions, and selecting appropriate methods, participants, designs and analyses, reporting
research findings, and doing this in the most ethical manner. The primary goals in this course are for learners to gain
experience with project management, conducting preliminary research for a community partner and presenting their
findings. During the semester, students are expected to make periodic progress reports on their projects and maintain
professional communications with work teams and community partners. The research projects conclude with formal
(convention-style) presentations. This course includes a Service-Learning and Community Engaged (SL/CE)
component.
Prerequisites: SSC 124, or PSY 214, or SSC 205, Jr. Standing, or permission of the instructor
Course Typically Offered: Fall and Spring
Credits: 3","SSC 124, or PSY 214, or SSC 205, Jr. Standing, or permission of the instructor",Fall and Spring,3
SWK 101,**Opportunities for the Social Work Major**,"Introduces first-year and transfer students who have declared a major in social work to the general resources of the
University of Maine and to the specific resources of the School of Social Work. Topics include overview of library and
computer facilities, degree and graduation requirements, volunteer opportunities, internships, and future career
opportunities.
(Pass/Fail Grade Only.)
Core Curriculum/Core Requirements:
Prerequisites: Social Work major.
Course Typically Offered: Fall
Credits: 1",Social Work major.,Fall,1
SWK 330,**Contemporary Issues in Diversity and Pluralism**,"Examines plurality and diversity from a standpoint of difference created by culture, race, social structure, religious
affiliation, gender, age, sexual orientation and ability. Issues of prejudice and discrimination examined on an individual
and societal level.
Core Curriculum/Core Requirements: Cultural Diversity and International Perspectives
Prerequisites: SOC 101.
Course Typically Offered: Spring
Credits: 3",SOC 101.,Spring,3
SWK 350,**Human Behavior and the Social Environment I**,"Examines normative development, behavior, values and attitudes as influenced by age, cohort, gender, culture, social
class, social structures, oppression and other environmental factors. Addresses the life span and attendant concerns
from multiple theoretical perspectives within a systems person-in-environment framework. Considers implications for
social work practice and social welfare policy.
Core Curriculum/Core Requirements:
Prerequisites: PSY 100 and SOC 101 or permission.
Course Typically Offered: Fall
Credits: 3",PSY 100 and SOC 101 or permission.,Fall,3
SWK 361,**Generalist Social Work Practice I**,"Explores the functions and roles of the social worker, the value base of social work practice, and the processes of
providing service. Social Work majors only.
Core Curriculum/Core Requirements:
Prerequisites: SWK 350 or permission.
Course Typically Offered: Spring
Credits: 3",SWK 350 or permission.,Spring,3
SWK 380,**The Biological Person and the Environment**,"The biological person as viewed from a biopsychosocial-spiritual model requires that social workers develop an
appreciation and understanding of the reciprocal impact of behavior and biology on one another. For social workers,
understanding the biological systems means closely examining the human body and all of the intricate, interdependent
systems and their actions that are necessary to maintain life.
Core Curriculum/Core Requirements:
Course Typically Offered: Fall
Credits: 3",None,Fall,3
SWK 395,**Beginning Field Experience in Social Work**,"Preparation for field practicum, exploration of interest in professional social work and introduction to social welfare
agency milieux through volunteer experience. Students must register for both fall and spring semesters.
Core Curriculum/Core Requirements:
Prerequisites: Social Work major or permission.
Course Typically Offered: Fall & Spring
Credits: 1 - 3",Social Work major or permission.,Fall & Spring,1
SWK 462,**Generalist Social Work Practice II**,"Develops knowledge, values and skills necessary for provision of social services to individuals, families and small groups.
Includes knowledge and skill building in interpersonal communication, planning and carrying out interventions, and
evaluating interventions within the context of generalist social work practice. Integrates classroom and field instruction
experiences. Limited to senior social work majors.
Core Curriculum/Core Requirements:
Prerequisites: SWK 361.
Course Typically Offered: Fall
Credits: 3",SWK 361.,Fall,3
SWK 463,**Generalist Social Work Practice III**,"Explores the theory and practice of purposive social change in social agencies and communities, participation of social
workers in politics, and social worker roles of advocate, resource mobilizer, program planner, and organizer. Integrates
the classroom and field instruction experience. Limited to senior social work majors.
Core Curriculum/Core Requirements:
Prerequisites: SWK 462.
Course Typically Offered: Spring
Credits: 3",SWK 462.,Spring,3
SWK 491,**Methods of Social Work Research**,"Beginning methods of social work research. Strategies and methods of developing knowledge in the context of social
work practice and social welfare. The place of theory in research, problem formulation, ethical concerns, research
designs, including practice research and evaluation, methods of data collection, sampling, introduction to program
evaluation, and basic procedures in data analysis and statistics.
Core Curriculum/Core Requirements:
Course Typically Offered: Fall
Credits: 3",None,Fall,3
SWK 495,**BSW Generalist Internship**,"Generalist social work practice in community agencies provides opportunities to apply social work knowledge and skills
directed toward planned intervention and change efforts. Limited to social work majors who have completed at least 75
course credit hours. 12 credit hours of Field Practicum required, 6 per semester. Variable credit by permission.
Core Curriculum/Core Requirements: Capstone
Prerequisites: SWK 361 and SWK 440.
Corequisites: SWK 462 (fall semester) and SWK 463 (spring semester.)
Course Typically Offered: Fall & Spring
Credits: 1-6",SWK 361 and SWK 440.,Fall & Spring,1-6
SOC 101,**Introduction to Sociology**,"Introduces the fundamental concepts, principles, and methods of sociology, analyzes the influence of social and cultural
factors upon human behavior and evaluates effect of group processes, social classes, stratification, and basic institutions
on contemporary society.
Core Curriculum/Core Requirements: Social Contexts and Institutions
Course Typically Offered: Fall & Spring
Credits: 3",None,Fall & Spring,3
SOC 201,**Social Inequality**,"Structural analysis of social inequality within American society and the global community. Emphasis on the causes,
extent and social consequences of inequality, especially those based on race, gender, social class and the level of
economic development.
Core Curriculum/Core Requirements: Social Contexts and Institutions and Cultural Diversity and International
Perspectives
Prerequisites: SOC 101 or permission.
Course Typically Offered: Fall
Credits: 3",SOC 101 or permission.,Fall,3
SOC 214,**Crime and Criminal Justice**,"The causes, extent and nature of crime in American society and the operation of the criminal justice system. Emphasis
given to theories and dynamics of criminal behavior and to the efforts of police, courts and prisons to prevent and to
control criminality.
Core Curriculum/Core Requirements: Social Contexts and Institutions
Prerequisites: SOC 101 or permission.
Course Typically Offered: Fall
Credits: 3",SOC 101 or permission.,Fall,3
SOC 220,**Sociology of Deviance**,"The study of deviant behaviors, individuals and groups, with emphasis on social order, power and identity. Use of the
sociological perspective to explore definitions of deviance, theories of deviance, processes by which individuals become
labeled as deviant, the nature of deviant identities and societal consequences of constructions of deviance.
Core Curriculum/Core Requirements: Social Contexts and Institutions
Prerequisites: SOC 101 or permission.
Course Typically Offered: Variable
Credits: 3",SOC 101 or permission.,Variable,3
SOC 240,**Topics in Sociology**,"A second-level study of topics such as “Sociology of Youth.” “Sociology of Countercultures,” “Sociology of Sport,” and
“Urban Sociology.” May be repeated for credit if the topics differ.
Core Curriculum/Core Requirements: Social Contexts and Institutions
Prerequisites: SOC 101 or permission.
Course Typically Offered: Every Year
Credits: 1-3",SOC 101 or permission.,Every Year,1-3
SOC 291,**Qualitative Reasoning in Sociology**,"Exploration of the use of qualitative methods of data collection and analysis in sociological research. Topics include field
research, interviewing, and qualitative research design. Special emphasis on hands-on exercises.
Core Curriculum/Core Requirements:
Prerequisites: SOC 101 and SOC 290 or permission
Course Typically Offered: Spring, Alternating years
Credits: 3",SOC 101 and SOC 290 or permission,"Spring, Alternating years",3
SOC 308,**Problems of Violence and Terrorism**,"This course examines terrorism-related violence, activities, and organizations in the United States and abroad. Students
will learn about the historical context for understanding domestic and homegrown violent extremism, emerging trends
in violent extremism and terrorism, recruitment and radicalization, and the institutional and behavioral responses to
terrorism. By the end of this course, students will understand how terrorism and violent extremist organizations are the
result of unique historical and cultural forces, and how they are more dynamic and complex than previously
understood. SOC 308 and CRJ 308 cannot both be taken for credit.
Prerequisites: SOC 101 or CRJ 114; Junior or Senior standing; or with permission
Course Typically Offered: Spring
Credits: 3",SOC 101 or CRJ 114; Junior or Senior standing; or with permission,Spring,3
SOC 311,**Rural Sociology: Sociology Beyond the City**,"This class examines key theories, concepts, and data relevant to the field of rural sociology. In this course, we will
explore a range of sociological topics and how they are relevant to rural people and places, including social institutions,
stereotypes, depictions of rural people/places in media, criminal justice, the economy and work, inequality/poverty,
race, class, gender, and sexuality. Through this course, we will engage our sociological imaginations to understand the
importance of space and place and how and why rural and urban places are similar and different from each other. In this
class, through assignments that apply place-based frameworks, students will develop a sociological toolkit that enables
them to critically examine and understand rural-urban dynamics as well as apply these insights to their own personal
experiences of rural-urban differences.
Core Curriculum/Core Requirements: Writing Intensive
Prerequisites: Junior Standing and SOC 101 or permission
Course Typically Offered: Spring
Credits: 3",Junior Standing and SOC 101 or permission,Spring,3
SOC 314,**Law and Society**,"Presents a sociological perspective on law and the legal system in the United States and other societies. Topics include
problems in defining law, sociological theories of the origins and consequences of law, international differences in modes
of dispute resolution, the relation between law and social change, studies of the legal profession and legal discretion in
the criminal justice system. Credit cannot be earned for both CRJ 314 and SOC 314.
Core Curriculum/Core Requirements: None
Prerequisites: SOC 101 or CRJ 11 or permission
Course Typically Offered: Spring
Credits: 3",SOC 101 or CRJ 11 or permission,Spring,3
SOC 320,**Sociology of Poverty**,"This course will provide an overview of international and national trends in wealth distribution, with a focus on poverty
in rural Maine. Theories of poverty, its definition, nature and causes will be reviewed from a sociological perspective,
exploring the intersections of gender, race, ethnicity and class as they impact those in poverty. Students will engage in a
self-reflective process, identifying their own class status and the ways in which class has enhanced or constrained
personal development. In this course, poverty is viewed as a socially structured phenomenon, influenced by social,
economic and political forces in historical context.
Prerequisites: SOC 101 and sophomore standing, or permission of instructor
Course Typically Offered: Variable
Credits: 3","SOC 101 and sophomore standing, or permission of instructor",Variable,3
SOC 324,**Domestic Violence**,"This class focuses on the extent, nature, causes, and consequences of domestic violence in the United States.
Specifically, the course focuses on intimate partner violence, child abuse, child-to-parent abuse, elder abuse, and related
topics. This course revolves around three themes: 1) gaining knowledge and insight about domestic violence, 2)
understanding the social context of domestic violence, 3) evaluating criminal justice responses to domestic violence.",None,Unknown,N/A
SOC 329,**Sociology of Gender**,"Analysis of contemporary constructions of gender. Emphasis on the interpersonal and institutional dimensions of
sexism and the prospects of social change.
Prerequisites: 6 hours of sociology or WGS 101 or permission.
Course Typically Offered: Variable
Credits: 3",6 hours of sociology or WGS 101 or permission.,Variable,3
SOC 338,**Race and Ethnicity**,"Explores dominant/subordinate relations nationally and internationally with emphasis on socially defined racial and
ethnic groups. Origins, nature, and consequences of racial/ethnic oppression and inequality; historical and social
contexts of intergroup relations and conflicts; implications of changing racial/ethnic diversity.
Prerequisites: SOC 101 and SOC 201 or permission.
Course Typically Offered: Variable
Credits: 3",SOC 101 and SOC 201 or permission.,Variable,3
SOC 340,**Intermediate Topics in Sociology**,"An intermediate-level study of topics such as “Sociology of Emotions,” “Sociology of Science and Technology,” and
“Modern Sociological Theory.” May be repeated for credit if the topics differ.
Core Curriculum/Core Requirements:
Prerequisites: 6 hours of sociology or permission.
Course Typically Offered: Variable
Credits: 3",6 hours of sociology or permission.,Variable,3
SOC 360,**Major Ideas in Sociology**,"The sociological theories of Marx, Weber, Durkheim, Mead and others. Developments in sociological theory as related to
methodology, social issues, and current trends in contemporary sociology.
Core Curriculum/Core Requirements:
Prerequisites: SOC 101 and SOC 290 or permission
Course Typically Offered: Fall
Credits: 3",SOC 101 and SOC 290 or permission,Fall,3
SOC 495,**Internship in Sociology**,"A supervised internship providing practical experience in a field placement and requiring parallel readings and study.
Emphasis on the guided application of concepts and principles from related courses and structured readings to applied
situations in the field. Students may take 3-9 credits. Not more than 6 credit hours may be used toward the departmental
major.
Core Curriculum/Core Requirements:
Prerequisites: Sociology major with senior standing; GPA of at least 3.0 and permission of instructor.
Course Typically Offered: Fall & Spring
Credits: 3 - 9",Sociology major with senior standing; GPA of at least 3.0 and permission of instructor.,Fall & Spring,3
SOC 497,**Departmental Projects I**,"No description available.
Core Curriculum/Core Requirements:
Prerequisites: permission.
Course Typically Offered: Fall
Credits: 1-3",permission.,Fall,1-3
SOC 499,**Senior Capstone**,"Selected theoretical and empirical topics in Sociology. Serves as the capstone course for Sociology majors and will
assume a knowledge of and will build upon, the material presented in the other required courses in the major. The intent
of the course is to help students integrate their Sociology knowledge and to apply it in dealing with fundamental
questions of social life and social theory.
Core Curriculum/Core Requirements: Capstone
Prerequisites: Sociology major with senior standing; SOC 290 and SOC 460 or permission.
Course Typically Offered: Spring
Credits: 3
Spanish",Sociology major with senior standing; SOC 290 and SOC 460 or permission.,Spring,3
SPA 101,**Elementary Spanish I**,"A systematic study of the basics of the Spanish language. Equal emphasis on developing reading, comprehension,
speaking and writing skills. For students with no previous study of Spanish or fewer than two years in high school.
Students cannot take both SPA 101 and SPA 109 for credit.
Core Curriculum/Core Requirements: Cultural Diversity and International Perspectives
Course Typically Offered: Fall & Summer
Credits: 3",None,Fall & Summer,3
SPA 109,**Spanish for the Medical Professions**,"In response to the ever-growing Spanish-speaking population in the United States, this course will address the specific
Spanish communications skills required by those students who intend to pursue careers in medical or health-care fields.
This course will focus on medical situations with Spanish-speaking patients and/or family members with limited
English. It will emphasize technical vocabulary, idiomatic expressions, and grammar, as well as cultural awareness.
This course is the equivalent to SPA 101. SPA 101 and SPA 109 cannot both be taken for credit
Core Curriculum/Core Requirements: Cultural Diversity and International Perspectives
Course Typically Offered: Fall
Credits: 3",None,Fall,3
SPA 203,**Intermediate Spanish I**,"An integrated approach using audio-visual materials and reading texts of a literary and/or cultural nature to strengthen
comprehension, reading, writing, and speaking. Includes a systematic but gradual review of the essentials of Spanish
grammar.
Core Curriculum/Core Requirements: Cultural Diversity and International Perspectives
Prerequisites: SPA 102 or equivalent.
Course Typically Offered: Fall
Credits: 3",SPA 102 or equivalent.,Fall,3
SPA 305,**Applied Spanish**,"Intensive oral and written practice in real-life situations. Development of confidence, accuracy, fluency and
communicative strategies in formal and informal modes of expression. Guided development of idiomatic expression and
structures; development of self-correct in speech and writing. Reinforcement through interactive situations.
Core Curriculum/Core Requirements: Writing Intensive
Prerequisites: SPA 204 or SPA 217 or SPA 300 level or higher course
Course Typically Offered: Fall
Credits: 3",SPA 204 or SPA 217 or SPA 300 level or higher course,Fall,3
SPA 306,**Workshop in Speaking and Writing Spanish**,"Develops fluency and accuracy in written and oral Spanish. Students help design course content through projects,
performances, and problem-solving.
Core Curriculum/Core Requirements: Writing Intensive
Prerequisites: SPA 204 or SPA 217 or SPA 300 level or higher course
Course Typically Offered: Spring
Credits: 3",SPA 204 or SPA 217 or SPA 300 level or higher course,Spring,3
SPA 307,**Readings in Peninsular Literature**,"An overview of Peninsular Spanish literature. Provides practice in reading and analyzing culturally important texts.
Includes a selection of genres and periods. May be taken either before or after SPA 308.
Core Curriculum/Core Requirements: Writing Intensive Requirements.
Prerequisites: Any SPA 300 level or higher course
Course Typically Offered: Variable
Credits: 3",Any SPA 300 level or higher course,Variable,3
SPA 309,**Spanish for the Professions**,"Designed to provide students who have an intermediate-level knowledge of Spanish familiarity with specialized language
and conventions in professional situations. Emphasis will be given to vocabulary and writing skills for professional use
as well as awareness of Hispanic culture, cross-cultural communications and applications in Spanish speaking countries.
Authentic up-to-date information will require regular use of the Internet as a source of reading. All classes are conducted
in Spanish.
Core Curriculum/Core Requirements: Writing Intensive
Prerequisites: SPA 204 or SPA 217 or SPA 300 level or higher course
Course Typically Offered: Variable
Credits: 3",SPA 204 or SPA 217 or SPA 300 level or higher course,Variable,3
SPA 310,**Contemporary Latin American Cultures**,"This course will show students the contrasting and diverse cultures of Latin America. Students will learn about Latin
American peoples’ knowledge, technological development, modern life, and traditional cultures. The themes for reading
and discussion will be about patrimony (what a people has from their past), art, enterprises, products, market,
personalities, syncretism (mixing of cultures), migrations, history, science and society. Students will improve listening,
speaking, reading and writing in Spanish.
Prerequisites: SPA 204 or SPA 217 or SPA 300 level or higher course
Course Typically Offered: Variable
Credits: 3",SPA 204 or SPA 217 or SPA 300 level or higher course,Variable,3
SPA 390,**Topics in Spanish**,"May include the study of literature, culture, cinema, the arts and media as expressed in Spanish-speaking countries.
Topics vary. May be repeated for credit.
Core Curriculum/Core Requirements:
Prerequisites: Any SPA 300 Level course
Course Typically Offered: Variable
Credits: 1-3",Any SPA 300 Level course,Variable,1-3
SPA 409,**Contemporary Latin-American Short Story**,"A study of Latin-American short story writers including discussion of such significant contemporary concerns as poverty,
politics and religion, and such themes as the interplay of fantasy and reality and the relativity of madness.
Prerequisites: SPA 307 or SPA 308 or permission.
Course Typically Offered: Variable
Credits: 3",SPA 307 or SPA 308 or permission.,Variable,3
SPA 414,**History of the Spanish Language**,"An historical panorama of the development of Spanish from late Latin on the Iberian Peninsula to the globally dynamic
language of our present. Students will study the modern Spanish language in Europe, Africa, the Americas, and around
the world, how this language came to be, and how it continues to change. Linguistic notions gleaned in this course have
relevance to other modern languages, including English, as well as to the idiosyncrasies and common points of confusion
in Spanish.
Core Curriculum/Core Requirements: Writing Intensive
Prerequisites: SPA 307 or SPA 308 or permission; INT 410 suggested
Course Typically Offered: Spring
Credits: 3",SPA 307 or SPA 308 or permission; INT 410 suggested,Spring,3
SPA 415,**Feminism and Literature**,"Feminism is one of the most consequential intellectual traditions of the West. This course will examine this far-reaching
current of thought in the global literature of the Spanish language, from medieval precursors to twenty-first-century
texts.
Prerequisites: SPA 307 or SPA 308 or permission
Course Typically Offered: Fall
Credits: 3",SPA 307 or SPA 308 or permission,Fall,3
SPA 416,**Modernism(o) and Avant-Garde**,"Across the Hispanic world, writers like Cesar Vallejo, Federico Garcia Lorca, Ruben Dario, Rosa Chacel, and Jorge Luis
Borges, along with visual artists like Salvador Dali, Maruja Mallo, and Pablo Picasso define what it means to be modern
at the beginning of the twentieth century. This course examines and explores the complicated topic of modernity by
surveying Hispanic art and literature from about 1898 to 1945.
Prerequisites: SPA 307 or SPA 308 or permission
Course Typically Offered: Spring, alternating years
Credits: 3",SPA 307 or SPA 308 or permission,"Spring, alternating years",3
SPA 420,**Spanish Film**,"Areas covered may vary and could include the following topics: national cinemas; director of note; the social, political,
historic and economic factors that influence both the creation and content of films; and an analysis of the components of
cinematography. May be repeated for credit.
Prerequisites: SPA 307 or SPA 308 or permission
Course Typically Offered: Variable
Credits: 3",SPA 307 or SPA 308 or permission,Variable,3
SPA 430,**Seminar in Advanced Grammar**,"SPA 430 is a grammar composition and revision course whose purpose is to help students solve written expression
problems and prepare them for other advanced courses of the Spanish program. Students are expected to enroll in this
course with a strong basic knowledge of the grammatical structures of Spanish and a desire to polish their expression,
resolve doubts, and explore the idiosyncrasies of the language. Various grammatical structures and writing strategies
will be covered.
Prerequisites: SPA 307 or SPA 308
Course Typically Offered: Fall, Alternating years
Credits: 3",SPA 307 or SPA 308,"Fall, Alternating years",3
SPA 490,**Topics and Individual Authors in Spanish**,"Specific topic varies semester to semester. May be repeated for credit.
Prerequisites: SPA 307 or SPA 308 or permission
Course Typically Offered: Fall, Spring, Summer
Credits: 1-3",SPA 307 or SPA 308 or permission,"Fall, Spring, Summer",1-3
SPA 495,**Senior Project in Spanish**,"Capstone Experience in which majors in Spanish and in International Affairs with a concentration in Spanish, or in
Cultures, Languages and the Humanities, apply language skills and knowledge gained from all prior language study.
Students work closely with a faculty advisor on an approved project and give a public presentation of the project in
Spanish. When taken as a stand-alone course, the coursework will reflect the work of three credit hours, regardless of
number of credits taken. When taken in conjunction with another Spanish course at the 400 level, the course will carry
no credit and will be graded Pass/Fail only.
Core Curriculum/Core Requirements: Capstone Experience
Prerequisites: Senior standing and permission.
Course Typically Offered: Fall, Spring, and Summer
Credits: 0-3",Senior standing and permission.,"Fall, Spring, and Summer",0-3
SPT 250,**Introduction to Sport Management**,"The course is industry centered providing an overview of all facets of sports management and the sports industry. The
course will cover major industry segments including youth, amateur, intercollegiate and professional sport as well as
ancillary areas specific to the sport industry such as sport agencies, gambling, esports, sports retail, etc. Sport
concentration areas covered in this course are event management, marketing, communications, law, facility
management, esports, sport tourism, sales, analytics, PR, finance, and economics.
Core Curriculum/Core Requirements: Writing Intensive
Prerequisites: A grade of C- or better in MGT 101
Course Typically Offered: Fall
Credits: 3",A grade of C- or better in MGT 101,Fall,3
SPT 290,**Introduction to Topics in Sports Management**,"Introduces student to aspects of the Sports Management discipline. Special topics may include areas relevant to any
aspect of management at an introductory level. This course may be repeated for credits.
Prerequisites: Any Business Major or Minor
Course Typically Offered: Variable
Credits: 1-3",Any Business Major or Minor,Variable,1-3
SPT 485,**Sport Management Practicum**,"This course applies management, marketing, finance, and laws to a broadly-defined sport field. Through hands-on
learning, students are given the opportunity to study, analyze, and practice management in for-profit and non-profit
sport and recreation organizations and relevant industries in the form of a semester-long team project.
Core Curriculum/Core Requirements:
Prerequisites: SPT 355 and SPT 250; Sports Management Major
Course Typically Offered: Fall
Credits: 3",SPT 355 and SPT 250; Sports Management Major,Fall,3
SPT 490,**Special Topics in Sports Management**,"Study of various aspects of functional areas of sports management. Topics vary depending on faculty and student
interests. May be repeated for credit if the topics differ.
Prerequisites: Junior Standing
Course Typically Offered: Variable
Credits: 1-3
Statistics",Junior Standing,Variable,1-3
STS 215,**Introduction to Statistics for Business and Economics**,"For students in the Maine Business School and for others concentrating in business or economics. A limited introduction
to probability theory leading to discussion of distributions of random variables, in particular the normal and binomial
families; a brief treatment of descriptive methods; an introduction to inferential statistics, including one- and two-
sample procedures for estimation of parameters and for hypothesis testing; fundamentals of regression analysis or
contingency table analysis or contingency table analysis as time permits.
Due to overlapping content, course repeat rules are applicable for STS 215 and STS 132.
Core Curriculum/Core Requirements: Quantitative Literacy
Course Typically Offered: Fall and Spring
Credits: 3",None,Fall and Spring,3
STS 235,**Introduction to Statistical Methods**,"Introductory applied statistics for students with a background in single-variable calculus. Topics include descriptive
statistics and graphical methods, probability and probability functions, discrete and continuous probability
distributions, linear regression, fitting of models to real data sets, and statistical inference. Students will also gain some
experience in using software to implement statistical methods.
Due to significant content overlap, credit will not be given for both STS 332 and STS 235.
Prerequisites: Grade of C or higher in MAT 127
Course Typically Offered: Fall and Spring
Credits: 3",Grade of C or higher in MAT 127,Fall and Spring,3
STS 400,**Topics in Statistics**,"Topics in statistics not regularly covered in other courses. Content varies to suit current needs. May be repeated for
credit.
Prerequisites: Departmental Consent
Course Typically Offered: Variable
Credits: 1-3",Departmental Consent,Variable,1-3
STS 434,**Probability Theory**,"A first course in calculus-based probability theory. Topics include counting techniques, discrete and continuous random
variables, expected value and standard deviation, independence, conditional probability, important discrete and
continuous distributions, limit laws such as the central limit theorem, and multivariate distributions.
Core Curriculum/Core Requirements:
Prerequisites: A grade of C or better in MAT 228.
Course Typically Offered: Fall & Spring
Credits: 3",A grade of C or better in MAT 228.,Fall & Spring,3
STS 435,**Introduction to Mathematical Statistics**,"An introduction to the theory and methods of statistical inference. Topics include point and interval estimation,
hypothesis testing, linear regression and correlation, and analysis of variance.
Core Curriculum/Core Requirements:
Prerequisites: A grade of C or better in STS 434.
Course Typically Offered: Spring
Credits: 3",A grade of C or better in STS 434.,Spring,3
SVT 100,**Introduction to Surveying Technology**,"Discussion of the major topics in surveying engineering technology professional practice including measurement
science, boundary surveying and mapping science. Professionalism and licensure in surveying practice will also be
discussed in depth. Guest lectures by industry leaders and occasional field trips are utilized in course instruction.
Core Curriculum/Core Requirements:
Course Typically Offered: Fall
Credits: 1",None,Fall,1
SVT 101,**Basic Surveying Field and Office Processes**,"A beginning course studying surveying instruments and their use in the measurement of angles, distances and
elevations. Also includes mathematics, computational methods, adjustments and measurement analysis used in plane
surveying. RTK GNSS and creating ground surfaces is included.
Core Curriculum/Core Requirements:
Corequisites: MAT 122 or equivalent
Course Typically Offered: Fall and Spring
Credits: 3",None,Fall and Spring,3
SVT 110,**Instrumentation and Data Collectors**,"Introduction to survey instrumentation, total stations, levels, GNSS receivers and data collectors, used in plane
surveying applications of surveying engineering. Methods for processing, display, and presentation of survey
observations will also be demonstrated. Basic concepts of photogrammetry and lidar data collection will be introduced as
an alternative to traditional field methods.
Core Curriculum/Core Requirements:
Course Typically Offered: Fall
Credits: 1",None,Fall,1
SVT 121,**AutoCAD and Cartography for Surveyors I**,"Introduces 2D computer aided drafting and design using AutoCAD. Covers user interface, drawing setup, layers,
attributes, file management, coordinate systems, view, draw and modify commands, display control, text styles, and
dimensioning. Also includes instruction in key elements of cartography essential to the clear communication of
surveying and mapping information. Students who take SVT 121 after CIE 101 will only receive credit and grade for SVT
121.
Must have a PC (not Mac) laptop that will run Autodesk software.
Core Curriculum/Core Requirements:
Course Typically Offered: Fall and spring
Credits: 3",None,Fall and spring,3
SVT 201,**Adjustment Computations**,"Basic statistics as applied to surveying, error estimation, error propagation, basic matrix algebra, level network analysis,
3-D traverse analysis, GPS vector network analysis, combined traditional total station and GPS network analysis,
blunder detection, positional tolerance, hypothesis testing. Lec 3.
Core Curriculum/Core Requirements:
Prerequisites: CET 202 or SVT 202
Course Typically Offered: Spring and Fall
Credits: 3",CET 202 or SVT 202,Spring and Fall,3
SVT 202,**Route & Site Surveying**,"Study of surveying procedures in horizontal construction. Explanation of profile and cross section plans. Course work
includes computations for horizontal coordinate layout, surface grading layout, cross section layout, horizontal curve
layout, and vertical curve layout. Material includes geometry of vertical and horizontal curves, including horizontal
compound and reverse curves. Volume computations and surface modeling are introduced. Methods utilizing total
stations, levels and GNSS receivers are emphasized.
Core Curriculum/Core Requirements:
Prerequisites: SVT 101 and MAT 122
Course Typically Offered: Fall and Spring
Credits: 3",SVT 101 and MAT 122,Fall and Spring,3
SVT 322,**Preparing Effective Property Descriptions**,"Covers principles of interpretation, techniques and forms for descriptions and preparation of land descriptions. Layout,
content, and display of plats and descriptions will be covered. Web-based. Lec 1.
Core Curriculum/Core Requirements:
Prerequisites: SVT 221; Prerequisite or Corequisite: SVT 122; or permission of instructor.
Course Typically Offered: Fall
Credits: 3",SVT 221; Prerequisite or Corequisite: SVT 122; or permission of instructor.,Fall,3
SVT 329,**Site Planning and Subdivision Design**,"Subdivision rules and regulations, creating lots of esthetic value, satisfying minimum lot requirements, acreage
calculations, cul-de-sacs, integration of site features to optimum development, application of civil engineering principles
to land development and land development software.
Core Curriculum/Core Requirements:
Prerequisites: SVT 122 and SVT 221
Course Typically Offered: Fall
Credits: 1",SVT 122 and SVT 221,Fall,1
SVT 332,**Engineering for Surveyors**,"The study of topics related to engineering site work, highway design, drainage, hydrology, hydraulics, on-site sewer
design, water system design, erosion control, sedimentation control, conduits, wetlands delineation, soil mapping, and
flood plain mapping.
Core Curriculum/Core Requirements:
Prerequisites: CET 101 or SFR 208 or SVT 101
Course Typically Offered: Spring
Credits: 3",CET 101 or SFR 208 or SVT 101,Spring,3
SVT 333,**Team Workflows in Surveying Practice**,"Through weekly readings, videos, case studies, teamwork exercises and reflective essay writing students will
demonstrate their understanding of teamwork in surveying. Focus is on unique surveying team issues: shrinking sizes of
field teams, individual remote field and office work, mentoring in professional licensure and multidisciplinary
professional projects.
Prerequisites: SVT 202 and SVT 221
Credits: 1",SVT 202 and SVT 221,Unknown,1
SVT 352,**Practical Field Operations**,"Study of managing survey instrumentation and project requirements to make optimal use of instrumentation and
methods for a survey project. Includes suitable use of total station, levels, and GNSS receivers for survey observations.
Overview of survey regulations, standards, specifications, contract documents, and instrument specifications. Data
collection field techniques to automate office linework, optimizing feature coding and descriptive abilities. Optimization
of data collection and layout. Survey documentation and reporting.
Core Curriculum/Core Requirements:
Prerequisites: CET 202 or SVT 202
Course Typically Offered: Spring
Credits: 3",CET 202 or SVT 202,Spring,3
SVT 418,**Fundamentals of Surveying Exam Overview**,"This course is a review of the survey elements of the NCEES Fundamental of Surveying (FS) nationwide examination
which leads to licensure as a professional land surveyor. Course format is practice examinations on FS survey topics for
students to assess their FS exam preparedness and for develop for their personal study planning. This course is not a
substitute for instruction and academic coursework in the covered topics.
Core Curriculum/Core Requirements:
Prerequisites: Junior standing or permission of instructor.
Course Typically Offered: Fall
Credits: 1",Junior standing or permission of instructor.,Fall,1
SVT 451,**Survey Business Law**,"Studies the fundamental legal concepts and the development and application of law on society, business, engineering
and surveying. Covers legal structure, business entities, agency, mechanics liens, torts, bonding, contract administration,
contracts, contract formation, contract codification, liability, indemnification, warranties, remedies, damages, the
uniform commercial code, alternate dispute resolution, international law, legal research, and land use restrictions. Lec 3.
(Fall.)
Core Curriculum/Core Requirements: Social Contexts and Institutions and Writing Intensive
Course Typically Offered: Fall
Credits: 3",None,Fall,3
SVT 475,**Small Business Management**,"Provides a broad overview of the skills necessary to operate a small business. Focuses on teaching basic marketing,
accounting and management skills with an emphasis on topics that impact the small business owner. Lec 3. (Fall.)
Core Curriculum/Core Requirements: Writing Intensive
Course Typically Offered: Fall & Spring
Credits: 3",None,Fall & Spring,3
SVT 490,**SL: Surveying Capstone**,"A long-term professional project-based course which integrates all components of previous surveying coursework. The
project will be developed from an initial project description, through project planning, field collection, office processing,
computer-aided drafting, final product preparation, through an oral presentation of results.
Core Curriculum/Core Requirements: Capstone
Course Typically Offered: Spring
Credits: 3",None,Spring,3
THE 111,**Introduction to Theatre**,"A basic appreciation course for the general student as well as prospective theatre majors that explores the process of
theatrical expression throughout history and its relationship to culture.
Core Curriculum/Core Requirements: Artistic and Creative Expression
Course Typically Offered: Fall, Spring, Summer
Credits: 3",None,"Fall, Spring, Summer",3
THE 112,**Dramatic Literature**,"The role of “the play” as literature and as theatre. Stress on dramatic form and content and on the uniqueness of the
drama to reflect the philosophical, social and political environment.
Core Curriculum/Core Requirements: Western Cultural Tradition
Course Typically Offered: Fall, Spring, Summer
Credits: 3",None,"Fall, Spring, Summer",3
THE 120,**Fundamentals of Stagecraft**,"Designed to provide a foundation in the practice of technical theatre and preparation for work in scenery, lighting and
sound. Emphasis is placed on procedures, practice and nomenclature. The required lab, that accompanies this course,
provides hands-on experience, through special projects, designed to reinforce specific technical skills discussed and
demonstrated in class.
Core Curriculum/Core Requirements:
Corequisites: THE 121
Course Typically Offered: Fall
Credits: 3",None,Fall,3
THE 121,**Stagecraft Laboratory**,"Provides hands-on experience, through special projects, designed to reinforce specific technical skills discussed and
demonstrated in THE 120.
Core Curriculum/Core Requirements:
Corequisites: THE 120
Course Typically Offered: Fall
Credits: 1",None,Fall,1
THE 122,**Introduction to Stagecraft Laboratory II**,"Provides hands-on experience, through special projects, designed to reinforce specific technical skills discussed and
demonstrated in THE 120.
Core Curriculum/Core Requirements:
Prerequisites: THE 120 and THE 121
Course Typically Offered: Fall
Credits: 1",THE 120 and THE 121,Fall,1
THE 131,**Introduction to Costume Construction Laboratory**,"Laboratory in costume production work.
Core Curriculum/Core Requirements:
Prerequisites: Required for theatre majors.
Corequisites: THE 130
Course Typically Offered: Spring
Credits: 1",Required for theatre majors.,Spring,1
THE 200,**Fundamentals of Design**,"This course explores the practice of theatrical design, and prepares the student for continued coursework in scenery,
lighting, and costume design. Emphasis is placed on the design process, including visual research, script analysis, and
communication through sketches, renderings, and/or scale models. The course includes discussion, demonstrations, and
a series of hands-on design projects.
Core Curriculum/Core Requirements: Artistic and Creative Expression
Prerequisites: THE 120
Course Typically Offered: Fall
Credits: 3",THE 120,Fall,3
THE 212,**Script Analysis**,"This course explored techniques, strategies, and methods for reading and interpreting dramatic literature for the
purpose of creative and theatrical goals of play production. Students practice close reading of a range of scripts in order
to identify structural, narrative, contextual, and creative elements that inspire artistic choices in the field of theatre.
Core Curriculum/Core Requirements:
Course Typically Offered: Fall
Credits: 3",None,Fall,3
THE 216,**Fundamentals of Directing**,"Covers basic principles of stage directing including, conceiving a theatre production, choosing and interpreting
performance texts, creating and conveying vision, collaborating with designers/crew, working with actors, leading
rehearsals, staging action, and crafting a performance. Consequently, this is a “hands-on” course, in which students
choose, possibly write, cast work, with actors, and direct their own small stage production.
Core Curriculum/Core Requirements: Artistic and Creative Expression
Prerequisites: THE 117
Course Typically Offered: Fall
Credits: 3",THE 117,Fall,3
THE 268,"**Theatre Practicum, Technical**","Supervised experience in Theatre and Dance Division productions in the areas of stage managing, publicity, scenery,
lighting, costumes and makeup. May be repeated for a maximum of six hours.
Core Curriculum/Core Requirements:
Prerequisites: Permission of instructor.
Course Typically Offered: Variable
Credits: 1-3",Permission of instructor.,Variable,1-3
THE 269,**Theatre Practicum in Acting**,"Laboratory work in acting. Credit assigned by agreement of advisor and show director, based on learning opportunities
of role. May be repeated for a maximum of three hours.
Core Curriculum/Core Requirements:
Prerequisites: Permission of instructor.
Course Typically Offered: Variable
Credits: 1-3",Permission of instructor.,Variable,1-3
THE 310,**Topics in Theatre Technology**,"An advanced study in specific areas of technical theatre. Subjects vary from year to year but may include lighting
technology, sound, scenic painting and properties, costume pattern drafting, costume crafts or stage management. May
be repeated for credit.
Core Curriculum/Core Requirements:
Course Typically Offered: Spring
Credits: 3",None,Spring,3
THE 312,**Technical Direction**,"This class is designed for students interested in technical theatre as a career. We will focus on the management side of
technical theatre. Students will further the knowledge of technical theatre begun in THE 120, Stagecraft and learn how
to complete the technical design process for a show and prepare that show to be built. In addition, students will gain the
ability to identity the uses, methods and best materials for a job, learn to problem solve for technical theatre, and to
understand the mindset of a Technical Director.
Core Curriculum/Core Requirements:
Prerequisites: None.
Course Typically Offered: Alternate Years.
Credits: 3",None.,Alternate Years.,3
THE 313,**Stage Management**,"This class is designed to provide a student with the fundamental knowledge to pursue stage management at the
University of Maine and to understand the basic small group dynamics and diplomacy tactics necessary for a successful
stage manager. Students will gain a practical working knowledge of theatre and its relationship to stage management as
well as a general understanding of what a stage manager does and why.
Core Curriculum/Core Requirements:
Prerequisites: None.
Course Typically Offered: Alternate Years
Credits: 3",None.,Alternate Years,3
THE 321,**Lighting Design**,"This course explores the principles and theory of elements related to theatrical lighting design. It includes
demonstrations, and practical application of ideas, techniques and methods employed in the theatre production process.
Core Curriculum/Core Requirements:
Prerequisites: None.
Course Typically Offered: Alternate years
Credits: 3",None.,Alternate years,3
THE 322,**Scene Painting**,"This course explores the craft of the theatre scenic artist. It includes lectures, demonstrations, and practical application
of ideas, techniques, and methods used to paint scenery for the stage. Properties of light, color, texture, and line will be
discussed as well as techniques in antiquing, wood graining, and marbling.
Core Curriculum/Core Requirements:
Course Typically Offered: Alternate years
Credits: 3",None,Alternate years,3
THE 360,**Global Theatre History**,"The development of performance and its relation to culture, from the ancient world to contemporary theatre and
performance, including Asian, and African theatre. Examines the evolution of styles and modes of production through
the major theatrical figures, performance, events and institutions of each period.
Core Curriculum/Core Requirements: Writing Intensive
Prerequisites: THE 212
Course Typically Offered: Spring
Credits: 3",THE 212,Spring,3
THE 402,**Movement Training for Actors**,"A studio course in movement training and development for actors. Focus is on the use of the elements of movement and
Laban’s effort-shapes to explore text and its expression and to expand the movement vocabulary of the actor.
Core Curriculum/Core Requirements:
Prerequisites: THE 117 and two credits in DAN or permission
Course Typically Offered: Spring
Credits: 3",THE 117 and two credits in DAN or permission,Spring,3
THE 415,**Capstone Experience in Theatre**,"A synthesis of the major’s knowledge in a selected area of interest within theatre. Students will create a professional
portfolio based on their cumulative experiences, and will develop a Capstone Project, for completion in THE 416.
Core Curriculum/Core Requirements: Capstone Experience
Prerequisites: Senior standing.
Course Typically Offered: Fall & Spring
Credits: 3",Senior standing.,Fall & Spring,3
THE 460,**Topics in Global Theatre**,"This course will investigate specific themes and topics in global theatre and performance, adapting its lens to an ever-
shifting landscape of global current events. Students will engage with diverse creative, transcultural, and transhistorical
responses to historical global theatrical forms and performance practices. The course will examine a range of socio-
political, historical, and aesthetic aspects of global performance practices through the ages, and culminate in student-
driven written Praxis as Research projects. Topics will vary.
This course may be repeated for credit as long as the topic for the section being taken is different from previously taken
topics.
Core Curriculum/Core Requirements: Writing Intensive
Prerequisites: Junior Standing
Course Typically Offered: Fall
Credits: 3",Junior Standing,Fall,3
THE 466,**Stage Directing**,"Studies the task of all aspects of the theatre production into an artistic unity with emphasis on theatre aesthetics.
Provides practice in the directing of short plays, with particular attention to working with actors.
Core Curriculum/Core Requirements:
Prerequisites: THE 216.
Course Typically Offered: Spring
Credits: 3",THE 216.,Spring,3
THE 497,**Independent Study in Theatre I**,"No description available.
Core Curriculum/Core Requirements:
Prerequisites: permission.
Course Typically Offered: Fall & Summer
Credits: 1-3",permission.,Fall & Summer,1-3
THE 498,**Independent Study in Theatre II**,"No description available.
Core Curriculum/Core Requirements:
Prerequisites: permission.
Course Typically Offered: Spring, Summer
Credits: 1-3
Theatre Practicum",permission.,"Spring, Summer",1-3
THP 101,"**Theatre Practicum, Acting**","THP 101 is designed to give the student supervised practical experience in acting. Students taking this course will
collaborate in the rehearsal process to develop and perform an acting role in a Division of Theatre/Dance theatrical
production.
Course note: May be repeated for credit for a total of 4 completions and 4 total credits.
Prerequisites: Department consent
Course Typically Offered: Fall and Spring
Credits: 0-3",Department consent,Fall and Spring,0-3
THP 103,"**Theatre Practicum, Technical**","THP 103 is designed to give the student supervised practical experience in a technical theatre role. Students taking this
course will collaborate in the build and tech process for a Division of Theatre/Dance theatrical production. Possible
technical theatre roles include technical director, master electrician, stage manager, assistant stage manager, props
master, scenic charge artist, scenic artist, scene shop crew, board op, run crew, wardrobe, and costume shop crew.
Course note: May be repeated for credits with 6 total completions and 6 total credits.
Prerequisites: Department consent
Credits: 0-3",Department consent,Unknown,0-3
THP 104,"**Theatre Practicum, Directing**","THP 104 is designed to give the student supervised practical experience in directing. Students taking this course will
direct or assistant direct a Division of Theatre/Dance theatrical production.
Course note: May be repeated for credit for a total of 4 completions and 4 total credits.
Prerequisites: THE 216 and department consent
Course Typically Offered: Fall and Spring
Credits: 0-3",THE 216 and department consent,Fall and Spring,0-3
UST 100,**Introduction to the Bachelor of University Studies**,"Introduces the student to the nature of higher education as a learning community. Particular emphasis given to
academic resources, the learning process, academic skills, developmental advising and career counseling. Students
participate in extensive reading and writing assignments relevant to their college transition and degree goals.
Core Curriculum/Core Requirements:
Prerequisites: Bachelor of University Studies major; others by permission.
Course Typically Offered: Fall & Spring
Credits: 1 (strongly recommended, but not required for internal or external transfers)",Bachelor of University Studies major; others by permission.,Fall & Spring,1
UST 300,**Core Course in University Studies**,"Provides understanding and insight into skills in critical thinking, analysis, and writing across disciplines. Emphasis on
research analysis and integrative thinking.
Core Curriculum/Core Requirements: Writing Intensive
Course Typically Offered: Fall & Spring
Credits: 3",None,Fall & Spring,3
UST 499,**Senior Capstone**,"Interdisciplinary senior research project. Senior students will use their areas of foci to build on their knowledge and
apply it to a specific senior project or internship. Students will integrate program knowledge and demonstrate synthesis,
analysis and critical evaluation of their specific project.
Core Curriculum/Core Requirements: Capstone
Prerequisites: senior standing, Bachelor of University Studies major.
Course Typically Offered: Fall & Spring
Credits: 3
Wildlife Ecology","senior standing, Bachelor of University Studies major.",Fall & Spring,3
WLE 100,**Introduction to Wildlife Resources**,"A seminar introducing the opportunities, concerns, and professional responsibilities of the wildlife profession. Intended
for first-year and transfer students interested in wildlife management. Lec 1. Course will include field trips during class
hours and on weekends.
(Pass/Fail Grade Only.)
Core Curriculum/Core Requirements:
Prerequisites: Wildlife Ecology major or permission
Course Typically Offered: Fall
Credits: 1",Wildlife Ecology major or permission,Fall,1
WLE 200,**Ecology**,"Ecology is the study of how distribution and abundances of organisms over time and space relate to major physical,
chemical, geological, historical, biological, evolutionary, and energetic factors. This course provides students with a
sound and relevant ecological framework through which they can better understand and explain the past and present,
and prepare for the future, on a complex and rapidly changing planet whose productivity and life-support capacity is
increasingly eroded by the industrialized human economy. WLE 200 is required for undergraduates majoring in
Wildlife, Fisheries, and Conservation Biology but is suitable for students in most majors.
Core Curriculum/Core Requirements: Satisfies the General Education Applications of Scientific Knowledge
requirement when taken without WLE 201. Together with WLE 201, this course satisfies the General Education Lab in
the Basic or Applied Sciences requirement.
Prerequisites: Minimum grade of C- in BIO 100 and BIO 200 or SMS 201, or instructor’s permission.
Course Typically Offered: Fall
Credits: 3","Minimum grade of C- in BIO 100 and BIO 200 or SMS 201, or instructor’s permission.",Fall,3
WLE 201,**Ecology Laboratory**,"A course emphasizing field and laboratory studies of plants and animals and their environments. A diversity of
organisms and ecosystems will be investigated.
Core Curriculum/Core Requirements: Together with WLE 200, this course satisfies the General Education Lab in
the Basic or Applied Sciences Requirement. WLE 201 alone satisfies the General Education Writing Intensive
Requirement.
Prerequisites: Wildlife Ecology major or permission; an ecology lecture course (i.e. WLE 200) may be taken
concurrently.
Course Typically Offered: Fall
Credits: 3",Wildlife Ecology major or permission; an ecology lecture course (i.e. WLE 200) may be taken,Fall,3
WLE 230,**Introduction to Wildlife Conservation**,"Basic principles of wildlife ecology and conservation are illustrated with examples from Maine and around the world.
Core Curriculum/Core Requirements: Population and the Environment
Course Typically Offered: Spring
Credits: 3",None,Spring,3
WLE 235,**Introduction to Fisheries & Wildlife Management**,"Fisheries and Wildlife Management is a many-faceted field. There is no single class that will provide students with all
they need to become a professional. This course is a combination of lectures, discussions, literature review and external
activities that represent different aspects of the field. Topics include defining Fish & Wildlife Management, a historical
perspective, demographics and population growth, “decimating/welfare factors” and specific case studies. Students will
appreciate the breadth of the field, the coursework necessary to become a fisheries or wildlife biologist and acquire a
basic conceptual fluency. While the course includes foundation-building content, the need for professional training will
be emphasized.
Prerequisites: BIO 117, BIO 118, BIO 114 and MAT 111, or permission of instructor.
Course Typically Offered: Variable
Credits: 3","BIO 117, BIO 118, BIO 114 and MAT 111, or permission of instructor.",Variable,3
WLE 323,**Introduction to Conservation Biology**,"Maintaining the diversity of life forms in the face of environmental degradation involves the study of population ecology,
population genetics, and ecosystem ecology plus the socioeconomic and political matrix in which conservation problems
must be solved. Independent field work required.
Core Curriculum/Core Requirements: Population and the Environment
Prerequisites: BIO 100
Course Typically Offered: Spring
Credits: 3",BIO 100,Spring,3
WLE 340,**Freshwater Fisheries Ecology and Management**,"An ecological approach in studying freshwater fisheries and evaluating management tactics. Topics include general fish
ecology, population dynamics, bioenergetics, stock-recruitment, habitat quality, biotic interactions, anthropogenic
effects, recreational fisheries, management tools, assessment methods, nongame species, and human dimensions. Field-
intensive, with emphasis on Maine fisheries and interaction with fishery professionals.
Core Curriculum/Core Requirements:
Prerequisites: BIO 329 and BIO 219 or SFR 407 or SMS 300 or WLE 200.
Course Typically Offered: Fall, Odd Years
Credits: 3",BIO 329 and BIO 219 or SFR 407 or SMS 300 or WLE 200.,"Fall, Odd Years",3
WLE 410,**Wildlife Population Dynamics and Conservation**,"Characteristics of wildlife populations, including principles of population dynamics and population interactions, with
application in wildlife population conservation. Lec 3.
Core Curriculum/Core Requirements:
Prerequisites: WLE 200 or SMS 300 or BIO 219, or permission.
Course Typically Offered: Fall
Credits: 3","WLE 200 or SMS 300 or BIO 219, or permission.",Fall,3
WLE 423,**Wetland Ecology and Conservation**,"Focuses on major concepts in wetland ecology, classification, policy and regulation and issues in wetland conservation.
Lecture material focuses on wetland communities associated with hydric soils (forested, shrub and emergent
ecosystems). Lecture and field studies. Lec 3, Lab 3. (Fall - even.)
Core Curriculum/Core Requirements:
Prerequisites: WLE 200 or equivalent or permission.
Course Typically Offered: Fall
Credits: 4",WLE 200 or equivalent or permission.,Fall,4
WLE 435,**Field Experience**,"A field experience in wildlife is a professional activity participated in by students under the supervision of a practicing
professional in the field. A high degree of responsibility is placed on the student for developing learning objectives and
securing the approval of a faculty member for academic credit for the learning involved in the experience. It may be paid
or unpaid, it may last any length of time, and it may be repeated.
Core Curriculum/Core Requirements:
Prerequisites: Permission.
Course Typically Offered: Fall and Spring
Credits: Ar",Permission.,Fall and Spring,N/A
WLE 450,**Wildlife-Habitat Relationships**,"A study of the interrelationships among wildlife species and their habitats stressing application to conservation of
biological diversity and management of harvested species. Focuses on a review and critique of habitat objectives, an
assessment of habitat components, a discussion of the influence of spatial scales and landscape pattern on habitat
quality, a survey of procedures for evaluating habitat quality, a synopsis of inter-specific interactions as they influence
habitat relationships, and discussions of the influence of natural and human-caused disturbances on habitat. Lec 3.
Course will include field trips on weekends.
Core Curriculum/Core Requirements: Together with WLE 455’ , ‘this course satisfies the General Education
Capstone Experience requirement.
Prerequisites: WLE 250 and WLE 410 or permission.
Corequisites: WLE 455
Course Typically Offered: Spring
Credits: 3",WLE 250 and WLE 410 or permission.,Spring,3
WLE 457,**Ecology and Management of Game Birds**,"This course provides a broad survey of topics relevant to the ecology and management of the ducks, geese, grouse, quail,
and woodcock that are native to North America - species we typically consider “Game Birds” because of their popularity
for human harvest. We’ll place particular emphasis on species that regularly occur in Maine. In doing so we will cover a
number of areas related to avian biology in general, including taxonomy, physiology, behavior, and species’
conservation, and will synthesize across subjects that are relevant to wildlife ecology as a whole. The course content will
include a mix of lectures, class discussions, group and independent projects, and field trips. This class is designed to
meet the University requirement as a writing intensive general elective, and will means that you will required to
complete a major written project as a component of the course and will receive feedback on your writing and have the
opportunity to revise your work. One weekend field trip will be required.
Core Curriculum/Core Requirements: Capstone Experience and Writing Intensive
Prerequisites: WLE Major; Senior Standing or instructor permission
Course Typically Offered: Spring, Even years
Credits: 3",WLE Major; Senior Standing or instructor permission,"Spring, Even years",3
WLE 470,**Wildlife Policy and Administration**,"Development and state and federal wildlife policy in the United States. Procedures for establishing and implementing
policy and current policy issues. Rec 3. Course may have field trips during class times.
Core Curriculum/Core Requirements:
Prerequisites: Junior Standing or permission.
Course Typically Offered: Spring
Credits: 3",Junior Standing or permission.,Spring,3
WLE 479,**Wildlife Conservation in a Changing World**,"The course will focus on the main drivers of global change (e.g. land-use change, climate change) and how they impact
the behavior, ecology and population dynamics of wild animals. Each driver will be analyzed for both the causes (e.g.,
what are the effects of land-use change) and the mitigation (e.g. habitat restoration). The course will contain a mix of
lectures, class/home exercises, discussions of relevant journal articles, student presentations and production of a short
video.
Core Curriculum/Core Requirements:
Prerequisites: WLE 220
Course Typically Offered: Spring, Odd Years
Credits: 3",WLE 220,"Spring, Odd Years",3
WGS 101,"**Introduction to Women’s, Gender, and Sexuality Studies**","An introduction to Women’s, Gender, and Sexuality Studies and to its perspectives. The course will use interdisciplinary
perspectives to begin to examine the categories of gender and sexuality, as they intersect with race, ethnicity, class,
nationality, disability and other sites of social inequality.
Core Curriculum/Core Requirements: Ethics’ , ‘Social Contexts and Institutions’ , ‘and Cultural Diversity and
International Perspectives
Course Typically Offered: Variable
Credits: 3",None,Variable,3
WGS 102,**Introduction to Activism and Community Projects**,"An exploration of Women’s, Gender, and Sexuality Studies methods, histories, and perspectives for enrolled RLE
learners. This course will apply interdisciplinary scholarship to consider matters grounded in Women’s Studies, Gender
Studies, and Sexuality Studies or relating to positive social change. Particular attention is given to activating feminist
theories, namely Brown’s Emergent Strategy. Brown, and assigned texts, detail nuanced relationships of identity, care
networks, and power to build an empirical feminist praxis.
Prerequisites: WGS 101
Course Typically Offered: Variable
Credits: 3",WGS 101,Variable,3
WGS 201,"**Topics in Women’s, Gender, and Sexuality Studies**","An interdisciplinary, second-level study of topics relevant to women, gender, and sexuality. May be taken more than
once for credit if the topics differs. WGS 101 is recommended as a prerequisite.
Core Curriculum/Core Requirements:
Course Typically Offered: Variable
Credits: 3",None,Variable,3
WGS 205,**Introduction to Feminist and Critical Data Analysis**,"The course will feature a certain tension as we learn how to leverage software and mathematical methods to analyze
publicly available data to investigate the history and present of marginalized groups and social inequities. Alongside this
technical and quantitative work, we will consider various critiques of quantitative methods and Western knowledge in
general. WGS 101 - Intro to WGS is a recommended prerequisite.
Core Curriculum/Core Requirements: Quantitative Literacy and Social Context and Institutions
Course Typically Offered: Variable
Credits: 3",None,Variable,3
WGS 206,**Investigating Equity**,"This course explores the ways in which equitable practices and mindsets result in inclusion, and whether and when
inclusivity leads to diversity. After identifying the privileges at work in historical and contemporary contexts, students
construct multimodal projects to represent the way/s that their everyday choices might shape their own and other’s
experience of equity.
Course Note: WGS 101 recommended but not required
Core Curriculum/Core Requirements: Artistic and Creative Expression and Ethics
Course Typically Offered: Variable
Credits: 3",None,Variable,3
WGS 230,"**Women, Health, and the Environment**","This course examines the impact of man-made contaminants and constructs on human health. Using both standard
scientific approaches and feminist analysis, we explore the connections between health issues such as cancer,
autoimmune disease, infertility and gender transition, and substances in the environment and body that impact
health. Students will consider possibilities for conscious change and are encouraged to engage intransformative work.
Core Curriculum/Core Requirements: Ethics and Population and the Environment
Prerequisites: WGS 101 or permission.
Course Typically Offered: Variable
Credits: 3",WGS 101 or permission.,Variable,3
WGS 260,**Gardening as Social Justice**,"This course provides an introductory look into the detailed study of gardening as both a site of social justice and as an
amateur or professional practice. The practice of gardening is rooted in the histories of feminism, Native American
studies, class and food insecurity, racial (in)justice, and more. This class will engage with the history and practice of
gardening through an intersectional lens, to see how marginalized populations have reclaimed gardening to meet their
needs. Students will also learn some of the scientific and ecological practices behind gardening. Students will work to
design their own garden space, modifying and adapting their design as each week goes on, and will end the semester
with a garden design of their own that has taken issues of social and environmental justice in mind.
Course Note: WGS 101 recommended but not required.
Core Curriculum/Core Requirements: Artistic and Creative Expression
Course Typically Offered: Variable
Credits: 3",None,Variable,3
WGS 270,**Gender in Native American Cultures**,"This course explores the concept of gender in indigenous communities of North America. Course materials will explore
historical and contemporary perspectives of gender and sexual orientation to better understand how Native communities
define and practice gender. NAS 101 or WGS 101 is a recommended prerequisite. (WGS 270 and NAS 270 are identical
courses.)
Core Curriculum/Core Requirements: Social Context and Institutions and Cultural Diversity and International
Perspectives
Course Typically Offered: Variable
Credits: 3",None,Variable,3
WGS 298,"**Directed Study in Women’s, Gender, and Sexuality Studies**","Individual study, research, field experience and writing projects in Women’s, Gender, and Sexuality Studies and related
areas, conducted under the guidance of a faculty member associated with the Women’s, Gender, and Sexuality Studies
Program, arranged on request. (Contact the program office for an information sheet.)
Core Curriculum/Core Requirements:
Prerequisites: WGS 101 and Permission.
Course Typically Offered: Variable
Credits: Ar",WGS 101 and Permission.,Variable,N/A
WGS 301,"**Intermediate Topics in Women’s, Gender, and Sexuality Studies**","An interdisciplinary, intermediate study of topics relevant to women, gender, and sexuality. May be taken more than
once for credit if the topics differ. WGS 101 is a recommended prerequisite.
Core Curriculum/Core Requirements:
Course Typically Offered: Variable
Credits: 3",None,Variable,3
WGS 340,**Transnational Feminisms**,"Constraints of geography on social and cultural arrangements are receding, a process with implications for the world’s
women. Diverse transnational feminists provide different lenses on women’s work in factories, immigration, sex
tourism, etc.
Course Typically Offered: Variable
Credits: 3",None,Variable,3
WGS 351,**Authorizing Women’s Sexualities**,"This course explores how 21st century women (trans and cis) in both the US and abroad use fiction, memoir, and other
literary forms to resist, revise, and even reinvent heterosexist narratives about gender identity, love, sexuality, marriage
and family life. How might writers use literary forms to author (and authorize) diverse ideas about women’s sexualities?
Multiple lenses will be used to address this question-from the interpretative practices of narrative theory to the
questions that arise from gender, feminist and queer theories, to research on publishing and the literary marketplace.
Students cannot receive credit for WGS 451 after passing WGS/WST 401 with a topic of Women’s Sexuality.
Prerequisites: Junior Standing; WGS 101 or CHF 351 or permission.
Course Typically Offered: Variable
Credits: 3",Junior Standing; WGS 101 or CHF 351 or permission.,Variable,3
WGS 360,**Gender and Cinema**,"This course examines the connections between gender and cinema by examining gender theory, film criticism, and the
history of the opposed as well as recent activist movements around production, inclusion, and representation. The
course also serves as an introduction to major developments in feminist film theory since its emergence in the 1970s.",None,Unknown,N/A
WGS 371,**Border-crossing: Gendered Perspectives on Modern Migration**,"In response to ongoing global crises of displacement and migration, writers and artists are constantly inventing ways to
circumvent, challenge and soften contested borders of nation, culture, and language. Through the lens of border studies
theory, and by examining diverse writing on and about borders, displacement and diaspora, this course investigates
literary modes of international and intercultural border crossing and facilitates a range of multi-genre written
explorations of different intercultural crossings.
Course Typically Offered: Variable
Credits: 3",None,Variable,3
WGS 401,"**Advanced Topics in Women’s, Gender, and Sexuality Studies**","An advanced, interdisciplinary study of topics such as “Interpersonal Violence” or “Global Feminism”. May be taken
more than once if the topics differ.
Core Curriculum/Core Requirements:
Prerequisites: Junior standing and WGS 101.
Course Typically Offered: Variable
Credits: 3",Junior standing and WGS 101.,Variable,3
WGS 410,"**Feminist, Gender and Queer Theory**","An introduction to the overlapping but sometimes conflicting traditions of feminist, gender, and queer theories.
Core Curriculum/Core Requirements: Writing Intensive
Prerequisites: 6 hours of WGS courses, including WGS 101 or permission.
Course Typically Offered: Variable
Credits: 3","6 hours of WGS courses, including WGS 101 or permission.",Variable,3
WGS 498,"**Directed Study in Women’s, Gender, and Sexuality Studies**","Advanced, individual study, field experience, research and writing projects in Women’s, Gender, and Sexuality Studies
and related areas, conducted under the guidance of a faculty member associated with the Women’s, Gender, and
Sexuality Studies Program, arranged on request. (Contact the program office for an information sheet.)
Core Curriculum/Core Requirements:
Prerequisites: WST 101; junior or senior standing and permission.
Course Typically Offered: Variable
Credits: Ar",WST 101; junior or senior standing and permission.,Variable,N/A
